label,x0,y0,z0,x1,y1,z1,x2,y2,z2,x3,y3,z3,x4,y4,z4,x5,y5,z5,x6,y6,z6,x7,y7,z7,x8,y8,z8,x9,y9,z9,x10,y10,z10,x11,y11,z11,x12,y12,z12,x13,y13,z13,x14,y14,z14,x15,y15,z15,x16,y16,z16,x17,y17,z17,x18,y18,z18,x19,y19,z19,x20,y20,z20
A,0.454662,0.322224,0,0.483465,0.417906,-0.012623,0.544632,0.476782,-0.015036,0.604985,0.489718,-0.020067,0.649117,0.492564,-0.022727,0.589711,0.433005,0.003519,0.629526,0.444754,-0.027075,0.589484,0.430478,-0.04385,0.556761,0.420587,-0.04922,0.592851,0.38237,-0.001185,0.627791,0.394266,-0.03672,0.570607,0.388059,-0.048187,0.531898,0.381293,-0.047664,0.590869,0.334815,-0.010777,0.625886,0.344527,-0.046594,0.566607,0.345917,-0.043921,0.526121,0.343558,-0.031942,0.582943,0.284553,-0.021443,0.616465,0.294661,-0.045069,0.57785,0.302344,-0.042085,0.546101,0.305833,-0.033439
A,0.433117,0.451034,0,0.4716,0.529605,-0.014323,0.527156,0.573892,-0.018751,0.582037,0.584345,-0.02612,0.625712,0.599209,-0.031246,0.574414,0.539382,0.005607,0.60906,0.541427,-0.026,0.570656,0.528891,-0.045133,0.535273,0.521475,-0.051287,0.573153,0.489058,0.00291,0.602829,0.490909,-0.032254,0.551648,0.483613,-0.042796,0.511953,0.483563,-0.040611,0.566773,0.441688,-0.005308,0.593148,0.442702,-0.040416,0.542049,0.446334,-0.03653,0.50411,0.453206,-0.022637,0.554831,0.393317,-0.014785,0.58261,0.398185,-0.036503,0.547812,0.409851,-0.030874,0.520227,0.420339,-0.019285
A,0.432467,0.440944,0,0.468373,0.518703,-0.014675,0.52303,0.564264,-0.019076,0.577558,0.575531,-0.026153,0.621688,0.58246,-0.031248,0.569417,0.52767,0.002817,0.607287,0.527726,-0.028138,0.570295,0.512677,-0.047205,0.533603,0.505555,-0.053523,0.56797,0.476432,0.000315,0.60019,0.47432,-0.034437,0.549156,0.467893,-0.045185,0.507473,0.469153,-0.043634,0.561986,0.428939,-0.007529,0.59046,0.425004,-0.041356,0.539823,0.429933,-0.038923,0.500734,0.438749,-0.026888,0.551324,0.381154,-0.016683,0.580128,0.3794,-0.037774,0.546146,0.390668,-0.033822,0.517597,0.403408,-0.024261
A,0.430714,0.43836,0,0.466455,0.515768,-0.012541,0.520781,0.559312,-0.015028,0.574884,0.57078,-0.020773,0.619139,0.577556,-0.024596,0.567158,0.520781,0.00949,0.602159,0.524211,-0.020139,0.564988,0.511337,-0.03862,0.529721,0.504978,-0.044781,0.566183,0.472823,0.006294,0.597327,0.47357,-0.027109,0.547765,0.467679,-0.038349,0.508536,0.468219,-0.037226,0.5604,0.426732,-0.002422,0.589067,0.425039,-0.035793,0.538493,0.430469,-0.034068,0.500276,0.438616,-0.022475,0.54918,0.379407,-0.012302,0.57839,0.378408,-0.03337,0.54416,0.391697,-0.030101,0.514907,0.406012,-0.020932
A,0.422491,0.425156,0,0.457446,0.505725,-0.013727,0.509746,0.551848,-0.017948,0.565317,0.564312,-0.025117,0.610323,0.57183,-0.030639,0.556733,0.517897,0.004863,0.594871,0.518187,-0.026185,0.560535,0.504512,-0.046011,0.524731,0.497742,-0.052943,0.556806,0.467376,0.001924,0.589213,0.465962,-0.032463,0.540353,0.460452,-0.044156,0.499518,0.461207,-0.0436,0.551481,0.420143,-0.006335,0.580401,0.417569,-0.039944,0.531634,0.422319,-0.038197,0.493123,0.4297,-0.026831,0.54064,0.371613,-0.015902,0.571873,0.371807,-0.03711,0.538087,0.383863,-0.033603,0.508326,0.396937,-0.024427
A,0.418607,0.429271,0,0.456566,0.507715,-0.013161,0.509021,0.552497,-0.017452,0.562631,0.564197,-0.025296,0.608812,0.569121,-0.03135,0.555526,0.515679,0.006566,0.593457,0.518951,-0.026539,0.557775,0.507594,-0.047588,0.521717,0.500775,-0.054488,0.555171,0.467225,0.003041,0.585194,0.468882,-0.032574,0.535008,0.464032,-0.044453,0.49506,0.463709,-0.043504,0.549025,0.421021,-0.006123,0.577904,0.421529,-0.040486,0.528006,0.426243,-0.037574,0.489498,0.431691,-0.024863,0.537569,0.372854,-0.016705,0.569061,0.37433,-0.037992,0.536512,0.386979,-0.033565,0.508017,0.397956,-0.023304
A,0.421481,0.43143,0,0.455628,0.509046,-0.012645,0.507983,0.553285,-0.015769,0.561428,0.566074,-0.022171,0.605674,0.572204,-0.026835,0.554575,0.515516,0.007865,0.591079,0.520755,-0.02339,0.55551,0.509251,-0.043069,0.519883,0.502291,-0.049558,0.553922,0.467724,0.004647,0.584788,0.470381,-0.029584,0.534696,0.465087,-0.041058,0.495239,0.464618,-0.040048,0.54792,0.421356,-0.004076,0.576974,0.422722,-0.038279,0.526569,0.428221,-0.036219,0.488312,0.434338,-0.024145,0.536829,0.372935,-0.013941,0.567107,0.375217,-0.035519,0.533878,0.3894,-0.031959,0.50509,0.401804,-0.022415
A,0.421481,0.43143,0,0.455628,0.509046,-0.012645,0.507983,0.553285,-0.015769,0.561428,0.566074,-0.022171,0.605674,0.572204,-0.026835,0.554575,0.515516,0.007865,0.591079,0.520755,-0.02339,0.55551,0.509251,-0.043069,0.519883,0.502291,-0.049558,0.553922,0.467724,0.004647,0.584788,0.470381,-0.029584,0.534696,0.465087,-0.041058,0.495239,0.464618,-0.040048,0.54792,0.421356,-0.004076,0.576974,0.422722,-0.038279,0.526569,0.428221,-0.036219,0.488312,0.434338,-0.024145,0.536829,0.372935,-0.013941,0.567107,0.375217,-0.035519,0.533878,0.3894,-0.031959,0.50509,0.401804,-0.022415
A,0.419214,0.429866,0,0.456166,0.509705,-0.012509,0.508188,0.553487,-0.016277,0.562236,0.565028,-0.023468,0.60722,0.571655,-0.029037,0.554385,0.5186,0.007737,0.590123,0.520213,-0.023866,0.554883,0.507511,-0.044265,0.519418,0.500973,-0.051316,0.554428,0.469419,0.004301,0.583839,0.469216,-0.030448,0.5345,0.463181,-0.042249,0.494343,0.463851,-0.041444,0.548668,0.42264,-0.004591,0.57561,0.421933,-0.038746,0.526523,0.426555,-0.036482,0.488403,0.433679,-0.024306,0.537061,0.374287,-0.014705,0.566303,0.375983,-0.036115,0.532678,0.389127,-0.032097,0.503845,0.402247,-0.022205
A,0.416173,0.416538,0,0.454918,0.498274,-0.011093,0.510271,0.538727,-0.013522,0.56245,0.551367,-0.01991,0.605161,0.557115,-0.024536,0.553202,0.503191,0.012543,0.589076,0.509789,-0.01774,0.553785,0.499966,-0.038184,0.518992,0.492399,-0.045361,0.553272,0.456378,0.008217,0.583859,0.461218,-0.025341,0.536389,0.457911,-0.038473,0.496655,0.455515,-0.038561,0.547566,0.410196,-0.001656,0.573519,0.413251,-0.034374,0.526626,0.419073,-0.034085,0.488858,0.423181,-0.023299,0.536578,0.362903,-0.012764,0.563905,0.369172,-0.032578,0.53287,0.381374,-0.029459,0.504365,0.39059,-0.020535
A,0.411338,0.41283,0,0.443793,0.49512,-0.012106,0.499407,0.540759,-0.014684,0.554664,0.55221,-0.020313,0.59583,0.554959,-0.02363,0.545468,0.504537,0.007927,0.585041,0.508138,-0.021977,0.54635,0.496428,-0.039375,0.511669,0.488414,-0.044724,0.544783,0.456414,0.004374,0.57687,0.457075,-0.028914,0.526474,0.452795,-0.03982,0.490516,0.45023,-0.03911,0.538832,0.409976,-0.004426,0.569527,0.40848,-0.037594,0.51947,0.412365,-0.034946,0.484293,0.41601,-0.023165,0.527526,0.361834,-0.014312,0.560357,0.361498,-0.034493,0.526594,0.375314,-0.030687,0.498077,0.386711,-0.021625
A,0.411338,0.41283,0,0.443793,0.49512,-0.012106,0.499407,0.540759,-0.014684,0.554664,0.55221,-0.020313,0.59583,0.554959,-0.02363,0.545468,0.504537,0.007927,0.585041,0.508138,-0.021977,0.54635,0.496428,-0.039375,0.511669,0.488414,-0.044724,0.544783,0.456414,0.004374,0.57687,0.457075,-0.028914,0.526474,0.452795,-0.03982,0.490516,0.45023,-0.03911,0.538832,0.409976,-0.004426,0.569527,0.40848,-0.037594,0.51947,0.412365,-0.034946,0.484293,0.41601,-0.023165,0.527526,0.361834,-0.014312,0.560357,0.361498,-0.034493,0.526594,0.375314,-0.030687,0.498077,0.386711,-0.021625
A,0.416278,0.418094,0,0.448038,0.492565,-0.013755,0.500935,0.537299,-0.016637,0.553654,0.549232,-0.022228,0.596965,0.555649,-0.026127,0.547551,0.497777,0.006431,0.580557,0.501705,-0.022966,0.54501,0.490881,-0.041687,0.510804,0.485529,-0.048125,0.54673,0.449576,0.003734,0.576176,0.45237,-0.029441,0.527091,0.449237,-0.040902,0.488009,0.45008,-0.040051,0.540681,0.403832,-0.004294,0.567921,0.404212,-0.03742,0.519263,0.41148,-0.036348,0.481775,0.418592,-0.025378,0.529822,0.356631,-0.013512,0.55749,0.358506,-0.034652,0.525441,0.37173,-0.031853,0.497277,0.383907,-0.023209
A,0.413717,0.409125,0,0.449668,0.498408,-0.011396,0.505216,0.545498,-0.013824,0.562533,0.55765,-0.019951,0.604965,0.563666,-0.024067,0.549062,0.51235,0.012284,0.58829,0.51612,-0.018986,0.552739,0.504013,-0.039815,0.517594,0.494564,-0.0476,0.548926,0.463537,0.007983,0.582201,0.464076,-0.02624,0.534601,0.459242,-0.03996,0.496878,0.454953,-0.041397,0.543617,0.416964,-0.001941,0.573583,0.416042,-0.035471,0.525856,0.419494,-0.035287,0.489615,0.421349,-0.025284,0.533405,0.368576,-0.01313,0.563159,0.3703,-0.033911,0.53101,0.381153,-0.031865,0.502824,0.39054,-0.024176
A,0.416347,0.422723,0,0.45151,0.502501,-0.011266,0.505812,0.545068,-0.013515,0.558498,0.55526,-0.019138,0.60025,0.561041,-0.023235,0.547232,0.505819,0.009081,0.582295,0.51165,-0.020121,0.547986,0.50069,-0.039416,0.513356,0.493002,-0.046138,0.547205,0.458349,0.005785,0.576194,0.462077,-0.026125,0.52959,0.457912,-0.037693,0.490808,0.456037,-0.037579,0.541925,0.413167,-0.002762,0.570889,0.416398,-0.03353,0.525234,0.421542,-0.032185,0.487922,0.424862,-0.021786,0.531953,0.366099,-0.012536,0.560566,0.371322,-0.031535,0.530246,0.384049,-0.028531,0.502174,0.39357,-0.020255
A,0.41754,0.417761,0,0.466948,0.518618,-0.01571,0.530482,0.567224,-0.021197,0.588766,0.582989,-0.029963,0.633184,0.600968,-0.035535,0.585666,0.513511,0.007937,0.632546,0.524335,-0.023964,0.586828,0.518181,-0.046294,0.548007,0.505213,-0.05513,0.582532,0.464569,0.005122,0.622004,0.474118,-0.028615,0.570434,0.474906,-0.042549,0.529803,0.46627,-0.044523,0.574871,0.418614,-0.003749,0.61031,0.43191,-0.035028,0.56358,0.439023,-0.032232,0.525497,0.435512,-0.021489,0.56316,0.371685,-0.014686,0.592554,0.39215,-0.03472,0.559201,0.403168,-0.030026,0.530284,0.403769,-0.020255
A,0.487601,0.521235,0,0.518428,0.604091,-0.0148,0.578988,0.647818,-0.019955,0.638008,0.658772,-0.027678,0.672097,0.692587,-0.033666,0.626338,0.61283,0.002495,0.661212,0.610725,-0.026061,0.621704,0.598993,-0.04398,0.584827,0.593892,-0.050998,0.623388,0.559616,-0.000396,0.654672,0.559487,-0.03348,0.604187,0.55705,-0.044953,0.562985,0.555526,-0.045116,0.615254,0.510829,-0.008211,0.643172,0.511989,-0.042872,0.591868,0.518977,-0.041627,0.551439,0.523784,-0.030904,0.602402,0.462105,-0.017084,0.629019,0.468925,-0.04108,0.593262,0.480813,-0.038699,0.562808,0.489923,-0.030206
A,0.482563,0.483513,0,0.515787,0.561437,-0.014205,0.575068,0.600348,-0.018978,0.631604,0.607415,-0.026553,0.665629,0.636825,-0.032578,0.621677,0.564748,0.002841,0.65794,0.560797,-0.026284,0.619651,0.550203,-0.045247,0.58138,0.545683,-0.052381,0.617522,0.512211,0.000015,0.648766,0.507593,-0.03268,0.600109,0.5069,-0.044727,0.55868,0.508127,-0.045156,0.608408,0.464384,-0.007735,0.637895,0.459161,-0.040733,0.589004,0.468376,-0.040189,0.548026,0.476413,-0.030236,0.594989,0.416488,-0.016644,0.623547,0.415416,-0.038921,0.591089,0.429397,-0.036822,0.560601,0.442192,-0.028715
A,0.492372,0.474762,0,0.521259,0.553256,-0.013811,0.583368,0.591763,-0.016307,0.641056,0.594462,-0.02092,0.67445,0.622153,-0.023915,0.626214,0.548757,0.002213,0.661546,0.544535,-0.025897,0.621746,0.533378,-0.042347,0.585085,0.530578,-0.04811,0.622454,0.496092,-0.000134,0.655836,0.490897,-0.034324,0.602802,0.491492,-0.045294,0.561215,0.494119,-0.044086,0.613996,0.449795,-0.007184,0.648378,0.442497,-0.042375,0.593991,0.454449,-0.040525,0.552878,0.464549,-0.028907,0.600366,0.404209,-0.015138,0.630753,0.400946,-0.040197,0.593884,0.415544,-0.038406,0.563367,0.429221,-0.029967
A,0.497789,0.447032,0,0.520241,0.52049,-0.011481,0.577004,0.568495,-0.012809,0.625917,0.582189,-0.015364,0.661556,0.599539,-0.016643,0.616727,0.530675,-0.00433,0.651607,0.521832,-0.032673,0.612839,0.512496,-0.048538,0.581001,0.51431,-0.054129,0.617269,0.479897,-0.008055,0.644257,0.473387,-0.041359,0.593728,0.474036,-0.053767,0.558811,0.477177,-0.054654,0.608456,0.437801,-0.015275,0.636005,0.427782,-0.047738,0.587051,0.435455,-0.047971,0.553459,0.441671,-0.039589,0.59434,0.399567,-0.023061,0.617042,0.391865,-0.045014,0.585984,0.399868,-0.043659,0.561237,0.409462,-0.036659
A,0.473786,0.434835,0,0.510766,0.513987,-0.017458,0.568964,0.554306,-0.023199,0.628039,0.562218,-0.031157,0.665746,0.5908,-0.037058,0.609341,0.515157,0.003279,0.649997,0.505328,-0.02992,0.612394,0.496927,-0.050467,0.575776,0.497419,-0.057953,0.605625,0.462841,0.001718,0.641446,0.452981,-0.036283,0.591885,0.455314,-0.049591,0.551459,0.462359,-0.049259,0.596963,0.417278,-0.005621,0.628771,0.404836,-0.04315,0.579223,0.414991,-0.0419,0.540907,0.427788,-0.029711,0.583362,0.371965,-0.014447,0.613954,0.360976,-0.03905,0.579969,0.375979,-0.037011,0.550326,0.394321,-0.027967
A,0.477461,0.430353,0,0.508287,0.506115,-0.019016,0.568855,0.545254,-0.02439,0.625748,0.550456,-0.030974,0.661255,0.574481,-0.03525,0.611167,0.502102,-0.004913,0.645274,0.492213,-0.036414,0.604899,0.481159,-0.053859,0.568728,0.47995,-0.059769,0.606637,0.44879,-0.005523,0.638424,0.437948,-0.043472,0.58542,0.44066,-0.054419,0.544574,0.447468,-0.052679,0.597847,0.402937,-0.011364,0.628321,0.389577,-0.049382,0.575266,0.403325,-0.047165,0.535478,0.417967,-0.034787,0.58468,0.358581,-0.018656,0.610871,0.349658,-0.044933,0.575774,0.364781,-0.043744,0.547301,0.382093,-0.035574
A,0.47063,0.419871,0,0.500903,0.493291,-0.018234,0.560905,0.530764,-0.022686,0.617671,0.534321,-0.028084,0.656344,0.555333,-0.031393,0.601808,0.486862,-0.000635,0.634992,0.479491,-0.02968,0.596437,0.471436,-0.046401,0.562199,0.471532,-0.052191,0.598052,0.436274,-0.001174,0.630358,0.430429,-0.035097,0.579829,0.432475,-0.046144,0.541094,0.437852,-0.045049,0.589326,0.391698,-0.006852,0.620059,0.383343,-0.041897,0.569195,0.394781,-0.040146,0.531908,0.406054,-0.028581,0.575055,0.347635,-0.013844,0.603833,0.340465,-0.038227,0.569374,0.35587,-0.036152,0.540577,0.372514,-0.027567
A,0.471375,0.418193,0,0.501638,0.493915,-0.020646,0.559789,0.533489,-0.026689,0.613684,0.534846,-0.033426,0.651036,0.552324,-0.037628,0.604066,0.48463,-0.005827,0.636195,0.475856,-0.037199,0.59603,0.465817,-0.054442,0.559919,0.466681,-0.059982,0.598708,0.432473,-0.005608,0.628583,0.423576,-0.043007,0.577536,0.426665,-0.053726,0.537064,0.4357,-0.051566,0.589459,0.387054,-0.010797,0.617,0.376721,-0.048142,0.566604,0.390955,-0.046097,0.528317,0.406906,-0.033697,0.575512,0.343403,-0.017551,0.600105,0.337539,-0.043116,0.565495,0.353542,-0.041583,0.537191,0.371365,-0.032992
A,0.461725,0.406465,0,0.488384,0.47213,-0.017895,0.546641,0.51515,-0.022484,0.59909,0.520415,-0.027611,0.638338,0.531478,-0.030477,0.593213,0.472319,-0.004704,0.624805,0.463897,-0.034095,0.5849,0.455995,-0.050179,0.550714,0.455882,-0.055339,0.590556,0.422753,-0.005404,0.617898,0.414871,-0.039665,0.565214,0.418171,-0.049806,0.528113,0.422724,-0.048079,0.581897,0.379213,-0.010872,0.609747,0.366735,-0.045227,0.557759,0.381154,-0.042607,0.522043,0.393316,-0.031175,0.567652,0.336746,-0.017593,0.589925,0.328098,-0.041618,0.553738,0.344538,-0.039387,0.526895,0.361306,-0.030869
A,0.459199,0.397757,0,0.484452,0.463396,-0.018571,0.544699,0.502989,-0.023099,0.599826,0.50789,-0.027529,0.637247,0.528625,-0.02925,0.588464,0.462572,-0.005624,0.619766,0.45322,-0.033713,0.579062,0.444912,-0.046957,0.546983,0.446176,-0.050511,0.585545,0.413207,-0.005711,0.614579,0.404664,-0.038862,0.561922,0.407343,-0.046564,0.527497,0.413168,-0.043213,0.576989,0.370275,-0.010549,0.603427,0.356787,-0.045299,0.550262,0.369421,-0.040587,0.516523,0.381975,-0.027442,0.563304,0.328504,-0.016532,0.586175,0.316691,-0.040818,0.549926,0.332313,-0.037599,0.524738,0.350047,-0.028257
A,0.462843,0.396467,0,0.487221,0.463011,-0.018437,0.548425,0.505859,-0.022472,0.60341,0.510541,-0.026508,0.641727,0.528349,-0.027826,0.594345,0.46405,-0.0053,0.627075,0.454813,-0.033147,0.585796,0.44859,-0.046753,0.553464,0.450043,-0.050672,0.592185,0.415099,-0.00549,0.618419,0.406145,-0.039248,0.564206,0.411118,-0.048301,0.529718,0.416232,-0.045964,0.584069,0.371955,-0.010345,0.610052,0.357577,-0.044839,0.556629,0.372533,-0.041345,0.523131,0.384605,-0.029429,0.57073,0.329319,-0.016399,0.590875,0.318661,-0.040534,0.553319,0.335001,-0.038077,0.528191,0.351879,-0.029504
A,0.472201,0.39607,0,0.495534,0.463722,-0.019238,0.552848,0.508073,-0.024003,0.607219,0.511478,-0.028942,0.646237,0.525431,-0.031169,0.600332,0.467727,-0.005021,0.634206,0.460418,-0.035051,0.59322,0.449937,-0.050725,0.560117,0.44903,-0.0553,0.598446,0.41801,-0.005048,0.628346,0.410963,-0.039143,0.575542,0.41097,-0.048117,0.540275,0.415441,-0.04533,0.591336,0.374088,-0.010098,0.619667,0.362288,-0.045464,0.567102,0.371763,-0.041622,0.532545,0.382307,-0.02865,0.579233,0.330467,-0.016418,0.605419,0.320586,-0.040588,0.568901,0.334353,-0.037066,0.541478,0.350702,-0.027232
A,0.491957,0.382379,0,0.50739,0.456242,-0.015286,0.562892,0.504604,-0.017064,0.617604,0.514531,-0.019443,0.653739,0.531716,-0.01951,0.606004,0.47706,-0.005145,0.648729,0.471228,-0.033995,0.608359,0.454842,-0.047702,0.574779,0.45216,-0.05116,0.609704,0.427448,-0.006639,0.644301,0.419615,-0.041263,0.591686,0.414754,-0.051456,0.555654,0.416031,-0.049863,0.606477,0.383392,-0.012529,0.63788,0.371474,-0.047262,0.584612,0.375922,-0.046228,0.548209,0.384237,-0.03597,0.597642,0.340091,-0.019294,0.625263,0.330274,-0.043587,0.590549,0.338321,-0.043362,0.562402,0.351045,-0.036515
A,0.492551,0.384771,0,0.512365,0.456599,-0.014918,0.567039,0.50267,-0.016358,0.622278,0.512627,-0.01872,0.66003,0.530187,-0.018607,0.612368,0.474835,0.001165,0.654314,0.466772,-0.027024,0.614975,0.45108,-0.041506,0.581085,0.448437,-0.045393,0.614809,0.42522,0.000133,0.651178,0.415157,-0.034408,0.599292,0.410255,-0.045132,0.562454,0.412087,-0.043116,0.611351,0.381288,-0.005601,0.647283,0.368039,-0.041223,0.594046,0.370931,-0.039675,0.557462,0.378108,-0.028033,0.60221,0.33774,-0.01218,0.631867,0.326746,-0.037558,0.595479,0.333913,-0.036534,0.566719,0.346864,-0.028149
A,0.495849,0.376901,0,0.515047,0.45175,-0.014455,0.571965,0.499023,-0.016402,0.629073,0.510971,-0.019655,0.667159,0.528381,-0.020125,0.6203,0.469319,0.001927,0.666335,0.466552,-0.026422,0.626848,0.452132,-0.041016,0.593471,0.448646,-0.045267,0.621973,0.420343,0.000064,0.663786,0.414813,-0.032297,0.612589,0.411559,-0.041592,0.578411,0.414796,-0.039807,0.617689,0.375579,-0.006778,0.656795,0.367385,-0.04009,0.605282,0.37121,-0.037514,0.571658,0.378161,-0.026407,0.60824,0.330641,-0.014625,0.640133,0.32292,-0.037501,0.604963,0.331248,-0.035721,0.577138,0.34299,-0.027929
A,0.494002,0.378663,0,0.513577,0.448894,-0.018878,0.569065,0.496857,-0.021988,0.625489,0.508258,-0.024742,0.665899,0.522752,-0.023914,0.617504,0.467205,-0.003658,0.662181,0.462762,-0.032125,0.622795,0.449702,-0.044425,0.590995,0.44747,-0.046625,0.61954,0.417436,-0.002731,0.660045,0.40968,-0.035281,0.608451,0.407322,-0.042268,0.576179,0.413409,-0.038462,0.615828,0.372038,-0.007051,0.65265,0.361488,-0.041282,0.600461,0.36633,-0.037044,0.568074,0.37623,-0.024247,0.606605,0.326859,-0.01264,0.635946,0.317201,-0.036222,0.599817,0.326066,-0.034002,0.573399,0.339533,-0.025459
A,0.5009,0.383495,0,0.519016,0.455861,-0.019934,0.57632,0.501528,-0.024645,0.635114,0.511624,-0.029169,0.674011,0.53214,-0.030042,0.626283,0.477117,-0.005418,0.670964,0.469531,-0.036217,0.630387,0.456512,-0.05029,0.598811,0.455395,-0.053658,0.626677,0.425718,-0.004739,0.665018,0.41712,-0.039007,0.612582,0.413716,-0.045578,0.582082,0.420182,-0.041425,0.621553,0.378477,-0.009608,0.656671,0.367879,-0.046505,0.604246,0.371191,-0.04134,0.57314,0.381909,-0.027286,0.611635,0.331752,-0.015721,0.641261,0.322481,-0.040607,0.605084,0.331037,-0.037312,0.579624,0.345024,-0.027649
A,0.505915,0.382319,0,0.520656,0.45536,-0.016955,0.57835,0.506664,-0.019102,0.636767,0.517354,-0.021037,0.675148,0.533397,-0.01926,0.627588,0.476685,-0.003995,0.669391,0.468393,-0.032548,0.62653,0.45628,-0.044794,0.597199,0.458127,-0.047715,0.62903,0.424873,-0.004572,0.667222,0.417657,-0.037192,0.611985,0.417177,-0.043558,0.582653,0.423271,-0.040056,0.624696,0.378455,-0.010118,0.661857,0.369099,-0.044852,0.606368,0.375535,-0.039206,0.575953,0.385042,-0.0262,0.615623,0.332751,-0.016718,0.643029,0.323525,-0.041182,0.604699,0.333529,-0.038549,0.580007,0.346564,-0.03008
A,0.50724,0.38747,0,0.523254,0.457191,-0.020259,0.578723,0.505532,-0.024275,0.636613,0.516498,-0.027502,0.676875,0.535148,-0.02674,0.626892,0.478426,-0.007302,0.672434,0.471503,-0.037256,0.631683,0.459606,-0.04971,0.600854,0.458384,-0.051971,0.62768,0.428029,-0.006019,0.667235,0.419479,-0.039332,0.614098,0.417348,-0.044984,0.584804,0.423824,-0.040386,0.623136,0.381828,-0.010096,0.659413,0.371201,-0.046579,0.606098,0.375669,-0.040798,0.576053,0.386369,-0.02651,0.614151,0.336006,-0.015365,0.643096,0.326478,-0.040566,0.606592,0.335372,-0.037305,0.58201,0.348759,-0.027673
A,0.502879,0.385396,0,0.518999,0.45739,-0.020946,0.573963,0.504914,-0.025697,0.632004,0.514521,-0.029657,0.671993,0.531274,-0.029994,0.625435,0.473636,-0.010037,0.669513,0.466585,-0.039006,0.628667,0.454309,-0.051153,0.59726,0.450778,-0.0536,0.625498,0.424105,-0.008634,0.665794,0.414087,-0.040825,0.614208,0.411623,-0.045721,0.58364,0.416604,-0.041043,0.620271,0.378609,-0.012327,0.656809,0.366772,-0.047751,0.604199,0.371181,-0.040898,0.573748,0.380713,-0.0265,0.610116,0.332634,-0.017378,0.639454,0.324414,-0.043049,0.60253,0.334242,-0.039457,0.577791,0.348003,-0.029786
A,0.503079,0.408229,0,0.526184,0.477714,-0.02271,0.579536,0.517426,-0.029816,0.633255,0.519066,-0.036281,0.67349,0.530361,-0.039355,0.628864,0.4831,-0.009405,0.668235,0.471805,-0.040297,0.627104,0.462087,-0.054872,0.594655,0.462096,-0.058469,0.625925,0.434584,-0.007459,0.659661,0.421185,-0.042176,0.608682,0.420746,-0.048815,0.577968,0.429682,-0.044176,0.618019,0.3905,-0.010981,0.648262,0.375065,-0.047844,0.599341,0.382661,-0.041647,0.571082,0.396086,-0.026653,0.605465,0.346799,-0.015928,0.633068,0.335188,-0.040647,0.597958,0.347704,-0.035388,0.575029,0.363769,-0.023994
A,0.490087,0.439552,0,0.514237,0.504881,-0.02003,0.569165,0.543784,-0.025469,0.62458,0.545809,-0.030427,0.66383,0.558256,-0.032115,0.617422,0.506223,-0.007763,0.653473,0.492906,-0.034513,0.61311,0.486369,-0.046746,0.582114,0.487822,-0.049887,0.612346,0.459405,-0.006429,0.644128,0.444513,-0.036564,0.594504,0.450029,-0.042053,0.56554,0.45899,-0.038461,0.602113,0.417346,-0.00988,0.633206,0.400948,-0.042879,0.585323,0.413939,-0.036827,0.557301,0.425997,-0.023662,0.587271,0.374632,-0.014591,0.615013,0.364284,-0.037876,0.581269,0.379776,-0.033643,0.558145,0.394546,-0.023907
A,0.49368,0.41309,0,0.514281,0.477789,-0.021894,0.569103,0.517625,-0.027723,0.623509,0.519917,-0.032405,0.663002,0.5312,-0.03348,0.617153,0.481703,-0.011229,0.654285,0.467649,-0.039431,0.613447,0.460704,-0.05101,0.583099,0.463882,-0.053243,0.612851,0.434083,-0.00892,0.644483,0.419434,-0.040761,0.593834,0.424838,-0.045305,0.566337,0.436058,-0.040422,0.603557,0.391413,-0.011605,0.635193,0.374856,-0.046583,0.585169,0.388261,-0.03986,0.557361,0.402956,-0.02565,0.589244,0.349109,-0.015585,0.614995,0.33698,-0.040885,0.580364,0.353502,-0.037314,0.558273,0.370941,-0.027518
A,0.492451,0.402357,0,0.512176,0.467707,-0.022253,0.569861,0.506844,-0.026907,0.626798,0.507488,-0.029771,0.666541,0.518632,-0.028838,0.615042,0.470364,-0.011282,0.652156,0.454547,-0.037766,0.610582,0.448631,-0.047379,0.580576,0.452213,-0.048552,0.611393,0.422161,-0.008189,0.644537,0.405557,-0.039159,0.592786,0.412251,-0.043067,0.565301,0.423496,-0.037674,0.602583,0.379849,-0.009967,0.634962,0.360324,-0.044184,0.583946,0.375138,-0.037509,0.556545,0.390432,-0.023495,0.588304,0.338648,-0.013032,0.613746,0.324742,-0.037997,0.578561,0.340666,-0.034877,0.557085,0.35804,-0.025624
A,0.491605,0.388296,0,0.509993,0.452677,-0.021775,0.567653,0.493127,-0.026519,0.62386,0.49489,-0.029625,0.663704,0.504673,-0.029183,0.614018,0.457364,-0.012518,0.651346,0.44261,-0.039609,0.610124,0.436184,-0.049614,0.579459,0.438928,-0.050846,0.610142,0.408898,-0.009866,0.642769,0.394081,-0.041235,0.590597,0.400155,-0.045,0.56238,0.410115,-0.039504,0.601396,0.365924,-0.012,0.634262,0.348898,-0.046542,0.582695,0.363124,-0.039539,0.5544,0.376772,-0.025279,0.587616,0.323495,-0.015373,0.614242,0.311882,-0.040449,0.578769,0.32711,-0.036903,0.556716,0.342361,-0.02736
A,0.489459,0.375313,0,0.508738,0.442056,-0.022721,0.564641,0.482977,-0.027856,0.621908,0.486517,-0.031381,0.66316,0.497484,-0.031046,0.611927,0.449158,-0.010541,0.652273,0.435343,-0.038736,0.610861,0.427159,-0.05042,0.580278,0.428888,-0.052822,0.609544,0.400748,-0.007602,0.646512,0.386042,-0.039972,0.594579,0.388746,-0.04521,0.565084,0.397074,-0.040574,0.602467,0.357818,-0.009789,0.636564,0.339401,-0.044953,0.585894,0.349626,-0.038647,0.557049,0.362664,-0.02451,0.590969,0.315664,-0.013442,0.618526,0.301045,-0.038311,0.583873,0.313115,-0.03504,0.561086,0.328919,-0.02566
A,0.492245,0.374491,0,0.509512,0.440503,-0.022116,0.56684,0.483123,-0.027275,0.62424,0.487972,-0.031021,0.663825,0.500058,-0.03119,0.615413,0.451319,-0.011942,0.653958,0.436048,-0.040762,0.61214,0.427128,-0.052395,0.581284,0.42994,-0.054511,0.612749,0.401369,-0.009342,0.646764,0.386516,-0.042153,0.594092,0.390036,-0.046389,0.565234,0.400196,-0.041034,0.605463,0.357097,-0.01179,0.639603,0.340417,-0.047793,0.587425,0.35117,-0.040702,0.558273,0.364016,-0.025974,0.593707,0.313112,-0.015569,0.621679,0.301545,-0.041462,0.58518,0.314521,-0.037917,0.561682,0.329527,-0.028095
A,0.492406,0.368835,0,0.510236,0.43404,-0.023831,0.56563,0.476532,-0.029807,0.621892,0.481438,-0.033978,0.662752,0.491511,-0.034423,0.614188,0.443558,-0.012932,0.652828,0.429596,-0.04205,0.611415,0.420613,-0.053793,0.579746,0.422647,-0.055774,0.611689,0.394245,-0.009638,0.645927,0.379635,-0.042819,0.593753,0.382607,-0.047567,0.564363,0.392895,-0.04223,0.604458,0.350473,-0.011542,0.637788,0.333697,-0.047379,0.586337,0.344266,-0.040692,0.557432,0.357667,-0.026099,0.592164,0.307551,-0.014942,0.619614,0.295351,-0.040506,0.583883,0.307847,-0.036965,0.560958,0.323028,-0.02711
A,0.493373,0.368545,0,0.509895,0.4344,-0.025587,0.564677,0.479062,-0.032559,0.621941,0.483313,-0.037454,0.663084,0.494388,-0.037987,0.616521,0.444118,-0.014736,0.656965,0.43069,-0.045223,0.613469,0.422085,-0.056637,0.582404,0.424523,-0.05811,0.613535,0.395192,-0.010759,0.647025,0.380649,-0.044683,0.593412,0.384284,-0.048016,0.566916,0.395462,-0.041709,0.605976,0.351413,-0.012336,0.639336,0.335598,-0.049682,0.586641,0.34662,-0.041195,0.559847,0.360455,-0.025079,0.593677,0.30759,-0.015543,0.62118,0.296049,-0.04238,0.583907,0.310087,-0.038039,0.561875,0.32549,-0.027225
A,0.493075,0.369616,0,0.51286,0.436325,-0.025227,0.567716,0.478848,-0.032601,0.624417,0.4842,-0.038174,0.665528,0.496092,-0.039345,0.61718,0.444282,-0.014801,0.659024,0.430516,-0.046297,0.615338,0.421507,-0.058509,0.583508,0.423412,-0.060398,0.613999,0.396022,-0.011361,0.649739,0.380518,-0.046452,0.596016,0.383314,-0.050117,0.568152,0.394417,-0.043753,0.606302,0.35259,-0.013549,0.640278,0.335396,-0.051277,0.588474,0.346112,-0.042591,0.561543,0.360761,-0.026131,0.593937,0.309326,-0.017436,0.622319,0.296243,-0.043826,0.585918,0.310077,-0.039032,0.563724,0.325869,-0.027922
A,0.491299,0.369313,0,0.512511,0.436256,-0.024199,0.569576,0.475986,-0.031938,0.626579,0.484935,-0.038324,0.657881,0.516358,-0.040127,0.616973,0.448674,-0.011446,0.657798,0.427683,-0.042253,0.613396,0.418125,-0.054407,0.583152,0.422552,-0.056833,0.614838,0.398723,-0.008578,0.65035,0.37794,-0.043276,0.596204,0.379302,-0.046858,0.568767,0.389897,-0.04069,0.607645,0.353861,-0.011348,0.640098,0.333847,-0.04952,0.587738,0.342084,-0.04119,0.56069,0.356181,-0.024841,0.59616,0.309889,-0.015675,0.623208,0.295881,-0.042141,0.586559,0.308445,-0.03764,0.564131,0.324233,-0.026689
A,0.494097,0.376294,0,0.517074,0.441022,-0.023131,0.572334,0.475369,-0.030157,0.626727,0.478128,-0.037107,0.665581,0.496079,-0.041116,0.619415,0.443299,-0.005033,0.657957,0.4278,-0.038263,0.618492,0.415081,-0.054789,0.582016,0.417444,-0.058485,0.615443,0.395439,-0.002702,0.6482,0.378962,-0.040432,0.596964,0.376988,-0.049044,0.561001,0.388184,-0.043825,0.606629,0.352414,-0.006461,0.635044,0.335689,-0.046047,0.583051,0.343733,-0.041973,0.549192,0.360889,-0.026555,0.592843,0.311718,-0.011704,0.619349,0.297078,-0.038702,0.583744,0.308562,-0.035599,0.55827,0.327052,-0.024551
A,0.495214,0.380857,0,0.513861,0.445523,-0.018735,0.572095,0.482789,-0.022691,0.625235,0.48407,-0.026651,0.662063,0.498782,-0.028581,0.618361,0.445791,-0.00571,0.652824,0.432845,-0.034386,0.614906,0.42354,-0.049074,0.579114,0.425041,-0.052826,0.614179,0.396388,-0.004807,0.64551,0.383522,-0.038972,0.595585,0.386929,-0.048381,0.558366,0.396232,-0.045081,0.60467,0.353694,-0.008658,0.634295,0.338845,-0.044292,0.58307,0.352133,-0.042217,0.547762,0.368043,-0.029951,0.589242,0.313246,-0.013512,0.614294,0.302394,-0.039359,0.578815,0.317018,-0.038159,0.55255,0.335212,-0.029509
B,0.424642,0.51443,0,0.4589,0.582194,-0.014607,0.514124,0.613292,-0.016795,0.562686,0.591811,-0.019106,0.597125,0.570649,-0.021336,0.573418,0.595453,-0.000547,0.634982,0.599823,-0.012367,0.672146,0.596125,-0.024626,0.704562,0.589816,-0.033756,0.581261,0.552738,-0.003972,0.648283,0.555401,-0.013645,0.692297,0.553192,-0.026513,0.728389,0.547739,-0.036135,0.577072,0.512573,-0.010672,0.642626,0.510667,-0.021347,0.682372,0.510703,-0.032896,0.716234,0.509111,-0.040662,0.561779,0.468721,-0.019179,0.614825,0.465129,-0.029538,0.647889,0.466419,-0.035919,0.678342,0.468044,-0.040094
B,0.437139,0.477791,0,0.462352,0.540121,-0.014998,0.511424,0.572905,-0.016849,0.558192,0.55137,-0.017831,0.587193,0.524355,-0.018759,0.56831,0.55624,-0.003257,0.624514,0.562762,-0.012499,0.660461,0.562427,-0.022219,0.691657,0.559232,-0.029868,0.578111,0.517162,-0.005062,0.641181,0.521388,-0.012021,0.681618,0.521458,-0.022023,0.713635,0.51803,-0.029568,0.576436,0.479895,-0.009702,0.637788,0.482042,-0.018319,0.675489,0.48444,-0.028552,0.706672,0.484186,-0.03528,0.564465,0.438529,-0.015987,0.614546,0.439823,-0.025127,0.645008,0.44277,-0.030604,0.671864,0.444882,-0.033929
B,0.434649,0.436956,0,0.46463,0.498042,-0.014468,0.516272,0.529852,-0.016153,0.563709,0.502543,-0.017275,0.592405,0.472282,-0.018366,0.572497,0.51224,-0.001731,0.629655,0.518034,-0.011481,0.665665,0.518076,-0.021591,0.696814,0.515275,-0.029488,0.580607,0.472409,-0.00423,0.64368,0.477108,-0.012199,0.685021,0.477674,-0.023195,0.718457,0.474466,-0.03149,0.576883,0.43483,-0.009689,0.638649,0.435729,-0.019422,0.67622,0.437832,-0.030508,0.707678,0.437706,-0.037798,0.563204,0.391877,-0.01674,0.613494,0.391859,-0.026582,0.64494,0.394867,-0.032928,0.674132,0.398325,-0.037061
B,0.433288,0.428703,0,0.462479,0.489443,-0.013438,0.515841,0.518458,-0.014324,0.563887,0.491599,-0.014937,0.591894,0.459807,-0.015748,0.572293,0.504262,-0.000965,0.629938,0.509213,-0.010542,0.666299,0.508324,-0.020793,0.697722,0.505159,-0.028899,0.580395,0.464651,-0.003793,0.64365,0.468128,-0.011621,0.685362,0.467896,-0.022901,0.719456,0.464577,-0.031482,0.576123,0.427014,-0.009431,0.637654,0.427736,-0.019314,0.675,0.428568,-0.030609,0.706463,0.426998,-0.038006,0.56184,0.384505,-0.016558,0.612549,0.383964,-0.026547,0.643873,0.386194,-0.032819,0.672604,0.388669,-0.036865
B,0.43544,0.432785,0,0.464982,0.492736,-0.015788,0.518561,0.521532,-0.017969,0.566879,0.491463,-0.01931,0.593663,0.455676,-0.020791,0.574587,0.506375,-0.004596,0.63243,0.509991,-0.015049,0.669828,0.50972,-0.025619,0.702386,0.507506,-0.034018,0.583266,0.465222,-0.006842,0.647404,0.467097,-0.015608,0.68912,0.467491,-0.026769,0.722427,0.465794,-0.035122,0.579271,0.42726,-0.011978,0.640956,0.425994,-0.022632,0.679344,0.42778,-0.033911,0.711473,0.427981,-0.041261,0.564748,0.385451,-0.018833,0.614923,0.384043,-0.029517,0.646325,0.386027,-0.036009,0.675073,0.38821,-0.040193
B,0.436101,0.430854,0,0.464918,0.490638,-0.015733,0.519814,0.519312,-0.017558,0.568342,0.488471,-0.018394,0.594915,0.453432,-0.019201,0.575688,0.504518,-0.004135,0.633094,0.508466,-0.014494,0.670306,0.506421,-0.02513,0.702251,0.501716,-0.033291,0.584644,0.462181,-0.005743,0.647781,0.464927,-0.013868,0.689395,0.464908,-0.024667,0.723135,0.462545,-0.032645,0.580813,0.423549,-0.010192,0.641747,0.422568,-0.019502,0.679454,0.425798,-0.030165,0.71115,0.426789,-0.037224,0.566242,0.381695,-0.016406,0.616364,0.380829,-0.025595,0.64745,0.384297,-0.031268,0.675795,0.388345,-0.0349
B,0.427308,0.424612,0,0.461508,0.487463,-0.015342,0.513745,0.518428,-0.017889,0.561683,0.489991,-0.020005,0.590469,0.455778,-0.022434,0.571093,0.49947,-0.001032,0.629992,0.504138,-0.011738,0.666919,0.503079,-0.023473,0.698889,0.501071,-0.032554,0.57937,0.458608,-0.003476,0.643746,0.461679,-0.01208,0.685966,0.460965,-0.024798,0.719948,0.458935,-0.034691,0.575513,0.419266,-0.009037,0.637678,0.41878,-0.019382,0.675734,0.420467,-0.031706,0.707074,0.421342,-0.040014,0.56121,0.375899,-0.016325,0.611179,0.377458,-0.025614,0.641539,0.379426,-0.031493,0.66902,0.381408,-0.035678
B,0.427411,0.425061,0,0.461704,0.487658,-0.014706,0.516077,0.515424,-0.017121,0.564943,0.486175,-0.019112,0.593441,0.452289,-0.021446,0.570088,0.498197,-0.001905,0.628332,0.50262,-0.012898,0.665337,0.502084,-0.024604,0.697337,0.500302,-0.033527,0.578306,0.457458,-0.004523,0.642527,0.459727,-0.013267,0.684802,0.459267,-0.025475,0.718707,0.457136,-0.034866,0.574434,0.418108,-0.010114,0.636783,0.417168,-0.020577,0.674694,0.419058,-0.032297,0.705616,0.419849,-0.039945,0.560079,0.375174,-0.017327,0.611026,0.375523,-0.026631,0.641985,0.377527,-0.03218,0.669236,0.379532,-0.035946
B,0.425116,0.42395,0,0.460151,0.486823,-0.014875,0.515088,0.517351,-0.016995,0.563661,0.484022,-0.018712,0.590672,0.445317,-0.020714,0.569858,0.499467,-0.000717,0.627629,0.502779,-0.011108,0.664688,0.500857,-0.022505,0.697158,0.497545,-0.031461,0.578101,0.458166,-0.003568,0.64186,0.459863,-0.011813,0.684171,0.458983,-0.024094,0.718562,0.456612,-0.033854,0.574349,0.418516,-0.009504,0.636132,0.417226,-0.019742,0.6743,0.418841,-0.031838,0.706054,0.419692,-0.0401,0.560309,0.37493,-0.017156,0.610078,0.375776,-0.026213,0.640538,0.377624,-0.031917,0.667936,0.379458,-0.036192
B,0.426899,0.418393,0,0.456162,0.478407,-0.01554,0.509734,0.507303,-0.018001,0.558232,0.478385,-0.019817,0.58552,0.443611,-0.021486,0.56827,0.494569,-0.002416,0.626756,0.498888,-0.012914,0.663899,0.495749,-0.024274,0.695908,0.490544,-0.033054,0.576987,0.453437,-0.004134,0.639946,0.455301,-0.012118,0.681998,0.454114,-0.023465,0.716287,0.451153,-0.032304,0.573468,0.414822,-0.008897,0.634581,0.412646,-0.017732,0.671703,0.414546,-0.02819,0.702608,0.414628,-0.035459,0.559549,0.373468,-0.015597,0.609455,0.371289,-0.02388,0.64051,0.372719,-0.029073,0.668689,0.374609,-0.032732
B,0.423088,0.426513,0,0.457132,0.4868,-0.014931,0.511353,0.517545,-0.016197,0.561097,0.49389,-0.017101,0.593231,0.469198,-0.017665,0.57235,0.493125,0.001283,0.629455,0.497783,-0.008608,0.664715,0.496356,-0.019884,0.696261,0.493448,-0.028657,0.579695,0.452015,-0.00065,0.642779,0.454621,-0.008259,0.683978,0.454401,-0.019746,0.718303,0.451766,-0.028621,0.574736,0.41498,-0.005823,0.635797,0.412384,-0.015031,0.671941,0.41335,-0.025498,0.702651,0.412404,-0.032516,0.558565,0.374397,-0.012882,0.608296,0.371688,-0.021902,0.639184,0.372604,-0.027426,0.667654,0.374108,-0.031021
B,0.438921,0.453668,0,0.467512,0.512643,-0.016684,0.519111,0.543537,-0.019312,0.566663,0.519294,-0.020934,0.597194,0.493822,-0.022342,0.578834,0.519565,-0.003547,0.635638,0.52041,-0.014224,0.67193,0.516637,-0.025211,0.703132,0.511406,-0.033501,0.58636,0.478337,-0.004973,0.648965,0.478664,-0.013286,0.689774,0.477213,-0.024236,0.72249,0.473186,-0.032304,0.58207,0.441156,-0.009522,0.642181,0.439567,-0.019159,0.67984,0.440349,-0.029345,0.711206,0.439159,-0.035974,0.567126,0.400524,-0.015963,0.616922,0.396767,-0.025703,0.648152,0.398548,-0.031211,0.676326,0.400783,-0.03449
B,0.425336,0.407705,0,0.46133,0.474055,-0.014191,0.518844,0.503508,-0.016641,0.569118,0.472915,-0.018919,0.598316,0.436329,-0.021967,0.579382,0.47783,-0.003005,0.641328,0.480463,-0.014984,0.681474,0.477832,-0.027884,0.716504,0.473404,-0.037783,0.587206,0.434818,-0.006878,0.656946,0.436154,-0.016176,0.702158,0.434255,-0.029069,0.738997,0.430511,-0.039035,0.581816,0.394261,-0.013549,0.649437,0.391165,-0.024314,0.690723,0.390677,-0.03611,0.724745,0.388944,-0.043953,0.564753,0.350225,-0.021821,0.619204,0.34985,-0.031343,0.652273,0.351053,-0.036317,0.681421,0.352027,-0.03967
B,0.376097,0.405027,0,0.424897,0.482651,-0.02581,0.493796,0.521646,-0.034597,0.558949,0.476124,-0.04259,0.598004,0.430546,-0.050591,0.5759,0.487798,-0.009161,0.652836,0.487576,-0.028131,0.700479,0.480307,-0.04764,0.744561,0.473359,-0.062913,0.584897,0.434116,-0.011975,0.670024,0.433618,-0.027685,0.726446,0.430037,-0.047605,0.775618,0.426154,-0.064005,0.578008,0.38584,-0.019407,0.660287,0.377037,-0.035828,0.711946,0.37472,-0.053593,0.756564,0.371891,-0.066844,0.556716,0.33468,-0.029969,0.621959,0.327404,-0.044048,0.663284,0.324977,-0.053666,0.701803,0.322856,-0.061642
B,0.357463,0.436313,0,0.401295,0.518442,-0.029456,0.47835,0.563774,-0.038515,0.546991,0.51895,-0.045925,0.585838,0.466763,-0.053619,0.571923,0.518883,-0.016088,0.653327,0.518922,-0.034652,0.702505,0.512991,-0.053331,0.747106,0.507103,-0.068835,0.579405,0.463562,-0.018684,0.671076,0.462918,-0.033487,0.728135,0.460102,-0.052496,0.776101,0.453382,-0.068983,0.568608,0.413315,-0.025945,0.656611,0.408483,-0.043023,0.710405,0.406762,-0.061979,0.757204,0.401625,-0.076634,0.543249,0.360603,-0.036558,0.613286,0.35275,-0.053612,0.657919,0.35081,-0.066023,0.700168,0.346817,-0.076275
B,0.359609,0.416778,0,0.404072,0.499673,-0.028191,0.482375,0.545263,-0.035974,0.550621,0.498695,-0.0421,0.586179,0.443061,-0.048714,0.572801,0.499911,-0.015702,0.655144,0.500272,-0.032944,0.704633,0.494798,-0.050659,0.749078,0.488769,-0.065589,0.580284,0.443453,-0.018343,0.671641,0.442385,-0.031931,0.72926,0.439461,-0.050447,0.777581,0.43253,-0.066717,0.56947,0.392767,-0.025338,0.657594,0.386907,-0.041065,0.711738,0.38543,-0.060005,0.758906,0.380471,-0.074975,0.543992,0.339901,-0.035552,0.613657,0.330595,-0.051349,0.658093,0.328642,-0.063355,0.700195,0.324993,-0.073602
B,0.357569,0.413594,0,0.403525,0.493478,-0.028523,0.481572,0.535134,-0.037411,0.547796,0.486284,-0.044903,0.584821,0.434192,-0.052554,0.570064,0.494296,-0.015478,0.65177,0.493703,-0.035944,0.703042,0.485706,-0.055762,0.748758,0.476193,-0.071269,0.577997,0.436194,-0.018633,0.669298,0.431989,-0.035727,0.731871,0.425889,-0.055986,0.784335,0.416901,-0.072396,0.567835,0.384578,-0.02643,0.656249,0.37452,-0.044373,0.711357,0.372746,-0.063109,0.758603,0.36866,-0.076945,0.542469,0.331812,-0.037505,0.611966,0.321802,-0.053959,0.655905,0.317962,-0.064928,0.696596,0.312211,-0.073614
B,0.356341,0.413013,0,0.402437,0.49263,-0.028247,0.477706,0.529642,-0.036572,0.543771,0.483382,-0.043675,0.586705,0.440216,-0.050301,0.564593,0.494642,-0.011215,0.649397,0.494487,-0.030924,0.700804,0.48687,-0.049763,0.745815,0.477887,-0.064203,0.572448,0.437983,-0.013644,0.665544,0.435411,-0.030404,0.727621,0.430229,-0.049766,0.77768,0.422685,-0.064929,0.563068,0.386704,-0.021138,0.652533,0.377403,-0.039051,0.707409,0.377077,-0.05653,0.752702,0.374851,-0.068756,0.538468,0.332409,-0.0319,0.609431,0.323045,-0.04929,0.655233,0.320326,-0.060249,0.697107,0.317073,-0.068005
B,0.356504,0.404896,0,0.401638,0.485145,-0.029163,0.47892,0.526369,-0.036667,0.546129,0.482326,-0.042532,0.586479,0.436717,-0.048245,0.564622,0.488661,-0.012976,0.648537,0.488732,-0.030728,0.699561,0.481272,-0.0487,0.745424,0.473459,-0.063525,0.573141,0.431139,-0.014678,0.665465,0.428075,-0.029546,0.725585,0.423027,-0.048664,0.775886,0.416264,-0.064912,0.5643,0.379431,-0.021229,0.652602,0.371798,-0.037227,0.706332,0.370668,-0.055923,0.752897,0.367678,-0.070489,0.540692,0.326911,-0.031246,0.608566,0.318641,-0.046943,0.651942,0.315537,-0.058773,0.692912,0.311868,-0.068647
B,0.356379,0.394975,0,0.401659,0.475399,-0.032308,0.475286,0.523259,-0.043115,0.543912,0.482655,-0.051936,0.587439,0.43664,-0.060603,0.566635,0.490822,-0.016803,0.649986,0.496082,-0.038078,0.700576,0.490187,-0.05902,0.746228,0.483288,-0.075397,0.576942,0.43265,-0.018216,0.66837,0.434217,-0.035905,0.729866,0.431632,-0.057928,0.782211,0.427113,-0.075879,0.568637,0.379649,-0.024671,0.656574,0.377064,-0.042914,0.710932,0.378548,-0.063374,0.757972,0.377804,-0.078757,0.544315,0.325006,-0.034735,0.611396,0.320366,-0.052108,0.654897,0.319325,-0.064491,0.695631,0.316976,-0.074246
B,0.356419,0.389433,0,0.397848,0.471588,-0.028491,0.474741,0.522101,-0.037009,0.546242,0.481267,-0.043577,0.585578,0.428452,-0.050319,0.562421,0.49568,-0.0169,0.646625,0.502342,-0.034904,0.698238,0.499303,-0.052797,0.743096,0.495073,-0.067551,0.574245,0.438032,-0.019239,0.667094,0.444232,-0.033449,0.725859,0.445024,-0.051344,0.773552,0.441381,-0.066721,0.566955,0.38437,-0.02599,0.65607,0.386466,-0.041202,0.710229,0.389913,-0.059212,0.756646,0.389594,-0.073424,0.544679,0.327855,-0.036033,0.61408,0.325353,-0.051237,0.658556,0.327073,-0.062732,0.700356,0.326917,-0.072366
B,0.351648,0.378548,0,0.391025,0.459077,-0.02874,0.464214,0.51081,-0.038289,0.533007,0.475266,-0.046025,0.573893,0.425652,-0.054192,0.555922,0.488077,-0.018241,0.637567,0.493661,-0.038508,0.689919,0.48953,-0.058207,0.736281,0.483981,-0.073861,0.56778,0.43267,-0.021518,0.658568,0.438067,-0.038519,0.719854,0.437811,-0.059241,0.771513,0.433169,-0.075814,0.560401,0.380024,-0.029074,0.649531,0.379163,-0.047352,0.70462,0.381022,-0.066911,0.752278,0.379416,-0.081102,0.538,0.322259,-0.039694,0.609126,0.320625,-0.057051,0.653613,0.322401,-0.068775,0.6951,0.322521,-0.077712
B,0.343935,0.377886,0,0.384237,0.458206,-0.030368,0.459018,0.509192,-0.039618,0.528675,0.4698,-0.046661,0.568419,0.418556,-0.053683,0.549779,0.483753,-0.017308,0.630701,0.488627,-0.036502,0.683046,0.483781,-0.05545,0.729179,0.477849,-0.070653,0.561863,0.426512,-0.019243,0.652081,0.429925,-0.035047,0.713135,0.428545,-0.054732,0.764821,0.424629,-0.070416,0.554395,0.373943,-0.025702,0.641861,0.370161,-0.042533,0.696444,0.371838,-0.061132,0.744246,0.371297,-0.074735,0.531162,0.317288,-0.03552,0.601198,0.315037,-0.051656,0.645164,0.315696,-0.062522,0.686539,0.315041,-0.070768
B,0.333073,0.378481,0,0.376062,0.45988,-0.030394,0.449148,0.508711,-0.040643,0.517155,0.469431,-0.048931,0.559262,0.419886,-0.05728,0.541114,0.48157,-0.01707,0.623656,0.486854,-0.037329,0.675524,0.481787,-0.057235,0.721922,0.475399,-0.072945,0.552096,0.424972,-0.019346,0.644312,0.427951,-0.036125,0.705841,0.426728,-0.05677,0.757824,0.422234,-0.073279,0.544009,0.371938,-0.026323,0.633595,0.369109,-0.044261,0.688492,0.370211,-0.063779,0.736055,0.36874,-0.077928,0.520583,0.315468,-0.036626,0.590818,0.312995,-0.053771,0.635036,0.312725,-0.065493,0.676459,0.310996,-0.074352
B,0.334831,0.382065,0,0.376943,0.46273,-0.031308,0.451582,0.511228,-0.04208,0.51979,0.471736,-0.050913,0.561055,0.420233,-0.059805,0.542231,0.480941,-0.019352,0.625203,0.487161,-0.040714,0.677071,0.481925,-0.0609,0.723052,0.475476,-0.07684,0.552843,0.424019,-0.021677,0.645339,0.426413,-0.039456,0.70782,0.425117,-0.060263,0.760013,0.420926,-0.077169,0.544228,0.370802,-0.028772,0.633944,0.36826,-0.047514,0.688473,0.371265,-0.067359,0.735152,0.371787,-0.082062,0.520309,0.314809,-0.039328,0.589028,0.310749,-0.057714,0.633429,0.310471,-0.070554,0.674744,0.308304,-0.080447
B,0.328732,0.370294,0,0.37268,0.449866,-0.031444,0.445616,0.501617,-0.04333,0.515115,0.461189,-0.053156,0.557817,0.409126,-0.063171,0.538222,0.471597,-0.021299,0.62062,0.475034,-0.043353,0.673128,0.46745,-0.064191,0.719867,0.459343,-0.080593,0.548953,0.413922,-0.024011,0.640862,0.41536,-0.042277,0.703103,0.412335,-0.063708,0.755488,0.406618,-0.081061,0.539888,0.360778,-0.031256,0.629406,0.356342,-0.049956,0.684014,0.35648,-0.069772,0.731347,0.354566,-0.084604,0.514793,0.304279,-0.041902,0.583909,0.298972,-0.059909,0.628495,0.297809,-0.072221,0.670169,0.294918,-0.08172
B,0.33098,0.370056,0,0.37379,0.451846,-0.029083,0.448141,0.497932,-0.03925,0.513701,0.457653,-0.047793,0.553209,0.407203,-0.056649,0.538476,0.467988,-0.018557,0.621751,0.470967,-0.040458,0.673618,0.464412,-0.061032,0.719594,0.456601,-0.076821,0.547317,0.411596,-0.021662,0.639676,0.412265,-0.040294,0.702413,0.409246,-0.061453,0.754618,0.403246,-0.078005,0.538089,0.358806,-0.029256,0.628299,0.353802,-0.048758,0.684295,0.353832,-0.068363,0.731359,0.35173,-0.082191,0.513952,0.302435,-0.039946,0.583697,0.298277,-0.058289,0.628677,0.297332,-0.070254,0.669859,0.29456,-0.079007
B,0.334441,0.369645,0,0.374104,0.449703,-0.026813,0.44922,0.495588,-0.035936,0.513652,0.458459,-0.043648,0.554164,0.406719,-0.051703,0.538397,0.468159,-0.018249,0.622682,0.47436,-0.039811,0.675143,0.468451,-0.059171,0.72045,0.458881,-0.073467,0.546974,0.411736,-0.022322,0.640092,0.415616,-0.040325,0.702301,0.411605,-0.05974,0.753781,0.402352,-0.074327,0.537444,0.358871,-0.030573,0.628377,0.356703,-0.048824,0.684615,0.355941,-0.065799,0.731677,0.35082,-0.077351,0.513232,0.3005,-0.041675,0.586374,0.297349,-0.058808,0.632878,0.298854,-0.068514,0.675276,0.298007,-0.075027
B,0.324271,0.365014,0,0.367759,0.447481,-0.028117,0.441731,0.493367,-0.037802,0.50736,0.455385,-0.046011,0.548967,0.408093,-0.054568,0.532793,0.466025,-0.017019,0.616375,0.468292,-0.038697,0.668146,0.461926,-0.059061,0.71425,0.454209,-0.074491,0.541925,0.40898,-0.020674,0.633874,0.410382,-0.039323,0.696298,0.40756,-0.060549,0.748834,0.401887,-0.076876,0.532831,0.355585,-0.028826,0.622437,0.350252,-0.048278,0.678494,0.349992,-0.06755,0.726249,0.348129,-0.080861,0.508106,0.29812,-0.039948,0.580281,0.294138,-0.05795,0.625979,0.294503,-0.069236,0.668386,0.294261,-0.077263
B,0.327015,0.369575,0,0.368894,0.452517,-0.030282,0.444327,0.504996,-0.040057,0.513082,0.465895,-0.04807,0.55264,0.412805,-0.056616,0.53229,0.471669,-0.02114,0.614036,0.476938,-0.041872,0.666767,0.472368,-0.06137,0.714218,0.466301,-0.077584,0.542636,0.415146,-0.024413,0.635193,0.418609,-0.043169,0.697708,0.416902,-0.064154,0.750146,0.412232,-0.081474,0.533812,0.362646,-0.032064,0.622719,0.35903,-0.051429,0.676979,0.361262,-0.07144,0.724508,0.361366,-0.086781,0.510393,0.306121,-0.043035,0.579027,0.301612,-0.062595,0.624734,0.301528,-0.076608,0.668209,0.300404,-0.087732
B,0.356298,0.457033,0,0.395884,0.530204,-0.023275,0.460486,0.572243,-0.03139,0.517401,0.539728,-0.038935,0.554955,0.498254,-0.046486,0.536852,0.542716,-0.011807,0.610895,0.547583,-0.030958,0.655815,0.542743,-0.048633,0.695136,0.535922,-0.061811,0.544479,0.495314,-0.015441,0.626715,0.497117,-0.031715,0.681102,0.495696,-0.049642,0.725212,0.490183,-0.063613,0.537177,0.450706,-0.023172,0.616586,0.4493,-0.039873,0.664408,0.451333,-0.055859,0.703918,0.449788,-0.06717,0.517367,0.40297,-0.033552,0.578418,0.399401,-0.049399,0.618368,0.398518,-0.059468,0.654768,0.394817,-0.066751
B,0.357422,0.447594,0,0.39721,0.517339,-0.022629,0.458823,0.554015,-0.030095,0.512691,0.523962,-0.036918,0.549244,0.489304,-0.043645,0.531354,0.520154,-0.010518,0.602122,0.522578,-0.027842,0.64455,0.518137,-0.044142,0.682093,0.512343,-0.056416,0.537409,0.474232,-0.013222,0.61503,0.474344,-0.027721,0.665868,0.472683,-0.044104,0.70772,0.467963,-0.057038,0.530201,0.432223,-0.019923,0.604817,0.429509,-0.034511,0.650345,0.431234,-0.049034,0.688506,0.430757,-0.059541,0.511324,0.388141,-0.029289,0.569425,0.382643,-0.04293,0.606884,0.38222,-0.05174,0.640835,0.381007,-0.058298
B,0.355537,0.423425,0,0.393671,0.492356,-0.021694,0.456629,0.528586,-0.028268,0.511104,0.495784,-0.034197,0.543763,0.456515,-0.040136,0.528105,0.497469,-0.010493,0.597217,0.501276,-0.026868,0.640005,0.49698,-0.04253,0.677708,0.490698,-0.054618,0.535357,0.45167,-0.013417,0.611143,0.452187,-0.026989,0.66198,0.450436,-0.042955,0.703795,0.445614,-0.055756,0.528376,0.409597,-0.020041,0.600983,0.405087,-0.033805,0.645476,0.406887,-0.048308,0.682653,0.406067,-0.059034,0.508998,0.364947,-0.029258,0.565144,0.357829,-0.042437,0.601383,0.356779,-0.051243,0.633923,0.354183,-0.057931
B,0.359754,0.412537,0,0.398913,0.482327,-0.021857,0.462852,0.519967,-0.028299,0.519283,0.482947,-0.033768,0.553246,0.441927,-0.039088,0.535688,0.490457,-0.009731,0.605885,0.493375,-0.026176,0.649089,0.488546,-0.042157,0.687012,0.482519,-0.054187,0.543333,0.442919,-0.012043,0.619848,0.444518,-0.024893,0.670727,0.44218,-0.040401,0.712792,0.437756,-0.05274,0.536329,0.40024,-0.018141,0.610077,0.395998,-0.031387,0.655955,0.395734,-0.045177,0.694026,0.393663,-0.055077,0.516663,0.354927,-0.026856,0.575443,0.350253,-0.039009,0.613254,0.348691,-0.046734,0.647192,0.345987,-0.052483
B,0.357396,0.410804,0,0.395193,0.47993,-0.0245,0.457312,0.520462,-0.032581,0.514714,0.483411,-0.039497,0.549648,0.44258,-0.046337,0.530855,0.490516,-0.012445,0.600632,0.494427,-0.029529,0.643936,0.489305,-0.045963,0.682164,0.483508,-0.058839,0.538869,0.441953,-0.014497,0.614955,0.442438,-0.028709,0.665883,0.440161,-0.045776,0.708304,0.435999,-0.059683,0.532083,0.398263,-0.020507,0.605413,0.394077,-0.035135,0.65038,0.396442,-0.050662,0.688817,0.396486,-0.062377,0.512668,0.351881,-0.029334,0.569669,0.346201,-0.043415,0.605878,0.345114,-0.052911,0.639279,0.342436,-0.060277
B,0.358876,0.417264,0,0.397849,0.487156,-0.022563,0.460311,0.524643,-0.029743,0.514862,0.488608,-0.036191,0.548052,0.449445,-0.042566,0.534087,0.492667,-0.010216,0.602981,0.496616,-0.02717,0.644893,0.492409,-0.043593,0.682527,0.48714,-0.056213,0.5411,0.445723,-0.012927,0.616691,0.446556,-0.026787,0.667536,0.444626,-0.043239,0.710614,0.440563,-0.056518,0.533742,0.403015,-0.019577,0.606658,0.397744,-0.033654,0.651928,0.398961,-0.048396,0.690448,0.398332,-0.059292,0.51408,0.358116,-0.028951,0.571081,0.351269,-0.042034,0.607898,0.350017,-0.050689,0.641621,0.347496,-0.05735
B,0.357458,0.412683,0,0.396489,0.482571,-0.023001,0.457901,0.524461,-0.030223,0.513535,0.489104,-0.036435,0.547012,0.447254,-0.042833,0.535384,0.490408,-0.010602,0.603631,0.492172,-0.026717,0.645484,0.487662,-0.042785,0.683351,0.483019,-0.055507,0.542753,0.443504,-0.013407,0.617582,0.444533,-0.026777,0.667554,0.442382,-0.043885,0.710339,0.437848,-0.057842,0.535078,0.401001,-0.02001,0.607668,0.398294,-0.034075,0.652859,0.398637,-0.049987,0.692026,0.396604,-0.061858,0.5144,0.356041,-0.029272,0.57103,0.351316,-0.042362,0.607456,0.351111,-0.051511,0.641558,0.349684,-0.058755
B,0.355585,0.40787,0,0.396234,0.479441,-0.02099,0.45943,0.518717,-0.027597,0.517326,0.483171,-0.033453,0.550951,0.442125,-0.039702,0.536346,0.489204,-0.008795,0.606595,0.489886,-0.02472,0.649969,0.485618,-0.040943,0.688485,0.48173,-0.053716,0.543806,0.442562,-0.01234,0.621234,0.442708,-0.02538,0.671651,0.441646,-0.042403,0.714081,0.438342,-0.056247,0.536231,0.399451,-0.019496,0.611292,0.395735,-0.033909,0.658101,0.396087,-0.049961,0.697493,0.393577,-0.061596,0.515558,0.353585,-0.028978,0.57551,0.347778,-0.041946,0.612874,0.347785,-0.050597,0.647391,0.346941,-0.057396
B,0.357649,0.407796,0,0.397293,0.478284,-0.023215,0.46028,0.520166,-0.030254,0.516465,0.481495,-0.036169,0.550205,0.44026,-0.041933,0.537657,0.487062,-0.010336,0.606801,0.488412,-0.026694,0.649722,0.483321,-0.042716,0.688294,0.47811,-0.055049,0.544857,0.438904,-0.012866,0.62075,0.440535,-0.025974,0.671396,0.438449,-0.041962,0.714262,0.434266,-0.054628,0.537006,0.396164,-0.0193,0.610961,0.392666,-0.033154,0.656756,0.392959,-0.047258,0.695826,0.39162,-0.057328,0.51618,0.350824,-0.028486,0.57475,0.345991,-0.040962,0.611714,0.345074,-0.048309,0.645496,0.342987,-0.053747
B,0.356847,0.408739,0,0.395591,0.477878,-0.021278,0.460926,0.518847,-0.027245,0.517185,0.483285,-0.032431,0.552074,0.442034,-0.037402,0.537771,0.484032,-0.007995,0.606852,0.48525,-0.024152,0.650679,0.480661,-0.039982,0.688707,0.475211,-0.052069,0.544874,0.436314,-0.01141,0.62108,0.437908,-0.024622,0.672334,0.435638,-0.040364,0.714724,0.43,-0.052515,0.537169,0.393752,-0.018663,0.611304,0.390787,-0.032985,0.656854,0.391434,-0.046673,0.695749,0.389474,-0.056105,0.516646,0.347766,-0.028439,0.576085,0.344436,-0.041677,0.613607,0.343719,-0.049129,0.64779,0.341081,-0.054312
B,0.349996,0.667957,0,0.375916,0.602728,-0.025809,0.422845,0.554822,-0.035377,0.475702,0.561084,-0.043666,0.512848,0.593297,-0.050241,0.488114,0.549844,-0.007712,0.545976,0.522625,-0.021806,0.581944,0.512327,-0.034516,0.61399,0.506515,-0.045268,0.501821,0.590866,-0.006591,0.569343,0.564427,-0.01911,0.610926,0.550085,-0.030385,0.644668,0.535485,-0.039572,0.502203,0.633589,-0.010316,0.566118,0.612181,-0.025981,0.604772,0.59795,-0.038577,0.637619,0.583276,-0.047258,0.491772,0.68147,-0.016815,0.540366,0.666409,-0.032758,0.57415,0.654475,-0.042966,0.604368,0.64204,-0.050134
B,0.36572,0.630462,0,0.385471,0.566524,-0.025945,0.434111,0.518271,-0.035131,0.488038,0.526775,-0.042477,0.523855,0.558821,-0.04829,0.496498,0.514621,-0.013044,0.554976,0.488355,-0.028432,0.59127,0.477837,-0.040795,0.622718,0.471551,-0.051068,0.510202,0.557081,-0.011614,0.578486,0.531233,-0.025792,0.620035,0.516825,-0.036877,0.654231,0.50288,-0.045374,0.510769,0.599675,-0.014545,0.575062,0.579375,-0.031676,0.612881,0.565334,-0.04385,0.64549,0.552119,-0.051708,0.500236,0.646495,-0.020014,0.548574,0.630425,-0.037326,0.580974,0.619102,-0.047744,0.609497,0.608437,-0.054609
B,0.373409,0.624962,0,0.3946,0.558994,-0.026884,0.441107,0.509044,-0.036342,0.495036,0.513094,-0.044168,0.533116,0.542724,-0.050075,0.507751,0.50745,-0.007318,0.564267,0.479474,-0.021972,0.599819,0.467917,-0.034645,0.630732,0.462092,-0.044945,0.5213,0.549071,-0.005216,0.58771,0.522431,-0.017827,0.629083,0.50825,-0.028408,0.66296,0.495639,-0.036462,0.521572,0.591433,-0.008256,0.583628,0.570298,-0.023746,0.621462,0.556426,-0.035762,0.654152,0.543992,-0.043461,0.511313,0.63884,-0.014189,0.558487,0.622195,-0.029581,0.590458,0.609757,-0.039338,0.618837,0.598557,-0.045727
B,0.373614,0.625247,0,0.393307,0.557855,-0.028423,0.441065,0.506992,-0.038467,0.495497,0.510825,-0.04651,0.53288,0.542655,-0.05246,0.506392,0.504918,-0.00804,0.562925,0.478594,-0.02288,0.598424,0.468262,-0.035695,0.628974,0.463726,-0.046077,0.519756,0.546409,-0.005157,0.586358,0.519741,-0.017768,0.628035,0.506577,-0.028291,0.661845,0.494754,-0.036258,0.52041,0.58885,-0.007626,0.58245,0.567654,-0.023023,0.619973,0.554331,-0.035066,0.651793,0.542562,-0.042792,0.510901,0.636986,-0.013157,0.557985,0.618683,-0.028397,0.589369,0.606276,-0.038356,0.617078,0.595797,-0.044966
B,0.37155,0.634236,0,0.391618,0.56191,-0.026093,0.438627,0.509689,-0.036209,0.493183,0.512776,-0.044577,0.530728,0.544616,-0.051148,0.503828,0.507593,-0.008589,0.561467,0.481654,-0.02349,0.596436,0.47097,-0.03635,0.62753,0.465742,-0.04689,0.517178,0.548432,-0.00746,0.583289,0.523232,-0.020542,0.624911,0.508758,-0.032083,0.659382,0.496302,-0.040881,0.51756,0.590189,-0.011169,0.580141,0.568264,-0.026284,0.618314,0.553235,-0.038765,0.650612,0.541023,-0.047146,0.5079,0.637919,-0.017668,0.555891,0.618852,-0.032453,0.587576,0.605102,-0.042274,0.615494,0.593974,-0.049009
B,0.378669,0.617564,0,0.401664,0.549684,-0.028928,0.446202,0.498475,-0.040368,0.500601,0.50042,-0.050039,0.539079,0.531632,-0.057657,0.510665,0.495785,-0.007508,0.567385,0.467573,-0.022752,0.603138,0.455617,-0.035887,0.634621,0.450469,-0.046463,0.524833,0.53666,-0.004695,0.590728,0.509344,-0.01729,0.631359,0.495254,-0.027647,0.665113,0.482917,-0.035504,0.525929,0.579312,-0.00743,0.587687,0.556517,-0.022782,0.625223,0.541898,-0.034546,0.65761,0.529372,-0.042016,0.516756,0.627636,-0.013359,0.564459,0.609115,-0.028352,0.596962,0.597073,-0.038222,0.625841,0.586895,-0.044737
B,0.382525,0.618046,0,0.402995,0.546603,-0.025304,0.451354,0.49544,-0.035416,0.506288,0.500333,-0.043858,0.543368,0.531734,-0.050633,0.513699,0.496557,-0.010059,0.572628,0.472641,-0.026,0.608703,0.462716,-0.039101,0.640275,0.457548,-0.049596,0.52689,0.53701,-0.009207,0.594042,0.513383,-0.023281,0.635926,0.500678,-0.034609,0.670477,0.489373,-0.042955,0.527407,0.578488,-0.012983,0.591454,0.558654,-0.028526,0.630186,0.545233,-0.040379,0.662287,0.534358,-0.048076,0.517465,0.625994,-0.01947,0.566884,0.607958,-0.034421,0.599684,0.595833,-0.044035,0.628239,0.586411,-0.050416
B,0.379983,0.61961,0,0.400092,0.547714,-0.026972,0.44878,0.497977,-0.036962,0.504443,0.504906,-0.044816,0.541615,0.536404,-0.050961,0.509384,0.4997,-0.011202,0.568705,0.47767,-0.026925,0.6053,0.468735,-0.039893,0.637483,0.464459,-0.050504,0.523219,0.541026,-0.009276,0.590588,0.518749,-0.023284,0.632531,0.507058,-0.034546,0.667368,0.496723,-0.042928,0.524025,0.582149,-0.012104,0.587556,0.563669,-0.028174,0.626091,0.551791,-0.040428,0.658645,0.542267,-0.048341,0.514027,0.628904,-0.017725,0.563199,0.611136,-0.033464,0.595747,0.599546,-0.043664,0.624496,0.590758,-0.050465
B,0.408658,0.606651,0,0.433367,0.536599,-0.027348,0.483973,0.490111,-0.037728,0.539059,0.500556,-0.046247,0.573592,0.537882,-0.053062,0.544258,0.495394,-0.011449,0.605361,0.475731,-0.028223,0.64324,0.468502,-0.042359,0.67649,0.465895,-0.053879,0.55682,0.536521,-0.009722,0.626732,0.518348,-0.024535,0.670466,0.509054,-0.036938,0.706916,0.500395,-0.046424,0.556356,0.577474,-0.012795,0.621932,0.564184,-0.029515,0.661423,0.554444,-0.042659,0.693994,0.545511,-0.051345,0.545045,0.623058,-0.018777,0.594465,0.611559,-0.035156,0.628303,0.60286,-0.046126,0.657612,0.595256,-0.053653
B,0.409655,0.596707,0,0.431192,0.527718,-0.027397,0.482771,0.481261,-0.037615,0.537929,0.492262,-0.04553,0.572095,0.527723,-0.0518,0.543003,0.485403,-0.012981,0.602383,0.467576,-0.029744,0.639454,0.461517,-0.043134,0.671297,0.460084,-0.053666,0.554659,0.527236,-0.010733,0.622581,0.510976,-0.02542,0.665929,0.501661,-0.036649,0.70134,0.493242,-0.044703,0.55348,0.568509,-0.0132,0.617368,0.555699,-0.029411,0.65712,0.5461,-0.042145,0.689749,0.53825,-0.050232,0.541808,0.614368,-0.018468,0.59047,0.603379,-0.033976,0.623051,0.594381,-0.044306,0.651001,0.587202,-0.051129
C,0.444085,0.664015,-0.000001,0.478064,0.581395,0.004067,0.521696,0.527076,-0.003764,0.550577,0.468867,-0.021295,0.574246,0.416077,-0.041034,0.632724,0.619314,0.02316,0.683875,0.556391,0.00298,0.680861,0.495498,-0.020412,0.660404,0.454777,-0.035302,0.63886,0.643853,0.003964,0.706264,0.567953,-0.00926,0.69981,0.500613,-0.027465,0.671819,0.458553,-0.040833,0.63352,0.657906,-0.018934,0.704371,0.583298,-0.034104,0.702353,0.505581,-0.047019,0.675482,0.456733,-0.054981,0.621499,0.657591,-0.042866,0.684922,0.59136,-0.055469,0.696587,0.526255,-0.060468,0.684015,0.476127,-0.06341
C,0.461728,0.681546,-0.000001,0.496107,0.598795,0.013083,0.543855,0.544775,0.013311,0.574916,0.486524,0.001524,0.600313,0.433486,-0.012115,0.653773,0.621392,0.046633,0.705568,0.577051,0.034968,0.705824,0.519571,0.017627,0.689725,0.479729,0.005963,0.660905,0.645526,0.02324,0.725705,0.590278,0.017479,0.722334,0.522931,0.003549,0.699141,0.477163,-0.00668,0.657792,0.66448,-0.004528,0.727068,0.609186,-0.014848,0.725492,0.531643,-0.024251,0.70233,0.481028,-0.029899,0.648592,0.672261,-0.033119,0.71157,0.612245,-0.043827,0.721742,0.543271,-0.046885,0.709532,0.490464,-0.048308
C,0.43634,0.703075,-0.000001,0.466851,0.616497,0.009884,0.515339,0.559569,0.010937,0.545675,0.504832,0.000899,0.568092,0.452992,-0.009955,0.613779,0.621151,0.04799,0.663384,0.585618,0.034526,0.665675,0.531633,0.015598,0.653666,0.491892,0.002955,0.622768,0.644931,0.026613,0.686789,0.60387,0.016629,0.686017,0.539793,-0.000257,0.665967,0.494138,-0.011456,0.622952,0.666942,0.000141,0.68862,0.623791,-0.011244,0.687706,0.551478,-0.023218,0.666564,0.503232,-0.030073,0.616029,0.682339,-0.027591,0.673659,0.633962,-0.035168,0.683867,0.568677,-0.038768,0.674042,0.518046,-0.041309
C,0.434649,0.702398,-0.000001,0.465196,0.615697,0.00868,0.512868,0.559118,0.008652,0.54277,0.503334,-0.001856,0.565531,0.452718,-0.013193,0.611898,0.623888,0.044578,0.659171,0.588048,0.031119,0.661497,0.534143,0.011724,0.649675,0.49441,-0.001032,0.621185,0.649043,0.024624,0.682782,0.60676,0.015316,0.681629,0.543413,-0.002174,0.661341,0.498153,-0.013777,0.621013,0.672463,0.000106,0.684276,0.626196,-0.009951,0.684236,0.554029,-0.021605,0.663954,0.504835,-0.028385,0.613418,0.687564,-0.025645,0.669454,0.63646,-0.03158,0.680864,0.570948,-0.033787,0.672069,0.518998,-0.035285
C,0.432601,0.704126,-0.000001,0.464195,0.615285,0.010262,0.510964,0.558863,0.010529,0.540433,0.503696,-0.000062,0.565029,0.45383,-0.011747,0.6097,0.628649,0.043959,0.658717,0.589389,0.030292,0.661237,0.53437,0.010832,0.648193,0.495451,-0.001948,0.61866,0.654419,0.023232,0.68142,0.608415,0.01413,0.67984,0.544273,-0.003138,0.658187,0.500058,-0.014823,0.617866,0.676988,-0.001801,0.682956,0.628247,-0.011368,0.683367,0.555524,-0.022351,0.662493,0.506864,-0.028992,0.609642,0.690348,-0.027954,0.667378,0.638626,-0.033886,0.679801,0.573392,-0.035962,0.671051,0.522114,-0.037375
C,0.435082,0.705541,-0.000001,0.464889,0.616686,0.010081,0.513203,0.558313,0.010736,0.543291,0.501974,0.000691,0.566168,0.449786,-0.009997,0.6112,0.622709,0.044315,0.660438,0.58394,0.029171,0.661833,0.528718,0.008962,0.647563,0.490636,-0.004011,0.620415,0.648209,0.023523,0.684088,0.603986,0.013024,0.682566,0.538951,-0.004362,0.659604,0.495103,-0.015738,0.620067,0.671167,-0.001893,0.685524,0.624598,-0.012371,0.685235,0.552451,-0.023272,0.662974,0.506025,-0.029519,0.612267,0.686386,-0.028497,0.670124,0.635796,-0.034501,0.68097,0.570625,-0.036542,0.670312,0.521108,-0.037909
C,0.434508,0.697309,-0.000001,0.465995,0.608846,0.010185,0.511172,0.550661,0.009847,0.540114,0.495894,-0.001368,0.563705,0.445858,-0.013278,0.612589,0.612478,0.04341,0.663389,0.576285,0.028748,0.662519,0.523556,0.009072,0.647279,0.486897,-0.003909,0.621322,0.638566,0.022018,0.685619,0.593487,0.010914,0.68198,0.531039,-0.007249,0.658411,0.488757,-0.019342,0.620207,0.661943,-0.003839,0.685542,0.614136,-0.014512,0.683556,0.544092,-0.026389,0.660878,0.49864,-0.033547,0.611342,0.678653,-0.030835,0.668349,0.627942,-0.037306,0.680071,0.565313,-0.040576,0.671373,0.517382,-0.043022
C,0.467885,0.610861,-0.000001,0.500143,0.540503,0.009864,0.542369,0.494328,0.006532,0.570829,0.437607,-0.00772,0.596028,0.387034,-0.024427,0.650744,0.575674,0.033411,0.699725,0.52041,0.019145,0.698561,0.464303,-0.000482,0.679978,0.424115,-0.013342,0.656326,0.598703,0.012194,0.715312,0.526925,0.005378,0.709592,0.469038,-0.009988,0.686225,0.428996,-0.022357,0.653001,0.614555,-0.012555,0.715745,0.542664,-0.023455,0.712804,0.473159,-0.035231,0.689392,0.426147,-0.043472,0.645046,0.617873,-0.038018,0.70331,0.555441,-0.049839,0.712989,0.494268,-0.054316,0.700769,0.443479,-0.057193
C,0.426104,0.54389,-0.000001,0.467659,0.461827,0.010072,0.507966,0.4145,0.004427,0.534345,0.360345,-0.011311,0.558436,0.314056,-0.02959,0.600664,0.519437,0.026291,0.649778,0.454687,0.009858,0.64813,0.398313,-0.010557,0.631402,0.358277,-0.023313,0.606142,0.535834,0.006606,0.670514,0.457955,-0.001905,0.665513,0.396548,-0.016411,0.639931,0.355857,-0.027798,0.603818,0.539031,-0.015833,0.672331,0.462923,-0.024876,0.66949,0.39585,-0.032394,0.645167,0.351922,-0.037954,0.597778,0.526375,-0.038913,0.656374,0.463328,-0.046225,0.664875,0.408002,-0.046432,0.653086,0.362741,-0.046284
C,0.428713,0.537324,-0.000001,0.466775,0.457305,0.010443,0.511032,0.413174,0.008855,0.541269,0.367102,-0.002635,0.56581,0.323677,-0.015707,0.597323,0.501011,0.036423,0.645644,0.45171,0.020331,0.649007,0.39867,-0.000424,0.636387,0.361855,-0.013088,0.602528,0.521047,0.017186,0.670649,0.465033,0.006286,0.667961,0.402934,-0.0098,0.645292,0.36394,-0.020512,0.600436,0.53058,-0.005603,0.671945,0.47783,-0.01612,0.670169,0.410617,-0.024556,0.647761,0.369132,-0.029292,0.594606,0.525548,-0.029009,0.655596,0.477868,-0.034381,0.665087,0.42332,-0.033708,0.65392,0.381003,-0.033023
C,0.440587,0.545017,-0.000001,0.474786,0.466327,0.008594,0.516087,0.419329,0.006074,0.542185,0.368018,-0.006028,0.563924,0.322875,-0.01966,0.602948,0.509321,0.036922,0.646942,0.461559,0.022544,0.651902,0.411032,0.002835,0.641182,0.375277,-0.009384,0.608904,0.529807,0.018798,0.671464,0.474266,0.009938,0.672704,0.415082,-0.006106,0.65216,0.375079,-0.017214,0.608051,0.540056,-0.003124,0.674399,0.483331,-0.012765,0.676109,0.416257,-0.022369,0.655539,0.372763,-0.027983,0.603386,0.536079,-0.025848,0.661937,0.485668,-0.031389,0.671272,0.43206,-0.031667,0.659149,0.389355,-0.031588
C,0.489187,0.596006,0,0.500311,0.522003,-0.005389,0.523502,0.45196,-0.013952,0.534902,0.388873,-0.029446,0.539611,0.334264,-0.044643,0.617768,0.452467,0.018772,0.662001,0.406885,-0.003729,0.65391,0.36375,-0.025887,0.633926,0.340187,-0.039054,0.628822,0.471111,0.006095,0.687326,0.42327,-0.014398,0.675468,0.374315,-0.033613,0.647826,0.348953,-0.044055,0.632213,0.494742,-0.011443,0.68861,0.447715,-0.027435,0.681594,0.392913,-0.040696,0.657912,0.363085,-0.046942,0.62752,0.520444,-0.030971,0.671812,0.46641,-0.039196,0.675481,0.415152,-0.044108,0.66366,0.381748,-0.046905
C,0.496895,0.618993,0,0.504237,0.541833,-0.009535,0.527294,0.467648,-0.02004,0.537547,0.404434,-0.036206,0.540876,0.348862,-0.051504,0.621282,0.461357,0.009536,0.672165,0.417766,-0.016399,0.663031,0.375395,-0.039183,0.639672,0.351698,-0.051833,0.631941,0.482412,-0.001296,0.694791,0.436833,-0.025673,0.683609,0.386843,-0.045089,0.65489,0.360175,-0.054486,0.635098,0.509634,-0.017167,0.694772,0.464191,-0.035869,0.68983,0.408698,-0.050404,0.667247,0.377637,-0.056837,0.630747,0.539673,-0.035129,0.67466,0.486141,-0.046377,0.68036,0.433552,-0.053934,0.671029,0.398462,-0.05792
C,0.486396,0.626692,0,0.494957,0.549646,-0.009765,0.518929,0.478004,-0.021363,0.529931,0.416594,-0.03883,0.532873,0.361689,-0.055474,0.614986,0.474316,0.007466,0.669267,0.434411,-0.018865,0.659463,0.392755,-0.041716,0.636263,0.369481,-0.054781,0.62461,0.496157,-0.003999,0.691578,0.45439,-0.029476,0.679109,0.403499,-0.049096,0.649813,0.377651,-0.058782,0.626563,0.523897,-0.020391,0.689466,0.482879,-0.039991,0.68157,0.426848,-0.054542,0.65685,0.396199,-0.061158,0.620774,0.555407,-0.038916,0.667736,0.508151,-0.050155,0.670376,0.456687,-0.057453,0.657577,0.422281,-0.061753
C,0.486567,0.625918,0,0.496798,0.552334,-0.010528,0.521895,0.481341,-0.02284,0.53281,0.417547,-0.041024,0.536904,0.361462,-0.057876,0.624959,0.483127,0.008954,0.680074,0.446692,-0.018213,0.670149,0.403823,-0.042049,0.644989,0.378305,-0.055458,0.632843,0.505153,-0.002478,0.699104,0.466874,-0.028622,0.686485,0.414759,-0.049239,0.655733,0.386877,-0.059141,0.6328,0.532681,-0.019145,0.694596,0.493893,-0.039121,0.688382,0.435991,-0.054573,0.664186,0.403108,-0.061362,0.624722,0.562064,-0.038052,0.672868,0.518069,-0.04986,0.679629,0.462801,-0.05781,0.669381,0.423696,-0.062148
C,0.471665,0.654332,-0.000001,0.493834,0.571313,0.017212,0.523975,0.527959,0.01421,0.538751,0.471282,-0.000284,0.555565,0.418609,-0.017092,0.634842,0.609367,0.032327,0.692252,0.553373,0.019913,0.687343,0.499587,0.004406,0.664342,0.468363,-0.005406,0.639448,0.622332,0.009078,0.710065,0.553163,0.003541,0.701227,0.488838,-0.006649,0.671796,0.45855,-0.015002,0.634689,0.622334,-0.016821,0.70846,0.551162,-0.024773,0.700741,0.482622,-0.031466,0.67217,0.448027,-0.036573,0.625504,0.605942,-0.042672,0.683233,0.546568,-0.050525,0.687727,0.491019,-0.052637,0.669834,0.453917,-0.054369
C,0.473892,0.677136,0,0.495773,0.601327,0.007035,0.528362,0.549126,0.001155,0.544212,0.491667,-0.014779,0.558934,0.437471,-0.031154,0.642754,0.588977,0.033933,0.696481,0.556421,0.015105,0.693808,0.505037,-0.006183,0.675459,0.472239,-0.019203,0.649103,0.608541,0.013664,0.715434,0.571178,-0.00087,0.709372,0.508543,-0.017837,0.681922,0.472677,-0.028092,0.644844,0.62373,-0.011169,0.712223,0.584686,-0.02359,0.709619,0.518994,-0.033682,0.685675,0.480585,-0.039075,0.632945,0.630475,-0.03722,0.687519,0.586459,-0.043236,0.69517,0.529,-0.044983,0.683921,0.486862,-0.046246
C,0.473405,0.671373,0,0.500167,0.599928,-0.000679,0.528774,0.547648,-0.011938,0.547029,0.488918,-0.032266,0.563865,0.434709,-0.053403,0.643589,0.595923,0.02024,0.698138,0.553309,-0.00228,0.691216,0.503046,-0.025422,0.668277,0.472662,-0.039755,0.649754,0.615128,0.002734,0.718958,0.562724,-0.016181,0.707789,0.504186,-0.035123,0.677671,0.472516,-0.047094,0.64574,0.629962,-0.019426,0.717871,0.57818,-0.03759,0.710055,0.512096,-0.050209,0.681425,0.475019,-0.056656,0.63406,0.636993,-0.043046,0.693887,0.587809,-0.054995,0.702285,0.530537,-0.059716,0.689236,0.489063,-0.062762
C,0.469193,0.676624,-0.000001,0.496085,0.604458,0.000957,0.527844,0.551316,-0.008857,0.544267,0.492227,-0.027526,0.55821,0.434216,-0.047231,0.642495,0.595996,0.020035,0.695148,0.549484,-0.002417,0.688853,0.497546,-0.025876,0.667694,0.465571,-0.040576,0.648513,0.614243,0.002028,0.71612,0.558272,-0.015839,0.704774,0.498439,-0.034191,0.676242,0.46575,-0.046186,0.643881,0.627239,-0.020314,0.714664,0.571921,-0.037811,0.706801,0.505628,-0.04951,0.680151,0.467691,-0.055951,0.631125,0.630544,-0.04385,0.690106,0.576484,-0.055752,0.695764,0.518055,-0.059336,0.681919,0.476328,-0.061755
C,0.481839,0.690676,0,0.497639,0.610241,-0.008003,0.529461,0.54373,-0.017676,0.547831,0.484996,-0.033923,0.562554,0.430411,-0.049261,0.637203,0.567869,0.014915,0.695646,0.537721,-0.009009,0.694941,0.48989,-0.031516,0.677756,0.45609,-0.04439,0.646175,0.590545,0.002687,0.717079,0.561698,-0.017884,0.71336,0.502854,-0.036058,0.687953,0.464266,-0.045594,0.645602,0.616564,-0.014835,0.718073,0.590397,-0.031676,0.718901,0.526709,-0.044678,0.697536,0.484728,-0.050514,0.635984,0.642636,-0.034577,0.696378,0.607454,-0.045315,0.707419,0.551006,-0.051127,0.697721,0.507672,-0.053904
C,0.485365,0.675381,0,0.504287,0.600799,-0.006883,0.535678,0.535776,-0.019139,0.554519,0.474705,-0.038754,0.571311,0.418313,-0.058264,0.64649,0.563862,0.01298,0.704503,0.534312,-0.012473,0.701784,0.486264,-0.036657,0.683776,0.454127,-0.051384,0.653689,0.587505,-0.001606,0.726456,0.556129,-0.024606,0.721314,0.496283,-0.045817,0.695998,0.45899,-0.058144,0.651412,0.612881,-0.021195,0.724494,0.582547,-0.04033,0.724333,0.518306,-0.055459,0.702146,0.477437,-0.063183,0.640338,0.636444,-0.042679,0.701102,0.594689,-0.05444,0.71337,0.537807,-0.061117,0.705654,0.495733,-0.065349
C,0.479686,0.636446,0,0.503094,0.564686,-0.00292,0.537531,0.505197,-0.012489,0.557611,0.446638,-0.030031,0.573074,0.393951,-0.047791,0.642447,0.538474,0.017553,0.698946,0.507867,-0.007378,0.696129,0.457279,-0.031501,0.677403,0.423753,-0.045772,0.649878,0.561392,0.002345,0.721668,0.528585,-0.019426,0.715834,0.467408,-0.039285,0.690857,0.4295,-0.050524,0.647206,0.585722,-0.017591,0.720165,0.553106,-0.036237,0.71751,0.48713,-0.049332,0.694706,0.445864,-0.05537,0.635462,0.606839,-0.039099,0.695687,0.566722,-0.049516,0.705397,0.507424,-0.053744,0.695336,0.462628,-0.05614
C,0.479103,0.601743,0,0.503527,0.51597,0.00265,0.537967,0.451813,-0.004974,0.557139,0.386378,-0.022384,0.571943,0.327724,-0.04004,0.649624,0.485273,0.029297,0.703579,0.440364,0.007335,0.696862,0.383599,-0.016451,0.675198,0.349869,-0.031311,0.658052,0.508268,0.009594,0.72969,0.460348,-0.007045,0.72171,0.394139,-0.026201,0.692831,0.356765,-0.038635,0.655705,0.530224,-0.01507,0.727412,0.483611,-0.02798,0.723835,0.411105,-0.039949,0.698263,0.369013,-0.047361,0.643383,0.545639,-0.041563,0.701844,0.493517,-0.04813,0.712287,0.428496,-0.051681,0.702493,0.382182,-0.054822
C,0.479488,0.609882,0,0.502824,0.52509,0.002355,0.54085,0.457828,-0.003069,0.561564,0.392856,-0.017667,0.577842,0.337113,-0.031996,0.651571,0.493009,0.032068,0.70442,0.453524,0.011366,0.700924,0.400023,-0.011507,0.683407,0.365965,-0.025695,0.66068,0.515908,0.013629,0.73047,0.47359,-0.002311,0.724348,0.410164,-0.020274,0.698394,0.371255,-0.031221,0.658901,0.538528,-0.009998,0.729363,0.495858,-0.023498,0.727259,0.425685,-0.034629,0.703837,0.382152,-0.040602,0.647165,0.555782,-0.035435,0.704286,0.504373,-0.043392,0.714724,0.439728,-0.046993,0.705571,0.392029,-0.049327
C,0.470786,0.604472,0,0.489844,0.522775,-0.009021,0.526577,0.44491,-0.01848,0.551575,0.382002,-0.033786,0.568579,0.326171,-0.048359,0.625296,0.463472,0.015951,0.681097,0.439497,-0.006738,0.688385,0.403936,-0.030592,0.67919,0.372496,-0.045332,0.636181,0.491465,0.004958,0.70377,0.466304,-0.01473,0.709245,0.424638,-0.036376,0.692654,0.387172,-0.049677,0.638417,0.52525,-0.011042,0.708015,0.502479,-0.026769,0.719056,0.455722,-0.042119,0.705505,0.414301,-0.050585,0.630665,0.563705,-0.029206,0.68937,0.529131,-0.040227,0.708422,0.483901,-0.047589,0.707936,0.443194,-0.051976
C,0.466188,0.615822,0,0.483554,0.531842,-0.010824,0.521341,0.453782,-0.02099,0.548446,0.391715,-0.036743,0.567306,0.334161,-0.052066,0.623196,0.478009,0.013131,0.68035,0.449939,-0.011197,0.686712,0.413326,-0.036364,0.675204,0.382431,-0.051688,0.633965,0.50799,0.002468,0.702191,0.478963,-0.019208,0.706594,0.436647,-0.043323,0.68806,0.400372,-0.058098,0.635401,0.542951,-0.013256,0.70511,0.517093,-0.031344,0.715539,0.469501,-0.049852,0.700131,0.429334,-0.060069,0.626466,0.582001,-0.031017,0.686255,0.546472,-0.043957,0.706545,0.500951,-0.053624,0.706262,0.460773,-0.05956
C,0.451411,0.629728,-0.000001,0.491824,0.536096,0.009669,0.535024,0.476688,0.002618,0.559562,0.412335,-0.015623,0.581189,0.359179,-0.034418,0.650573,0.556783,0.035572,0.709085,0.505366,0.015195,0.704872,0.443778,-0.00922,0.684939,0.401916,-0.02491,0.654155,0.57601,0.012269,0.729936,0.512022,-0.00169,0.721972,0.443129,-0.020371,0.691975,0.402663,-0.033627,0.647153,0.586481,-0.015448,0.724988,0.527389,-0.027219,0.723237,0.450437,-0.037108,0.697417,0.402259,-0.043919,0.631357,0.582486,-0.044346,0.693815,0.524185,-0.050943,0.705878,0.458756,-0.052425,0.697272,0.409291,-0.054115
C,0.458998,0.63932,-0.000001,0.495553,0.535144,0.023126,0.542964,0.48761,0.023248,0.572312,0.43663,0.012352,0.594756,0.385075,-0.000564,0.650815,0.59453,0.031116,0.717759,0.517559,0.015445,0.71603,0.44658,-0.001857,0.69766,0.399992,-0.012014,0.652722,0.606825,0.005145,0.73384,0.511685,-0.002173,0.72936,0.433751,-0.011743,0.704268,0.391514,-0.019389,0.641049,0.598392,-0.022683,0.729023,0.513832,-0.030073,0.729515,0.435016,-0.032226,0.710521,0.388155,-0.034579,0.621731,0.56783,-0.049824,0.693896,0.501937,-0.057811,0.707674,0.442811,-0.05688,0.702534,0.400015,-0.055701
C,0.455127,0.657139,-0.000001,0.496809,0.556818,0.012936,0.544553,0.507659,0.005734,0.571015,0.450864,-0.010798,0.59206,0.397335,-0.028734,0.647221,0.623042,0.016976,0.716718,0.543967,-0.004233,0.716923,0.470985,-0.025203,0.697593,0.422812,-0.037259,0.647654,0.631997,-0.005329,0.732914,0.536935,-0.016986,0.72896,0.456111,-0.029048,0.701318,0.4126,-0.038268,0.636593,0.621258,-0.029954,0.728284,0.538923,-0.039682,0.729527,0.45842,-0.043168,0.707003,0.411653,-0.046151,0.618436,0.587812,-0.054668,0.690556,0.521602,-0.062278,0.704341,0.462663,-0.060877,0.696784,0.420439,-0.059411
C,0.450055,0.662905,-0.000001,0.490798,0.560338,0.012962,0.536028,0.512815,0.006086,0.563653,0.457,-0.010572,0.58464,0.397454,-0.02875,0.642069,0.625856,0.02173,0.710247,0.553161,0.001012,0.712378,0.481472,-0.019842,0.695789,0.433926,-0.032212,0.643813,0.636509,-0.001295,0.728257,0.547105,-0.013647,0.723198,0.466797,-0.025276,0.697124,0.424145,-0.033893,0.633606,0.627244,-0.027256,0.724231,0.547219,-0.039615,0.723135,0.466768,-0.043285,0.700512,0.421222,-0.045839,0.616171,0.595134,-0.053403,0.687745,0.529995,-0.063324,0.699557,0.469557,-0.062661,0.691242,0.427263,-0.061642
C,0.445821,0.668591,-0.000001,0.490871,0.571916,0.014292,0.532942,0.52239,0.005656,0.557949,0.464159,-0.013327,0.578773,0.404728,-0.034436,0.637564,0.636316,0.018305,0.704881,0.555373,-0.00451,0.704648,0.484539,-0.026587,0.686665,0.437419,-0.039784,0.63972,0.645585,-0.006493,0.72532,0.546015,-0.02069,0.717265,0.465377,-0.032499,0.688579,0.421837,-0.041495,0.630638,0.63503,-0.033962,0.723549,0.546622,-0.047971,0.717354,0.464164,-0.05042,0.691,0.417968,-0.052156,0.614488,0.602294,-0.061514,0.686372,0.532486,-0.073903,0.696997,0.469939,-0.07338,0.687673,0.426129,-0.072226
C,0.439427,0.661064,-0.000001,0.485001,0.566457,0.011303,0.525084,0.513301,-0.001118,0.549822,0.451726,-0.024551,0.572675,0.394817,-0.049477,0.634686,0.624773,0.018442,0.705114,0.55283,-0.00439,0.703968,0.487544,-0.02731,0.686118,0.442702,-0.041718,0.636184,0.639315,-0.006355,0.720795,0.545983,-0.020407,0.714295,0.471265,-0.033759,0.68554,0.43028,-0.044963,0.628109,0.634629,-0.034429,0.716129,0.548712,-0.047198,0.712748,0.467874,-0.051675,0.686926,0.42051,-0.056011,0.613885,0.609139,-0.063283,0.680987,0.541883,-0.073167,0.693616,0.477757,-0.073833,0.685517,0.430296,-0.074858
C,0.440474,0.645972,-0.000001,0.483213,0.548526,0.015174,0.523324,0.49301,0.005993,0.547096,0.432121,-0.015088,0.566507,0.37592,-0.037527,0.63531,0.591019,0.027528,0.703766,0.524236,0.008247,0.698537,0.460704,-0.012836,0.677211,0.419541,-0.026267,0.637182,0.607017,0.001744,0.718622,0.518731,-0.009304,0.710036,0.446979,-0.021921,0.677737,0.409418,-0.032431,0.62962,0.606358,-0.027249,0.713233,0.523316,-0.035463,0.709079,0.445569,-0.03876,0.68109,0.401197,-0.042787,0.615407,0.588177,-0.057097,0.679736,0.520274,-0.062722,0.691019,0.457091,-0.061982,0.680969,0.411707,-0.062459
C,0.432566,0.667326,-0.000001,0.480247,0.567256,0.01743,0.523485,0.513836,0.009695,0.549076,0.452796,-0.008825,0.568218,0.39393,-0.029315,0.622498,0.629829,0.019679,0.696821,0.544494,-0.000197,0.690781,0.475944,-0.020103,0.667959,0.433917,-0.032082,0.625672,0.637388,-0.005222,0.717277,0.534012,-0.018049,0.703988,0.458321,-0.029479,0.670077,0.421822,-0.038327,0.617995,0.62575,-0.031798,0.715596,0.535884,-0.041612,0.704365,0.457975,-0.041942,0.67361,0.416638,-0.043235,0.602401,0.593302,-0.058251,0.674191,0.520381,-0.066714,0.682307,0.457189,-0.06414,0.669716,0.413616,-0.062026
C,0.435154,0.667687,-0.000001,0.481457,0.571834,0.009413,0.522397,0.515907,-0.002886,0.546376,0.452773,-0.025295,0.568503,0.39498,-0.049065,0.626849,0.624758,0.01441,0.696295,0.549589,-0.009556,0.693082,0.481408,-0.032216,0.673167,0.43605,-0.045937,0.628069,0.637952,-0.008765,0.712986,0.542452,-0.024691,0.702855,0.464977,-0.037675,0.670945,0.424298,-0.047628,0.620203,0.631682,-0.035029,0.710275,0.547299,-0.048453,0.703081,0.465119,-0.051894,0.674065,0.418108,-0.054798,0.605262,0.60502,-0.062039,0.672946,0.537332,-0.072313,0.682937,0.472757,-0.072067,0.671836,0.425432,-0.071648
C,0.485597,0.671902,0,0.492101,0.575466,0.003562,0.517953,0.503523,-0.003753,0.52528,0.433522,-0.020623,0.528081,0.372046,-0.036973,0.628009,0.504625,0.024131,0.687755,0.458085,0.001072,0.670663,0.405783,-0.018507,0.642047,0.375437,-0.029304,0.638557,0.526981,0.003873,0.707772,0.467504,-0.016061,0.684257,0.404758,-0.031224,0.648734,0.377674,-0.037847,0.63836,0.552507,-0.02117,0.699585,0.488006,-0.037795,0.677062,0.417211,-0.048336,0.643876,0.383172,-0.051984,0.627993,0.574265,-0.047611,0.672523,0.507897,-0.056758,0.664731,0.442376,-0.0607,0.642533,0.402264,-0.062193
C,0.483324,0.685738,0,0.488858,0.586308,-0.000693,0.514427,0.510467,-0.010397,0.519799,0.438969,-0.028821,0.521574,0.378115,-0.046139,0.624935,0.508893,0.017471,0.687644,0.463639,-0.008141,0.671266,0.413917,-0.028629,0.642772,0.385688,-0.03981,0.633902,0.533345,-0.001761,0.705216,0.475893,-0.025392,0.683683,0.414829,-0.041589,0.648665,0.389435,-0.04826,0.632367,0.562068,-0.026149,0.695399,0.502071,-0.044853,0.676435,0.431283,-0.056763,0.645078,0.396773,-0.06093,0.620505,0.588047,-0.052364,0.667229,0.526094,-0.063651,0.662618,0.460359,-0.069918,0.642575,0.419155,-0.072713
C,0.475566,0.721964,0,0.485483,0.634669,-0.01154,0.516534,0.557384,-0.028217,0.527221,0.484083,-0.05136,0.534671,0.423431,-0.073254,0.628336,0.581473,-0.004811,0.701442,0.543311,-0.038421,0.684439,0.487529,-0.06062,0.652033,0.458487,-0.070644,0.633035,0.609726,-0.017946,0.717936,0.567866,-0.05043,0.693579,0.49932,-0.066025,0.654894,0.472815,-0.069209,0.628291,0.643259,-0.03635,0.705851,0.604292,-0.062546,0.685575,0.527429,-0.073863,0.650878,0.491491,-0.074606,0.614285,0.676191,-0.05674,0.672635,0.631451,-0.072768,0.671731,0.562905,-0.079303,0.653178,0.5212,-0.080274
C,0.472706,0.704735,0,0.481955,0.62082,-0.017233,0.513442,0.545004,-0.03473,0.527641,0.473165,-0.057487,0.533724,0.41149,-0.077848,0.627545,0.568492,-0.003381,0.701838,0.5386,-0.036753,0.684937,0.48498,-0.059255,0.651849,0.456767,-0.069409,0.63242,0.598006,-0.013661,0.720223,0.565292,-0.046238,0.697914,0.498003,-0.062705,0.659755,0.469977,-0.065671,0.628026,0.631573,-0.029897,0.703973,0.596441,-0.056122,0.685758,0.522121,-0.068297,0.653069,0.486853,-0.069152,0.614921,0.662668,-0.048692,0.67129,0.619479,-0.06461,0.670798,0.553719,-0.071416,0.652712,0.513792,-0.072171
C,0.457537,0.702189,-0.000001,0.493072,0.59758,0.008214,0.538107,0.543033,-0.001153,0.561356,0.479611,-0.020469,0.577092,0.418155,-0.040087,0.652136,0.64761,0.022294,0.720007,0.585361,0.000915,0.715957,0.51719,-0.018987,0.691843,0.476311,-0.030244,0.654305,0.661992,0.000321,0.736106,0.582801,-0.013417,0.725269,0.503834,-0.023793,0.692475,0.467247,-0.030065,0.644341,0.660242,-0.025692,0.730314,0.586151,-0.038946,0.723357,0.504518,-0.042662,0.693319,0.462307,-0.044043,0.62647,0.638369,-0.052673,0.693985,0.576105,-0.061198,0.70009,0.512327,-0.060274,0.683932,0.47005,-0.058748
C,0.44567,0.701508,-0.000001,0.492359,0.598335,0.011201,0.53789,0.543627,0.000201,0.561931,0.481214,-0.020886,0.578412,0.419944,-0.043107,0.646777,0.66108,0.017832,0.718434,0.586064,-0.00463,0.714361,0.514607,-0.026509,0.689836,0.470936,-0.039317,0.646536,0.671895,-0.005818,0.733457,0.579378,-0.019921,0.722389,0.500086,-0.032676,0.688397,0.462591,-0.041787,0.634767,0.663716,-0.032278,0.727571,0.584451,-0.04361,0.721892,0.503994,-0.046682,0.692274,0.462185,-0.048957,0.615597,0.633688,-0.059181,0.690193,0.569588,-0.066625,0.698606,0.509138,-0.063886,0.683083,0.469106,-0.061386
C,0.438315,0.705531,-0.000001,0.491086,0.598845,0.012445,0.537516,0.544784,0.000717,0.562543,0.483893,-0.021754,0.581504,0.426569,-0.045696,0.645729,0.670317,0.016288,0.717973,0.586428,-0.007844,0.708739,0.515934,-0.031309,0.680175,0.474192,-0.045086,0.643114,0.682487,-0.008781,0.734435,0.579017,-0.025003,0.717873,0.499883,-0.03902,0.678874,0.464881,-0.048768,0.629774,0.673854,-0.03638,0.727951,0.587917,-0.048769,0.718284,0.506328,-0.051245,0.684894,0.465815,-0.052871,0.609858,0.642096,-0.064345,0.688484,0.575904,-0.073281,0.696934,0.51354,-0.07072,0.68031,0.472748,-0.068062
C,0.433854,0.704411,-0.000001,0.484624,0.598181,0.013158,0.529811,0.548062,0.002874,0.555278,0.488529,-0.018445,0.575615,0.430913,-0.041294,0.640728,0.668915,0.018859,0.713193,0.590919,-0.004354,0.705069,0.521665,-0.027173,0.676929,0.480528,-0.040744,0.639203,0.682444,-0.00632,0.728437,0.583989,-0.021097,0.714209,0.5044,-0.034195,0.677015,0.469323,-0.043825,0.626033,0.67582,-0.034366,0.721221,0.592021,-0.047223,0.714242,0.509114,-0.05047,0.682158,0.467654,-0.052759,0.606484,0.646389,-0.06277,0.68234,0.583426,-0.072479,0.692581,0.519574,-0.071068,0.677434,0.477363,-0.069502
C,0.45217,0.759198,0,0.471053,0.651896,0.004099,0.509995,0.603597,-0.007941,0.541835,0.549828,-0.027545,0.565401,0.491634,-0.045866,0.622303,0.716671,0.004082,0.702094,0.676199,-0.018055,0.70268,0.602537,-0.032418,0.679669,0.559011,-0.038715,0.62611,0.727985,-0.012843,0.719294,0.676531,-0.027332,0.712401,0.59112,-0.031512,0.686548,0.553142,-0.031908,0.617622,0.720626,-0.032837,0.705611,0.665903,-0.042796,0.705007,0.584128,-0.044727,0.683452,0.543239,-0.045407,0.602437,0.689132,-0.053854,0.665335,0.642787,-0.060867,0.678088,0.578419,-0.063569,0.669739,0.535523,-0.064819
C,0.394555,0.339299,0,0.417837,0.409653,0.002521,0.451856,0.456229,-0.004862,0.469451,0.493626,-0.018622,0.494717,0.528122,-0.032658,0.529595,0.422992,-0.000983,0.597367,0.436327,-0.025043,0.592837,0.472585,-0.042687,0.572583,0.497162,-0.051464,0.527635,0.400731,-0.017611,0.603445,0.405467,-0.03975,0.59873,0.455607,-0.055382,0.572538,0.484025,-0.064009,0.518755,0.379897,-0.036528,0.590055,0.384835,-0.056587,0.589761,0.436702,-0.066605,0.568652,0.469489,-0.070365,0.502198,0.361024,-0.055882,0.558025,0.369869,-0.072831,0.566821,0.410084,-0.079669,0.557733,0.442476,-0.081993
C,0.452138,0.402157,0,0.471338,0.467244,0.000312,0.502811,0.514128,-0.009047,0.519077,0.553792,-0.02415,0.544244,0.589468,-0.039319,0.582256,0.483623,-0.005227,0.646916,0.497973,-0.028272,0.6451,0.535243,-0.043815,0.627019,0.559692,-0.051104,0.58166,0.463097,-0.020673,0.656316,0.472804,-0.042762,0.6506,0.521859,-0.056917,0.624416,0.547904,-0.063843,0.574581,0.44253,-0.038117,0.645307,0.449043,-0.055779,0.644069,0.500322,-0.06432,0.62318,0.531946,-0.067456,0.558715,0.422388,-0.056281,0.611806,0.431633,-0.071406,0.620992,0.47186,-0.078488,0.612931,0.50298,-0.081252
C,0.453617,0.409872,0,0.475802,0.481109,0.003309,0.508332,0.529119,-0.003958,0.524766,0.568823,-0.017789,0.551192,0.60455,-0.031839,0.587851,0.498806,0.000098,0.654718,0.514055,-0.022917,0.649364,0.549862,-0.039331,0.628928,0.574363,-0.047399,0.586973,0.478397,-0.017081,0.663628,0.488919,-0.039229,0.657122,0.537592,-0.054262,0.629442,0.563699,-0.061945,0.579442,0.457228,-0.036415,0.650732,0.464841,-0.055259,0.649278,0.516354,-0.064325,0.627414,0.548303,-0.067508,0.563499,0.436046,-0.056249,0.619348,0.4464,-0.072235,0.62867,0.487383,-0.078968,0.619654,0.519996,-0.081333
C,0.45356,0.405457,0,0.472975,0.470577,-0.000554,0.504154,0.516547,-0.010957,0.520081,0.554947,-0.02695,0.546845,0.590749,-0.042982,0.583443,0.486029,-0.008451,0.649051,0.501085,-0.032609,0.645402,0.538448,-0.048308,0.624696,0.561587,-0.055294,0.582653,0.464876,-0.023553,0.658408,0.474409,-0.045985,0.652269,0.523977,-0.059979,0.625031,0.550579,-0.06681,0.575227,0.44391,-0.040583,0.646282,0.45012,-0.058347,0.645717,0.501942,-0.06643,0.624692,0.533949,-0.069283,0.559101,0.422937,-0.058363,0.613564,0.431454,-0.07376,0.623459,0.472262,-0.080591,0.615234,0.503949,-0.083059
C,0.424138,0.405685,0,0.44572,0.473644,-0.001247,0.47777,0.522467,-0.011261,0.495193,0.564164,-0.02689,0.522818,0.599439,-0.042473,0.556181,0.488572,-0.006728,0.625015,0.50005,-0.030553,0.622869,0.53772,-0.046126,0.604267,0.56347,-0.05325,0.554933,0.466955,-0.021578,0.632127,0.474986,-0.044003,0.625803,0.524371,-0.057525,0.599876,0.552785,-0.064016,0.547573,0.445755,-0.038638,0.618262,0.452299,-0.05658,0.616422,0.503405,-0.063814,0.595521,0.536123,-0.065935,0.532178,0.424416,-0.056716,0.587606,0.432164,-0.071376,0.597206,0.472443,-0.077258,0.588806,0.503845,-0.079173
C,0.421072,0.377429,0,0.444567,0.449727,0.001953,0.479401,0.500199,-0.007659,0.498479,0.543425,-0.023691,0.527504,0.582101,-0.039677,0.561652,0.463115,-0.005834,0.632082,0.476611,-0.030601,0.628079,0.517472,-0.047002,0.607811,0.545258,-0.054703,0.560294,0.441605,-0.023513,0.641386,0.450369,-0.047549,0.634599,0.505494,-0.062564,0.606217,0.535758,-0.070009,0.552111,0.420159,-0.043144,0.627049,0.426359,-0.06235,0.624731,0.48358,-0.071096,0.602168,0.519614,-0.074212,0.53482,0.399524,-0.063444,0.592696,0.409349,-0.079511,0.602326,0.453568,-0.086536,0.593486,0.488075,-0.089147
A,0.298499,0.464914,0,0.333033,0.558012,-0.047255,0.393332,0.612658,-0.069146,0.459315,0.630451,-0.087773,0.503859,0.674499,-0.106629,0.498854,0.530285,-0.040776,0.585766,0.522164,-0.071074,0.636292,0.510007,-0.096905,0.680484,0.500751,-0.1166,0.49774,0.459134,-0.038065,0.589106,0.424091,-0.068965,0.644278,0.398663,-0.096052,0.689328,0.37923,-0.116994,0.479183,0.403405,-0.040894,0.562671,0.365196,-0.07283,0.614636,0.34069,-0.09355,0.656346,0.322026,-0.107643,0.448436,0.357746,-0.048088,0.511713,0.31185,-0.077067,0.55404,0.286292,-0.091944,0.591704,0.266703,-0.101612
A,0.215135,0.583034,0,0.199167,0.626038,-0.061132,0.177513,0.642627,-0.101579,0.152633,0.628893,-0.128157,0.129674,0.601445,-0.151672,0.219314,0.554274,-0.128073,0.151186,0.549274,-0.161978,0.118734,0.571641,-0.16775,0.105063,0.593023,-0.167982,0.208953,0.501466,-0.10605,0.126602,0.510083,-0.136463,0.096783,0.546663,-0.130676,0.094777,0.572383,-0.126271,0.191612,0.468953,-0.084514,0.117139,0.479414,-0.113708,0.093925,0.517144,-0.107187,0.095861,0.543717,-0.100935,0.172933,0.449637,-0.066304,0.122108,0.454724,-0.091988,0.101709,0.484804,-0.093302,0.101254,0.509198,-0.090914
A,0.375138,0.474911,0,0.414002,0.505587,-0.014766,0.461392,0.502902,-0.023645,0.500911,0.490924,-0.03008,0.530565,0.492589,-0.036998,0.469922,0.459824,-0.026005,0.517369,0.455508,-0.041382,0.546867,0.459603,-0.050645,0.566396,0.46542,-0.055178,0.463275,0.42432,-0.024009,0.5144,0.422719,-0.034668,0.544332,0.42641,-0.038856,0.564431,0.433048,-0.041164,0.451833,0.396716,-0.022896,0.499675,0.396096,-0.031093,0.528179,0.401621,-0.030286,0.547343,0.410014,-0.029412,0.436236,0.376648,-0.022794,0.471047,0.374867,-0.028711,0.494558,0.381174,-0.026772,0.511994,0.387949,-0.02435
A,0.611846,0.420486,0,0.646754,0.477689,-0.015667,0.704463,0.500165,-0.017989,0.751268,0.494542,-0.021007,0.784147,0.503938,-0.02202,0.739325,0.453229,0.001027,0.768255,0.432358,-0.02425,0.732224,0.43157,-0.038708,0.699948,0.440743,-0.042832,0.729707,0.409257,0.0013,0.760297,0.388312,-0.02802,0.717746,0.399019,-0.0371,0.683854,0.416433,-0.034426,0.715911,0.372115,-0.002968,0.738479,0.351326,-0.033625,0.696646,0.370125,-0.032865,0.666633,0.3915,-0.022193,0.697344,0.338779,-0.008226,0.718763,0.323386,-0.028965,0.690607,0.341644,-0.02688,0.668086,0.362916,-0.018414
A,0.61083,0.434056,0,0.641852,0.502111,-0.010681,0.701715,0.532779,-0.010243,0.750342,0.534188,-0.011681,0.781738,0.55233,-0.011782,0.739231,0.489339,0.006477,0.766766,0.474615,-0.016674,0.732676,0.469089,-0.031425,0.699041,0.47182,-0.036265,0.733285,0.441759,0.005361,0.760661,0.42608,-0.02174,0.716797,0.432891,-0.031291,0.680577,0.444119,-0.029812,0.722171,0.401083,0.000176,0.746133,0.384167,-0.026985,0.702539,0.399836,-0.026435,0.669351,0.416519,-0.017318,0.705923,0.363657,-0.005745,0.725904,0.352131,-0.024164,0.697421,0.368713,-0.022543,0.67421,0.387807,-0.015186
A,0.601422,0.441408,0,0.624877,0.514677,-0.013035,0.680497,0.5558,-0.013366,0.727932,0.566769,-0.01474,0.758211,0.591435,-0.014327,0.723171,0.521641,0.00461,0.752875,0.514072,-0.019981,0.716774,0.501739,-0.034254,0.681339,0.497849,-0.038016,0.722944,0.472864,0.004961,0.752857,0.463288,-0.023804,0.706463,0.461552,-0.032476,0.668396,0.46734,-0.029107,0.717453,0.429083,0.000894,0.742937,0.417746,-0.028315,0.695006,0.424717,-0.026739,0.660653,0.436746,-0.015562,0.705834,0.387862,-0.003943,0.728627,0.38161,-0.024027,0.695245,0.392483,-0.021587,0.669769,0.407191,-0.01264
A,0.603722,0.437002,0,0.62175,0.50304,-0.016589,0.681839,0.543545,-0.018878,0.730887,0.552278,-0.021253,0.760819,0.576796,-0.021692,0.728378,0.50159,-0.002612,0.75431,0.494478,-0.027009,0.718155,0.485409,-0.040158,0.684586,0.483687,-0.043646,0.725128,0.452567,-0.001766,0.752166,0.446863,-0.031298,0.706131,0.447255,-0.039592,0.669331,0.453089,-0.036303,0.716566,0.409851,-0.005238,0.73987,0.402273,-0.035675,0.694511,0.410736,-0.034759,0.661409,0.421283,-0.024314,0.702552,0.370135,-0.009646,0.722995,0.36603,-0.030943,0.691337,0.377408,-0.029579,0.666307,0.391039,-0.021693
A,0.561627,0.433251,0,0.582836,0.505459,-0.01269,0.638197,0.550034,-0.013655,0.684453,0.561125,-0.015789,0.716177,0.581751,-0.016843,0.681057,0.511509,0.004349,0.712952,0.512356,-0.019596,0.681356,0.503298,-0.034651,0.646618,0.498663,-0.038861,0.68077,0.464318,0.003819,0.715749,0.462825,-0.023428,0.672645,0.459529,-0.032709,0.633611,0.46229,-0.029748,0.675055,0.41969,-0.000896,0.70672,0.416085,-0.028829,0.660698,0.422117,-0.027185,0.624799,0.430756,-0.016024,0.663825,0.375874,-0.006339,0.688557,0.377391,-0.025959,0.655909,0.388945,-0.022424,0.629718,0.399663,-0.012673
A,0.551775,0.429248,0,0.587115,0.503561,-0.014642,0.647454,0.531441,-0.01794,0.700979,0.527563,-0.023659,0.736569,0.544551,-0.027224,0.689322,0.486703,0.003544,0.725506,0.47652,-0.025992,0.685131,0.471268,-0.043268,0.648372,0.474423,-0.048934,0.681304,0.437302,0.001265,0.717617,0.425836,-0.033441,0.667111,0.432169,-0.043755,0.627538,0.443867,-0.0412,0.668735,0.393313,-0.006197,0.700965,0.382432,-0.041228,0.651694,0.39886,-0.038742,0.615435,0.415876,-0.02599,0.650759,0.35084,-0.014776,0.68149,0.344082,-0.037853,0.648502,0.363257,-0.034451,0.620617,0.382683,-0.024663
A,0.553986,0.432674,0,0.59131,0.507492,-0.016301,0.653079,0.536755,-0.021517,0.707376,0.534502,-0.028996,0.743003,0.553542,-0.033863,0.696768,0.489313,-0.000084,0.731171,0.479188,-0.031424,0.688477,0.474283,-0.049749,0.651596,0.476807,-0.056168,0.688433,0.438158,-0.002291,0.722232,0.428125,-0.038507,0.669801,0.435303,-0.049142,0.630026,0.446064,-0.047278,0.675584,0.393076,-0.009765,0.706781,0.383254,-0.045837,0.656945,0.400445,-0.043494,0.620413,0.416963,-0.031124,0.65761,0.349598,-0.018525,0.685705,0.34458,-0.041841,0.653084,0.365778,-0.039026,0.626128,0.38652,-0.029978
A,0.546283,0.434615,0,0.58509,0.510839,-0.016526,0.64658,0.540792,-0.022195,0.701345,0.537991,-0.030174,0.738709,0.555098,-0.035461,0.691634,0.490618,-0.001089,0.727573,0.479437,-0.033934,0.683566,0.475855,-0.052625,0.646195,0.478855,-0.058949,0.68318,0.439309,-0.003643,0.717795,0.428833,-0.041246,0.663164,0.437018,-0.051591,0.623575,0.447702,-0.049092,0.670301,0.393396,-0.011544,0.70189,0.381356,-0.049143,0.650282,0.399982,-0.045621,0.614374,0.4171,-0.031964,0.652001,0.348593,-0.02071,0.681322,0.341587,-0.044649,0.646688,0.364592,-0.040392,0.619646,0.385936,-0.029994
A,0.539052,0.436156,0,0.578172,0.512766,-0.016875,0.641991,0.540384,-0.022246,0.697638,0.536542,-0.030021,0.735299,0.550504,-0.03524,0.686613,0.491023,-0.001094,0.722894,0.47876,-0.035086,0.678058,0.476764,-0.054921,0.639564,0.481393,-0.061811,0.677094,0.438961,-0.003833,0.710645,0.4243,-0.042001,0.656385,0.43609,-0.052967,0.617021,0.45027,-0.051101,0.663018,0.392467,-0.012135,0.693964,0.377858,-0.050199,0.642466,0.398589,-0.047143,0.606609,0.417562,-0.033902,0.643441,0.346845,-0.02182,0.673008,0.336214,-0.046146,0.638682,0.360394,-0.042431,0.611479,0.383704,-0.03249
A,0.542805,0.438137,0,0.580406,0.516405,-0.019333,0.643047,0.54847,-0.025588,0.699975,0.545845,-0.033578,0.740733,0.560151,-0.038931,0.690693,0.495739,-0.001924,0.725399,0.482904,-0.035336,0.680095,0.47996,-0.054723,0.641687,0.483269,-0.061374,0.681956,0.443754,-0.003088,0.716036,0.431572,-0.040715,0.660847,0.441025,-0.051505,0.62048,0.452694,-0.049289,0.668279,0.397214,-0.00996,0.700093,0.385391,-0.048065,0.647562,0.404853,-0.04492,0.610383,0.422445,-0.031355,0.648903,0.351633,-0.018336,0.67724,0.343997,-0.043732,0.642081,0.366613,-0.040426,0.614528,0.387646,-0.030357
A,0.543742,0.442539,0,0.581948,0.525819,-0.018756,0.648328,0.561274,-0.024886,0.708465,0.559662,-0.032971,0.750387,0.575999,-0.038676,0.698642,0.506322,-0.004046,0.73391,0.4954,-0.038737,0.687523,0.491906,-0.05938,0.647423,0.493764,-0.067114,0.689581,0.450117,-0.006232,0.722791,0.437876,-0.045534,0.664136,0.449696,-0.057037,0.621774,0.461252,-0.055723,0.675199,0.400919,-0.013979,0.708993,0.387632,-0.053025,0.653166,0.409127,-0.049506,0.614211,0.426677,-0.03609,0.654857,0.352518,-0.023248,0.684362,0.344613,-0.049568,0.647184,0.368691,-0.046426,0.618798,0.390323,-0.036691
A,0.542476,0.423459,0,0.580764,0.511542,-0.021496,0.648463,0.550798,-0.029342,0.711763,0.548368,-0.03906,0.755141,0.5638,-0.046033,0.704146,0.493868,-0.006288,0.742536,0.481183,-0.044736,0.692626,0.477407,-0.067868,0.649623,0.478405,-0.076681,0.694566,0.433941,-0.008459,0.73067,0.420598,-0.05113,0.668831,0.432855,-0.064004,0.624804,0.444687,-0.063077,0.679099,0.381845,-0.016711,0.712919,0.367058,-0.059038,0.655242,0.38941,-0.055946,0.616021,0.407292,-0.042056,0.658089,0.330896,-0.026705,0.686665,0.321142,-0.054241,0.649152,0.347281,-0.05089,0.621566,0.370449,-0.040809
A,0.533493,0.443367,0,0.573254,0.533394,-0.021539,0.647009,0.57167,-0.026859,0.71255,0.569363,-0.034092,0.760229,0.585698,-0.037895,0.702696,0.514029,0.000016,0.740231,0.505975,-0.038848,0.687538,0.497139,-0.060757,0.642089,0.498109,-0.067734,0.695265,0.452238,-0.00127,0.729927,0.444618,-0.045849,0.665978,0.45254,-0.058457,0.619387,0.46514,-0.055513,0.681741,0.397918,-0.00939,0.715495,0.387749,-0.054428,0.6519,0.408363,-0.051179,0.607239,0.428909,-0.03551,0.661082,0.346463,-0.019212,0.689974,0.341247,-0.050378,0.646594,0.364147,-0.048135,0.613209,0.387826,-0.037136
A,0.53108,0.452523,0,0.572506,0.543842,-0.0199,0.647946,0.583341,-0.024597,0.712656,0.580806,-0.031099,0.759899,0.597316,-0.034852,0.69937,0.527568,-0.001715,0.737986,0.519517,-0.039,0.689241,0.512217,-0.059525,0.643877,0.510677,-0.065834,0.692867,0.465184,-0.00361,0.731882,0.457721,-0.046612,0.668805,0.464913,-0.058413,0.620483,0.474799,-0.055076,0.679459,0.408792,-0.011728,0.716924,0.400339,-0.055137,0.653593,0.421285,-0.050163,0.608169,0.439788,-0.03375,0.657883,0.353561,-0.021306,0.68963,0.352208,-0.051548,0.64647,0.377509,-0.047519,0.613445,0.399593,-0.035478
A,0.526924,0.465285,0,0.564117,0.552013,-0.023398,0.64157,0.597472,-0.02937,0.707918,0.597874,-0.03538,0.75741,0.611809,-0.037747,0.698904,0.53826,-0.01102,0.739349,0.533781,-0.047294,0.687646,0.52777,-0.064255,0.642735,0.527028,-0.06831,0.692092,0.474703,-0.011531,0.732885,0.471024,-0.054241,0.666326,0.480475,-0.06314,0.619081,0.490076,-0.057886,0.678101,0.417721,-0.017926,0.715591,0.411363,-0.061782,0.649733,0.436031,-0.05511,0.605186,0.454412,-0.037702,0.655675,0.362128,-0.025894,0.687763,0.362984,-0.057387,0.642919,0.390242,-0.053177,0.610108,0.411641,-0.040916
A,0.52316,0.45929,0,0.558047,0.546379,-0.028358,0.637337,0.596524,-0.034599,0.706768,0.602016,-0.03971,0.759505,0.615982,-0.040815,0.698261,0.538442,-0.007046,0.737828,0.536804,-0.044241,0.686483,0.530743,-0.062665,0.641114,0.528018,-0.066954,0.693849,0.475434,-0.004057,0.731361,0.472729,-0.047531,0.661815,0.48014,-0.057291,0.613747,0.488175,-0.051142,0.681492,0.415522,-0.007956,0.714032,0.410672,-0.052862,0.645913,0.432426,-0.045811,0.602689,0.447741,-0.026792,0.660567,0.35396,-0.013834,0.688599,0.356077,-0.045971,0.64236,0.384668,-0.040794,0.611903,0.404932,-0.026642
A,0.512809,0.4484,0,0.553023,0.539019,-0.028114,0.637123,0.588888,-0.03421,0.70613,0.597683,-0.039882,0.759487,0.615268,-0.041869,0.699505,0.527613,-0.004664,0.739299,0.52474,-0.043269,0.686975,0.520244,-0.063194,0.639404,0.520352,-0.067843,0.694349,0.461889,-0.002002,0.730923,0.461036,-0.046363,0.660623,0.468339,-0.056375,0.609793,0.478819,-0.049585,0.680491,0.398233,-0.006689,0.713476,0.396784,-0.052141,0.643403,0.418651,-0.045346,0.596698,0.436568,-0.025682,0.657026,0.334944,-0.013486,0.686023,0.339759,-0.04638,0.639318,0.368673,-0.041408,0.607371,0.389829,-0.026605
A,0.511048,0.456373,0,0.547691,0.549556,-0.02719,0.635785,0.600871,-0.031912,0.707793,0.607342,-0.036065,0.762581,0.620097,-0.036736,0.69433,0.53865,-0.006669,0.736855,0.535757,-0.044779,0.684181,0.528823,-0.064148,0.63705,0.527597,-0.069014,0.687912,0.471378,-0.004611,0.729028,0.468831,-0.049091,0.659282,0.47733,-0.059456,0.608357,0.487791,-0.053687,0.673806,0.408368,-0.009554,0.711481,0.404112,-0.055393,0.641416,0.427944,-0.04894,0.594239,0.446202,-0.030271,0.651086,0.346278,-0.016398,0.683489,0.347842,-0.050018,0.63543,0.376563,-0.045683,0.601113,0.398983,-0.032019
A,0.512941,0.462021,0,0.547468,0.555248,-0.028192,0.636798,0.608862,-0.03321,0.709508,0.613441,-0.037223,0.764608,0.627601,-0.037282,0.699762,0.54508,-0.008134,0.739502,0.542408,-0.046936,0.685746,0.537203,-0.065984,0.638123,0.536691,-0.070289,0.693112,0.477157,-0.005697,0.732229,0.476428,-0.051026,0.661282,0.485036,-0.060977,0.609868,0.494944,-0.054559,0.678513,0.41371,-0.010326,0.71358,0.411234,-0.057184,0.642446,0.435054,-0.050595,0.595073,0.452934,-0.031501,0.655709,0.350409,-0.016892,0.684976,0.354765,-0.050983,0.636115,0.383227,-0.046754,0.602045,0.404554,-0.032966
A,0.511232,0.462117,0,0.545996,0.556675,-0.025911,0.636162,0.606987,-0.029711,0.709013,0.608199,-0.032902,0.761517,0.625632,-0.032265,0.694162,0.54387,-0.006421,0.738187,0.539908,-0.043716,0.684019,0.535224,-0.061208,0.636641,0.535394,-0.06464,0.686762,0.476903,-0.004646,0.729506,0.473792,-0.048392,0.659416,0.482922,-0.057433,0.609329,0.493227,-0.050595,0.672179,0.414207,-0.009676,0.709199,0.409192,-0.055144,0.638783,0.432796,-0.047909,0.593154,0.450221,-0.028626,0.649664,0.351715,-0.016371,0.682763,0.352056,-0.048784,0.634643,0.37939,-0.043474,0.601338,0.399818,-0.029304
A,0.511016,0.461091,0,0.548461,0.550364,-0.026647,0.630398,0.601061,-0.032373,0.699963,0.604182,-0.037332,0.754747,0.613744,-0.038518,0.689472,0.539653,-0.010765,0.730278,0.534418,-0.047233,0.678428,0.527908,-0.064566,0.634059,0.526454,-0.06873,0.682944,0.474633,-0.00924,0.72208,0.469574,-0.052809,0.653266,0.478738,-0.062145,0.605212,0.488483,-0.056586,0.669,0.414528,-0.013994,0.706978,0.405286,-0.058335,0.639046,0.430455,-0.051052,0.593753,0.44951,-0.032939,0.646748,0.354477,-0.020583,0.677623,0.35296,-0.053044,0.631718,0.382686,-0.048512,0.599414,0.405734,-0.03545
A,0.518084,0.463703,0,0.557796,0.552248,-0.024637,0.638052,0.60023,-0.030436,0.706143,0.602144,-0.036386,0.76022,0.605415,-0.038756,0.696269,0.537624,-0.009194,0.732984,0.535804,-0.04807,0.678609,0.526277,-0.06772,0.632872,0.522745,-0.07283,0.688936,0.472811,-0.009322,0.725302,0.470939,-0.054254,0.656311,0.477978,-0.064071,0.607697,0.48732,-0.058609,0.674303,0.414037,-0.01591,0.70721,0.409526,-0.061122,0.640234,0.432143,-0.054346,0.595448,0.449979,-0.036126,0.652143,0.35724,-0.024266,0.681818,0.358092,-0.055364,0.636144,0.385136,-0.050001,0.603324,0.406645,-0.036508
A,0.521491,0.462882,0,0.562431,0.550496,-0.024518,0.640309,0.598132,-0.029905,0.707282,0.601241,-0.035367,0.762163,0.602001,-0.037617,0.697023,0.53961,-0.006712,0.733808,0.534431,-0.04329,0.682489,0.525432,-0.062621,0.638361,0.52319,-0.067942,0.69101,0.475508,-0.00571,0.725027,0.471418,-0.047747,0.658069,0.477607,-0.057566,0.610465,0.486654,-0.052812,0.677549,0.41598,-0.011062,0.710169,0.410137,-0.053171,0.644557,0.431394,-0.046174,0.600076,0.448551,-0.028676,0.656121,0.357708,-0.01825,0.685041,0.35705,-0.047865,0.640536,0.383529,-0.042166,0.60877,0.404273,-0.02864
A,0.519936,0.457558,0,0.559011,0.544611,-0.026576,0.636181,0.593701,-0.032603,0.702777,0.596313,-0.037911,0.754783,0.603903,-0.039521,0.693625,0.536856,-0.008063,0.731728,0.528946,-0.044691,0.680839,0.52126,-0.06272,0.637141,0.520822,-0.067059,0.687639,0.473769,-0.005834,0.722997,0.466311,-0.048638,0.655224,0.47269,-0.05749,0.609049,0.482841,-0.051416,0.674337,0.415139,-0.010165,0.707166,0.405861,-0.053875,0.640941,0.426874,-0.046036,0.598643,0.444375,-0.027132,0.652849,0.356756,-0.016384,0.681633,0.352507,-0.047537,0.637146,0.379613,-0.041988,0.608018,0.400938,-0.027976
A,0.529472,0.482572,0,0.550069,0.564553,-0.027042,0.623402,0.619697,-0.032379,0.693563,0.633067,-0.036656,0.745258,0.655014,-0.03585,0.690716,0.586251,-0.007897,0.741962,0.58176,-0.044445,0.692478,0.567877,-0.059397,0.653146,0.562685,-0.061779,0.69249,0.525432,-0.00613,0.740274,0.52031,-0.048232,0.672726,0.516603,-0.055669,0.632897,0.520455,-0.049002,0.685622,0.467158,-0.011128,0.726521,0.457321,-0.057784,0.656214,0.464493,-0.050037,0.617794,0.476031,-0.03093,0.671285,0.4075,-0.017724,0.702911,0.403406,-0.05092,0.654224,0.416216,-0.046385,0.62427,0.431263,-0.033333
A,0.521585,0.48088,0,0.543441,0.563293,-0.030198,0.621173,0.618641,-0.036252,0.692679,0.628829,-0.040373,0.743782,0.647317,-0.038386,0.689677,0.578174,-0.011606,0.737009,0.569741,-0.04944,0.682857,0.558331,-0.063415,0.644865,0.55626,-0.065108,0.688944,0.515582,-0.008877,0.733886,0.507184,-0.053785,0.662663,0.508307,-0.06029,0.625095,0.515156,-0.052352,0.67979,0.457708,-0.013285,0.716792,0.444377,-0.062543,0.644571,0.458257,-0.054011,0.608483,0.473281,-0.033778,0.663619,0.399986,-0.019554,0.691747,0.392811,-0.054625,0.64246,0.410445,-0.0506,0.615025,0.428218,-0.037559
A,0.520348,0.48338,0,0.541533,0.565939,-0.03037,0.619384,0.618708,-0.035725,0.690511,0.626559,-0.038889,0.742217,0.641587,-0.035819,0.685916,0.574336,-0.010738,0.735311,0.56719,-0.04872,0.680001,0.558401,-0.062209,0.641326,0.556646,-0.062966,0.684683,0.514095,-0.00703,0.728766,0.504432,-0.050891,0.657794,0.508467,-0.056275,0.622999,0.516905,-0.047425,0.6752,0.456658,-0.010635,0.714691,0.442063,-0.059617,0.642428,0.457901,-0.049862,0.607667,0.4733,-0.028609,0.658097,0.398961,-0.016,0.68924,0.390704,-0.051323,0.639451,0.41009,-0.046122,0.611941,0.42761,-0.031772
A,0.522822,0.480216,0,0.54786,0.564999,-0.02914,0.6247,0.613778,-0.035264,0.693961,0.619158,-0.039595,0.745093,0.637053,-0.038358,0.690787,0.571437,-0.012531,0.736576,0.562249,-0.049795,0.683554,0.552078,-0.064599,0.645336,0.550463,-0.067185,0.68889,0.507484,-0.009952,0.731039,0.496364,-0.052997,0.661567,0.500626,-0.058968,0.624436,0.511031,-0.051627,0.67858,0.449794,-0.014277,0.715117,0.435646,-0.061837,0.645201,0.450888,-0.052994,0.609691,0.467286,-0.033372,0.660703,0.394079,-0.020453,0.690101,0.386585,-0.054458,0.641952,0.403585,-0.049678,0.614457,0.420928,-0.036517
A,0.519413,0.479456,0,0.550105,0.56748,-0.027019,0.626575,0.616513,-0.032086,0.696503,0.616595,-0.036852,0.749563,0.630432,-0.036929,0.69112,0.570926,-0.004298,0.732327,0.564023,-0.04261,0.678035,0.551208,-0.060441,0.631875,0.548509,-0.064063,0.688577,0.5073,-0.002619,0.726091,0.499019,-0.048596,0.656505,0.501417,-0.058581,0.608759,0.511454,-0.052073,0.678187,0.450574,-0.008159,0.707355,0.44043,-0.056761,0.637184,0.455312,-0.051317,0.592542,0.473058,-0.032397,0.65923,0.395622,-0.015503,0.685374,0.393037,-0.049936,0.636336,0.410111,-0.046837,0.602911,0.430163,-0.033827
A,0.528269,0.486986,0,0.559617,0.579095,-0.021956,0.632848,0.632255,-0.025378,0.699081,0.638681,-0.029675,0.751826,0.647992,-0.030696,0.69625,0.584831,0.001188,0.72813,0.586309,-0.034678,0.677631,0.570632,-0.054493,0.630741,0.563535,-0.059914,0.695562,0.520987,0.001284,0.723426,0.522552,-0.039891,0.658339,0.519968,-0.05119,0.608833,0.525389,-0.047202,0.686525,0.461288,-0.005337,0.707818,0.461062,-0.048377,0.641395,0.472781,-0.045148,0.594835,0.487513,-0.029556,0.669037,0.403349,-0.013531,0.68848,0.408811,-0.04352,0.642006,0.426005,-0.040625,0.608349,0.444458,-0.029042
A,0.530028,0.489843,0,0.560507,0.582259,-0.020881,0.635002,0.634664,-0.024077,0.702262,0.640662,-0.028617,0.755011,0.649699,-0.030313,0.696212,0.585974,0.001363,0.730172,0.587682,-0.035643,0.679838,0.572078,-0.057185,0.633488,0.564696,-0.063806,0.694358,0.52078,0.000527,0.725059,0.522351,-0.041283,0.660633,0.521503,-0.053813,0.61157,0.525338,-0.051037,0.684544,0.461807,-0.00692,0.710803,0.459347,-0.049703,0.64496,0.472628,-0.046992,0.598338,0.485818,-0.032184,0.667436,0.405227,-0.015929,0.69102,0.407368,-0.045213,0.645247,0.425058,-0.042148,0.610989,0.443115,-0.030954
A,0.532186,0.488906,0,0.562176,0.580936,-0.022178,0.638311,0.634059,-0.025117,0.704741,0.639953,-0.028525,0.756964,0.647886,-0.028843,0.696539,0.581554,-0.002359,0.730987,0.583758,-0.037207,0.68153,0.572064,-0.056057,0.63625,0.566946,-0.061201,0.694938,0.517513,-0.002024,0.7265,0.519929,-0.041892,0.662248,0.521202,-0.052424,0.613993,0.52691,-0.048527,0.68539,0.459343,-0.008003,0.710712,0.458213,-0.04936,0.645031,0.472852,-0.045488,0.599919,0.487307,-0.030247,0.668398,0.403675,-0.015583,0.69174,0.407211,-0.044218,0.646562,0.425796,-0.040618,0.613443,0.444107,-0.029257
A,0.53013,0.487407,0,0.560615,0.582031,-0.022462,0.634796,0.63395,-0.026144,0.701706,0.639611,-0.030857,0.753524,0.649884,-0.032425,0.696445,0.582867,0.000003,0.729521,0.584646,-0.037086,0.677861,0.571202,-0.057967,0.630589,0.564379,-0.064015,0.693631,0.518804,0.00016,0.722815,0.520332,-0.042033,0.657386,0.520649,-0.05401,0.608499,0.525473,-0.050681,0.683406,0.460428,-0.00648,0.709653,0.458682,-0.049365,0.643999,0.472679,-0.045905,0.597992,0.486703,-0.030472,0.665817,0.403942,-0.014877,0.690423,0.407337,-0.044288,0.645018,0.425964,-0.041046,0.611353,0.444351,-0.029599
A,0.526632,0.484284,0,0.563938,0.576479,-0.019122,0.636888,0.625054,-0.021323,0.700455,0.623697,-0.025216,0.748064,0.631028,-0.026323,0.695305,0.572083,0.001977,0.726608,0.573051,-0.033222,0.679577,0.560979,-0.05353,0.634912,0.554659,-0.059566,0.691693,0.509037,0.000595,0.722184,0.509063,-0.04073,0.659991,0.507838,-0.052282,0.609925,0.513642,-0.048229,0.681002,0.452748,-0.007081,0.702276,0.452484,-0.048131,0.641055,0.464824,-0.044781,0.596484,0.478877,-0.029315,0.662976,0.397957,-0.016347,0.68475,0.40288,-0.042611,0.643085,0.421652,-0.037929,0.612031,0.43941,-0.025755
A,0.534857,0.456377,0,0.567573,0.543116,-0.019119,0.640609,0.59337,-0.02111,0.702241,0.592507,-0.023616,0.748674,0.602315,-0.023391,0.694111,0.537142,-0.001713,0.726873,0.536245,-0.03354,0.680352,0.526335,-0.050795,0.636853,0.52206,-0.055444,0.691975,0.476309,-0.001892,0.723424,0.476677,-0.039214,0.662421,0.479355,-0.049344,0.615622,0.485886,-0.045617,0.682358,0.422338,-0.007484,0.709959,0.41821,-0.045309,0.648371,0.433595,-0.040806,0.605352,0.447581,-0.026051,0.664956,0.369397,-0.014431,0.689942,0.370333,-0.040892,0.646956,0.389705,-0.036537,0.615747,0.40706,-0.025029
A,0.550774,0.43886,0,0.576155,0.518886,-0.021972,0.644578,0.56753,-0.024417,0.70407,0.572566,-0.026661,0.75057,0.578324,-0.026101,0.699889,0.520816,-0.00026,0.734003,0.519889,-0.031164,0.690691,0.509114,-0.048316,0.650249,0.504752,-0.052574,0.699546,0.464375,0.001961,0.731991,0.45985,-0.033624,0.675872,0.461152,-0.043845,0.632372,0.468364,-0.039673,0.692016,0.412385,-0.001712,0.718308,0.40457,-0.038357,0.660385,0.417062,-0.035811,0.620213,0.431401,-0.021828,0.677359,0.361882,-0.006901,0.699857,0.35969,-0.032593,0.660274,0.377196,-0.02979,0.631588,0.395351,-0.018888
A,0.550941,0.436844,0,0.586134,0.522152,-0.017884,0.650149,0.565559,-0.020838,0.709266,0.568688,-0.025926,0.754953,0.576547,-0.028427,0.703749,0.516758,0.004828,0.740185,0.511866,-0.029194,0.69561,0.500065,-0.050108,0.65238,0.496414,-0.056966,0.700018,0.459526,0.003587,0.733173,0.45318,-0.036506,0.675251,0.45431,-0.049647,0.629053,0.461898,-0.047513,0.690043,0.408088,-0.003757,0.719606,0.400866,-0.043107,0.66291,0.414164,-0.041321,0.620629,0.429129,-0.027752,0.673208,0.358272,-0.012595,0.699127,0.357177,-0.038952,0.660032,0.375415,-0.0363,0.628823,0.394766,-0.025852
A,0.546354,0.439227,0,0.579381,0.522822,-0.017962,0.645834,0.564244,-0.020672,0.704656,0.566909,-0.025196,0.74975,0.573898,-0.026979,0.699878,0.516964,0.003274,0.733702,0.513828,-0.030814,0.688253,0.50177,-0.051211,0.645192,0.497715,-0.057662,0.696221,0.45943,0.002295,0.727317,0.453501,-0.037985,0.668686,0.45638,-0.05057,0.622788,0.464717,-0.048074,0.686718,0.407981,-0.004698,0.714492,0.400012,-0.04397,0.656936,0.415549,-0.041976,0.614736,0.431499,-0.028439,0.670623,0.358655,-0.013167,0.69569,0.357335,-0.039495,0.656101,0.376028,-0.037061,0.624971,0.395462,-0.02693
A,0.548534,0.441213,0,0.579291,0.525497,-0.017728,0.646217,0.566826,-0.019437,0.70453,0.569903,-0.022636,0.749103,0.579451,-0.023257,0.700494,0.523689,0.005218,0.733973,0.519857,-0.027062,0.690947,0.508675,-0.046782,0.649363,0.50525,-0.0532,0.699271,0.466651,0.004863,0.730117,0.46213,-0.033776,0.672374,0.46485,-0.046433,0.627103,0.472781,-0.043868,0.691228,0.414702,-0.001338,0.71842,0.407473,-0.039717,0.659408,0.42224,-0.037754,0.617463,0.437927,-0.024151,0.675275,0.365015,-0.008967,0.697969,0.363867,-0.035845,0.657433,0.382721,-0.033871,0.627416,0.40263,-0.023746
A,0.553176,0.443873,0,0.578249,0.520704,-0.021902,0.644487,0.565384,-0.024673,0.702384,0.567654,-0.027428,0.747677,0.57386,-0.027032,0.700531,0.519026,0.001478,0.738961,0.517344,-0.030265,0.695958,0.508877,-0.046862,0.655651,0.506142,-0.049905,0.698884,0.464471,0.003218,0.738357,0.458931,-0.03317,0.683155,0.461449,-0.0433,0.640083,0.468888,-0.038098,0.69072,0.413692,-0.001194,0.722682,0.405417,-0.039427,0.664434,0.417934,-0.036772,0.624577,0.43175,-0.021558,0.675589,0.363767,-0.00699,0.705186,0.363066,-0.033469,0.665363,0.379185,-0.029867,0.634851,0.395162,-0.017687
A,0.549397,0.442186,0,0.57705,0.524129,-0.021044,0.644079,0.569838,-0.023405,0.703376,0.574147,-0.026316,0.748966,0.583643,-0.025992,0.699603,0.523936,0.001388,0.739864,0.520234,-0.030932,0.695316,0.509248,-0.047984,0.653118,0.506991,-0.051803,0.698042,0.467543,0.002727,0.735607,0.461726,-0.036125,0.676667,0.463851,-0.04705,0.631436,0.472346,-0.042357,0.690296,0.415434,-0.001988,0.721906,0.406428,-0.041456,0.661014,0.419822,-0.038554,0.619031,0.435634,-0.023289,0.675232,0.364738,-0.00818,0.703643,0.362525,-0.035481,0.662487,0.379393,-0.032556,0.631434,0.397375,-0.021099
A,0.545923,0.450249,0,0.577598,0.537208,-0.02058,0.643436,0.58082,-0.024518,0.703876,0.580227,-0.029609,0.75019,0.590019,-0.031586,0.699473,0.53247,0.000246,0.736473,0.52706,-0.034535,0.691032,0.515081,-0.055487,0.647899,0.512985,-0.062603,0.696334,0.472206,-0.000029,0.732488,0.465823,-0.040494,0.674819,0.469006,-0.053209,0.629242,0.479306,-0.051175,0.687132,0.419548,-0.006431,0.718602,0.410909,-0.046576,0.659201,0.42532,-0.044199,0.616044,0.442545,-0.030371,0.671198,0.370158,-0.014579,0.697054,0.368225,-0.042063,0.656448,0.386259,-0.039829,0.6247,0.406823,-0.02978
A,0.54551,0.452358,0,0.578008,0.539629,-0.018967,0.645129,0.581001,-0.021927,0.705459,0.579295,-0.026484,0.751417,0.587064,-0.028121,0.701321,0.531057,0.002059,0.737904,0.525996,-0.032383,0.691944,0.516551,-0.053096,0.647476,0.515149,-0.059763,0.697562,0.471538,0.001365,0.732954,0.464613,-0.03887,0.674455,0.470278,-0.051645,0.627734,0.481489,-0.049344,0.687829,0.419277,-0.005328,0.718296,0.410287,-0.0449,0.659184,0.427424,-0.042917,0.61583,0.445716,-0.029208,0.671306,0.369935,-0.013607,0.697883,0.367725,-0.040333,0.657812,0.387886,-0.037922,0.625725,0.409158,-0.027681
A,0.550656,0.454132,0,0.580191,0.539906,-0.019296,0.649295,0.584664,-0.022069,0.710738,0.583198,-0.025843,0.757394,0.59286,-0.026731,0.706204,0.537804,0.000508,0.739494,0.533,-0.031936,0.694362,0.523818,-0.050742,0.65198,0.522669,-0.056907,0.703892,0.477067,-0.000215,0.736995,0.473278,-0.038492,0.678353,0.478491,-0.050111,0.633184,0.487495,-0.047724,0.694326,0.424268,-0.006598,0.723517,0.416986,-0.045575,0.66281,0.433209,-0.042334,0.620241,0.449037,-0.028342,0.676946,0.374108,-0.014496,0.703044,0.373368,-0.041729,0.661396,0.392092,-0.038703,0.629799,0.411327,-0.028223
A,0.557461,0.456134,0,0.587052,0.542308,-0.020871,0.654417,0.588064,-0.024559,0.714884,0.586904,-0.028962,0.761438,0.593573,-0.030463,0.7117,0.539489,-0.001465,0.744945,0.535222,-0.035562,0.69998,0.524413,-0.055725,0.657702,0.522243,-0.062421,0.708993,0.47858,-0.00147,0.742347,0.4742,-0.041004,0.684085,0.478539,-0.053055,0.638717,0.487935,-0.050684,0.699392,0.426267,-0.007347,0.727931,0.419009,-0.046907,0.668224,0.433857,-0.044006,0.625975,0.449329,-0.029998,0.682524,0.377445,-0.014914,0.708771,0.376693,-0.041942,0.66803,0.39429,-0.038972,0.636901,0.412863,-0.028488
A,0.549949,0.457722,0,0.583233,0.544574,-0.019192,0.650576,0.588094,-0.021882,0.710592,0.58627,-0.025967,0.756293,0.592798,-0.027053,0.707145,0.538355,0.002701,0.742065,0.533057,-0.031293,0.696265,0.52245,-0.0513,0.652354,0.520054,-0.057454,0.703485,0.478969,0.002505,0.736227,0.472811,-0.037603,0.677439,0.477342,-0.049675,0.63136,0.487398,-0.046622,0.693621,0.426612,-0.003797,0.722776,0.419531,-0.043199,0.663787,0.435398,-0.040445,0.621138,0.452113,-0.026076,0.676427,0.37708,-0.011732,0.700964,0.376811,-0.038742,0.660403,0.396857,-0.036373,0.629441,0.417258,-0.025857
A,0.549113,0.456485,0,0.579503,0.539828,-0.018919,0.646462,0.5816,-0.021937,0.705564,0.578217,-0.025942,0.7506,0.587451,-0.027136,0.700824,0.532991,0.001182,0.73317,0.528435,-0.030911,0.689387,0.52042,-0.049892,0.648077,0.520109,-0.056125,0.697667,0.474199,0.000514,0.730966,0.470732,-0.037232,0.674343,0.47594,-0.049076,0.630175,0.484815,-0.046769,0.687826,0.423159,-0.005738,0.716998,0.416326,-0.044138,0.658379,0.432325,-0.041373,0.616804,0.447956,-0.027604,0.670393,0.374822,-0.013445,0.69635,0.374481,-0.040238,0.656024,0.393461,-0.037337,0.625109,0.412538,-0.026899
B,0.449947,0.571584,0,0.479086,0.512369,-0.029995,0.534024,0.471123,-0.04639,0.586318,0.485768,-0.060767,0.617534,0.533244,-0.073596,0.605599,0.48802,-0.023061,0.671225,0.480963,-0.04432,0.712023,0.481024,-0.060769,0.746578,0.486578,-0.073692,0.612336,0.531377,-0.02317,0.690045,0.529092,-0.042594,0.739067,0.529805,-0.057929,0.779638,0.532458,-0.069493,0.605279,0.573265,-0.027546,0.67784,0.578213,-0.046996,0.72302,0.579641,-0.061641,0.759925,0.581289,-0.071732,0.586982,0.616481,-0.034795,0.642463,0.617253,-0.052801,0.679458,0.61909,-0.064004,0.710364,0.620146,-0.071816
B,0.44893,0.557903,0,0.480748,0.500308,-0.027854,0.535257,0.462352,-0.043007,0.586973,0.473801,-0.057156,0.619178,0.515042,-0.06997,0.610484,0.478783,-0.019513,0.675068,0.471088,-0.040383,0.715332,0.470796,-0.057703,0.750336,0.475005,-0.071398,0.617686,0.521278,-0.021037,0.695587,0.518809,-0.039939,0.743798,0.519239,-0.055229,0.784079,0.520506,-0.067162,0.610901,0.562238,-0.026908,0.684095,0.565865,-0.045433,0.729181,0.568234,-0.059146,0.767203,0.56964,-0.069084,0.592481,0.603889,-0.035812,0.648553,0.606679,-0.052379,0.68559,0.608253,-0.062335,0.717278,0.607999,-0.069774
B,0.450652,0.549426,0,0.483204,0.491106,-0.027905,0.539131,0.45581,-0.041994,0.590707,0.475501,-0.054713,0.620627,0.521281,-0.066149,0.611898,0.477054,-0.018923,0.675886,0.471462,-0.037912,0.714975,0.471836,-0.054271,0.7499,0.476815,-0.067816,0.618444,0.518487,-0.019977,0.695927,0.516925,-0.037037,0.742725,0.517431,-0.052067,0.783745,0.519451,-0.064659,0.611548,0.557616,-0.025276,0.682946,0.563911,-0.042831,0.726773,0.56564,-0.056981,0.764423,0.565929,-0.068016,0.593341,0.597177,-0.033631,0.647295,0.602628,-0.049738,0.682668,0.605999,-0.060172,0.713441,0.607253,-0.068681
B,0.455343,0.557964,0,0.483847,0.499948,-0.027365,0.539054,0.461767,-0.042134,0.590385,0.476306,-0.055549,0.619357,0.521215,-0.067802,0.611614,0.478286,-0.021246,0.675381,0.472536,-0.041312,0.714701,0.473192,-0.057504,0.748953,0.478375,-0.070728,0.618548,0.520447,-0.022927,0.694424,0.519903,-0.041417,0.741685,0.52128,-0.056653,0.781498,0.523299,-0.068663,0.611082,0.561069,-0.028629,0.682804,0.565957,-0.047302,0.72724,0.56744,-0.062179,0.764126,0.567916,-0.073018,0.592093,0.602503,-0.037097,0.647162,0.60732,-0.054742,0.683685,0.610949,-0.06632,0.715055,0.612796,-0.074972
B,0.453264,0.550503,0,0.485176,0.492377,-0.029613,0.540033,0.456879,-0.044422,0.591769,0.475019,-0.057538,0.623357,0.518308,-0.069162,0.612552,0.476073,-0.020522,0.676769,0.469892,-0.040177,0.715843,0.470702,-0.056953,0.750601,0.476356,-0.070655,0.619925,0.518516,-0.0205,0.69732,0.517603,-0.037544,0.743599,0.519323,-0.052316,0.783837,0.522521,-0.064802,0.61398,0.55866,-0.024925,0.684724,0.564392,-0.042405,0.728559,0.566697,-0.056543,0.76584,0.567614,-0.067618,0.596703,0.599292,-0.032594,0.650474,0.603452,-0.048703,0.685649,0.605272,-0.05922,0.715827,0.604609,-0.067822
B,0.459166,0.54865,0,0.488923,0.488372,-0.02817,0.54284,0.449807,-0.042951,0.594572,0.465422,-0.05622,0.626338,0.509293,-0.068201,0.615378,0.467738,-0.020631,0.678286,0.462029,-0.041288,0.717069,0.462679,-0.057916,0.751227,0.466997,-0.071196,0.622675,0.509904,-0.021879,0.697577,0.507576,-0.041498,0.744717,0.507704,-0.057098,0.784461,0.507888,-0.068889,0.615823,0.550486,-0.02742,0.686811,0.554886,-0.047582,0.730252,0.556825,-0.062518,0.766017,0.556997,-0.072729,0.597819,0.591911,-0.035744,0.653432,0.594841,-0.054767,0.689897,0.597776,-0.066537,0.72071,0.598951,-0.074724
B,0.454399,0.544145,0,0.486331,0.48644,-0.028373,0.541439,0.44918,-0.043137,0.593345,0.465467,-0.056465,0.625309,0.507766,-0.06842,0.615344,0.466057,-0.020738,0.679137,0.458083,-0.040812,0.718034,0.458307,-0.05786,0.753487,0.463112,-0.071753,0.622875,0.508468,-0.021867,0.700012,0.504846,-0.039965,0.747641,0.504341,-0.055605,0.789475,0.504938,-0.068342,0.616271,0.549195,-0.027148,0.687615,0.553039,-0.045224,0.731599,0.55374,-0.059482,0.769389,0.553188,-0.070342,0.597776,0.590478,-0.035505,0.651892,0.593263,-0.05161,0.687149,0.595642,-0.061743,0.717362,0.59649,-0.069821
B,0.453124,0.545325,0,0.484735,0.487381,-0.028168,0.54068,0.449616,-0.042915,0.592766,0.464667,-0.056393,0.624134,0.509457,-0.068572,0.615499,0.469252,-0.019093,0.678261,0.460586,-0.039472,0.718214,0.460151,-0.056611,0.753378,0.46422,-0.070577,0.62243,0.5118,-0.020526,0.697734,0.508294,-0.039406,0.745211,0.507615,-0.055157,0.785507,0.507513,-0.06768,0.614705,0.552227,-0.026341,0.685339,0.557498,-0.045373,0.729599,0.56009,-0.060167,0.767108,0.561814,-0.071011,0.595546,0.592873,-0.035127,0.650667,0.596024,-0.052697,0.687204,0.59864,-0.063892,0.718373,0.599822,-0.072334
B,0.453447,0.550563,0,0.487337,0.492504,-0.026976,0.544261,0.455623,-0.04097,0.595758,0.473559,-0.053726,0.624725,0.520111,-0.065099,0.615385,0.475848,-0.017913,0.678001,0.468678,-0.037442,0.716907,0.468682,-0.053795,0.751018,0.47344,-0.067174,0.622152,0.517715,-0.019427,0.697444,0.515662,-0.037445,0.744158,0.515297,-0.052576,0.78342,0.516264,-0.064589,0.614701,0.557884,-0.025141,0.686179,0.562622,-0.043592,0.730851,0.56361,-0.058092,0.76843,0.564516,-0.068726,0.595369,0.598438,-0.033701,0.649295,0.602543,-0.050715,0.685734,0.605242,-0.061617,0.716811,0.606892,-0.069864
B,0.45905,0.539617,0,0.491086,0.481978,-0.02888,0.545144,0.443479,-0.04437,0.597592,0.457179,-0.058422,0.629986,0.500975,-0.071097,0.61823,0.459529,-0.02002,0.681862,0.451889,-0.041006,0.721482,0.452457,-0.058389,0.756371,0.456868,-0.07219,0.625297,0.502335,-0.020928,0.701548,0.499504,-0.040055,0.748946,0.49955,-0.055748,0.789072,0.499497,-0.06799,0.618212,0.543752,-0.026236,0.689342,0.548313,-0.0451,0.733399,0.550392,-0.059369,0.770367,0.551263,-0.06967,0.599747,0.586003,-0.034579,0.654845,0.587478,-0.051634,0.690804,0.589575,-0.062061,0.721019,0.590417,-0.06976
B,0.45773,0.544425,0,0.489744,0.485011,-0.026097,0.544942,0.449477,-0.039218,0.595332,0.469398,-0.051179,0.625308,0.513654,-0.061894,0.616756,0.469712,-0.017311,0.679802,0.463852,-0.036635,0.718537,0.464352,-0.052573,0.752866,0.468072,-0.065595,0.622798,0.51204,-0.019189,0.697719,0.510099,-0.037866,0.744899,0.509925,-0.053425,0.785125,0.509156,-0.065216,0.614603,0.552522,-0.025134,0.685007,0.554857,-0.04471,0.728826,0.556805,-0.059503,0.766136,0.557487,-0.069661,0.594798,0.593224,-0.033659,0.649476,0.59424,-0.052343,0.685961,0.596515,-0.063566,0.717438,0.597479,-0.071317
B,0.454046,0.550951,0,0.486863,0.493526,-0.02716,0.542176,0.457568,-0.041446,0.59372,0.475971,-0.054318,0.625756,0.519744,-0.065852,0.615374,0.475581,-0.019344,0.678473,0.471534,-0.038914,0.71743,0.473077,-0.055667,0.752266,0.478625,-0.069308,0.621566,0.517771,-0.020847,0.697634,0.517472,-0.038296,0.744697,0.519021,-0.053407,0.785787,0.521139,-0.06576,0.614008,0.557529,-0.026464,0.684357,0.564692,-0.04399,0.728297,0.566566,-0.057801,0.766209,0.566214,-0.068403,0.595022,0.597579,-0.035015,0.6486,0.600959,-0.05144,0.684036,0.603021,-0.061663,0.714886,0.603087,-0.069613
B,0.450365,0.556325,0,0.482103,0.497886,-0.025473,0.538846,0.461886,-0.038396,0.58931,0.481175,-0.050134,0.618908,0.526098,-0.060713,0.610184,0.478206,-0.018755,0.673954,0.475156,-0.037697,0.71273,0.476972,-0.053229,0.747132,0.48183,-0.066114,0.616055,0.520085,-0.021044,0.690979,0.520005,-0.038597,0.737378,0.520539,-0.053538,0.777341,0.521598,-0.06547,0.607602,0.560279,-0.027184,0.678824,0.56526,-0.045368,0.723283,0.564865,-0.059783,0.760997,0.563436,-0.070446,0.587615,0.600925,-0.035963,0.642169,0.604074,-0.053894,0.679912,0.604967,-0.065339,0.712913,0.604312,-0.073792
B,0.44928,0.556151,0,0.480162,0.499049,-0.029024,0.535197,0.462158,-0.044322,0.585261,0.481398,-0.057972,0.615773,0.527306,-0.070089,0.609784,0.482046,-0.020993,0.674475,0.476143,-0.040925,0.714618,0.477008,-0.056989,0.748166,0.482678,-0.06997,0.615099,0.523605,-0.02159,0.692467,0.522034,-0.039925,0.739759,0.523929,-0.054364,0.778137,0.526,-0.065619,0.606327,0.563462,-0.026656,0.678549,0.567179,-0.045873,0.723622,0.568671,-0.060648,0.760864,0.569239,-0.071039,0.586023,0.604098,-0.034622,0.642193,0.605262,-0.053143,0.679994,0.605859,-0.065114,0.712672,0.605525,-0.073717
B,0.451706,0.558727,0,0.481819,0.500282,-0.027718,0.537684,0.463264,-0.041641,0.588308,0.483934,-0.054009,0.618589,0.529957,-0.064849,0.609897,0.481693,-0.018631,0.674091,0.474796,-0.038154,0.713798,0.475656,-0.053899,0.746773,0.481327,-0.066521,0.61582,0.52323,-0.019545,0.692551,0.520495,-0.037728,0.740561,0.522014,-0.05216,0.77931,0.524083,-0.063148,0.608073,0.563215,-0.024901,0.679943,0.565746,-0.04419,0.725263,0.566546,-0.059124,0.762246,0.567125,-0.069373,0.588702,0.604203,-0.033033,0.644539,0.604865,-0.051638,0.682097,0.605572,-0.063675,0.714489,0.605907,-0.07217
B,0.454943,0.555595,0,0.484914,0.500837,-0.027764,0.540384,0.462575,-0.042247,0.59095,0.483007,-0.055337,0.621878,0.52954,-0.067106,0.612089,0.484068,-0.019821,0.676112,0.475682,-0.039148,0.716231,0.475506,-0.054522,0.749692,0.48014,-0.067111,0.617851,0.526859,-0.021111,0.695207,0.523707,-0.039588,0.742967,0.52424,-0.05386,0.780985,0.524244,-0.064795,0.609801,0.566647,-0.026818,0.682929,0.566801,-0.047334,0.729164,0.5666,-0.063023,0.766666,0.565242,-0.073722,0.589852,0.606746,-0.035133,0.646578,0.6065,-0.055013,0.684459,0.60723,-0.067905,0.717038,0.606466,-0.07704
B,0.44986,0.559165,0,0.481274,0.502259,-0.027331,0.53745,0.466697,-0.040416,0.587899,0.487465,-0.052374,0.616894,0.531835,-0.063133,0.610661,0.487855,-0.015979,0.673958,0.47983,-0.033863,0.713583,0.480376,-0.049095,0.746875,0.485839,-0.061655,0.615959,0.529995,-0.01679,0.692667,0.529107,-0.033751,0.740157,0.530826,-0.048432,0.778764,0.532739,-0.059874,0.606992,0.569513,-0.022112,0.678666,0.572281,-0.040734,0.724039,0.574191,-0.056598,0.76176,0.57504,-0.067598,0.58652,0.609985,-0.030147,0.642924,0.613943,-0.047839,0.680944,0.61607,-0.060064,0.714459,0.617181,-0.068971
B,0.447557,0.550033,0,0.481786,0.495207,-0.027748,0.538606,0.461966,-0.040839,0.587805,0.484501,-0.052563,0.617715,0.528188,-0.063185,0.61081,0.487004,-0.018444,0.675549,0.476275,-0.037216,0.714674,0.477171,-0.052751,0.748582,0.483159,-0.065491,0.615339,0.529318,-0.019069,0.693938,0.528567,-0.036711,0.740657,0.529868,-0.050998,0.778181,0.531193,-0.062079,0.605139,0.567935,-0.024103,0.679253,0.56951,-0.043852,0.724429,0.570636,-0.059329,0.762026,0.571894,-0.06989,0.582974,0.606541,-0.03185,0.639316,0.609586,-0.051066,0.67752,0.610495,-0.063622,0.711588,0.611321,-0.072544
B,0.446348,0.553862,0,0.478234,0.497697,-0.029249,0.533999,0.460974,-0.04521,0.584613,0.481513,-0.059433,0.613166,0.530348,-0.072494,0.607165,0.479759,-0.023743,0.672249,0.475296,-0.044397,0.71304,0.476641,-0.061318,0.748164,0.48192,-0.075187,0.61302,0.521218,-0.024684,0.691739,0.522611,-0.043699,0.739915,0.525348,-0.059199,0.780419,0.527684,-0.071754,0.604646,0.56069,-0.029785,0.678183,0.56675,-0.049025,0.723335,0.570345,-0.064093,0.761828,0.572317,-0.075345,0.584309,0.60051,-0.037826,0.640217,0.60359,-0.056019,0.677342,0.606873,-0.067911,0.709634,0.608854,-0.077054
B,0.449962,0.553127,0,0.478327,0.491127,-0.024179,0.536138,0.453505,-0.035969,0.587121,0.476264,-0.046785,0.607594,0.52879,-0.05672,0.606695,0.474672,-0.017801,0.669412,0.471446,-0.034906,0.709308,0.470384,-0.049516,0.744646,0.471174,-0.062225,0.613144,0.515188,-0.020764,0.687409,0.512751,-0.037332,0.735029,0.510316,-0.051946,0.77671,0.50744,-0.063798,0.605893,0.553867,-0.027296,0.676465,0.559232,-0.044727,0.72056,0.558945,-0.059259,0.75846,0.556616,-0.070066,0.588313,0.593287,-0.036401,0.643557,0.596369,-0.053966,0.681183,0.598154,-0.065536,0.713806,0.59854,-0.074206
B,0.446189,0.555624,0,0.479339,0.495268,-0.026571,0.536732,0.459954,-0.040226,0.587141,0.483766,-0.052697,0.609833,0.535281,-0.063879,0.607028,0.478341,-0.018573,0.671174,0.474342,-0.037223,0.711034,0.474813,-0.053145,0.746428,0.478528,-0.066593,0.61448,0.518825,-0.02036,0.690689,0.518019,-0.037688,0.738155,0.519082,-0.052368,0.77939,0.520357,-0.064398,0.608026,0.558241,-0.026194,0.680319,0.564146,-0.043764,0.725993,0.56677,-0.057536,0.766213,0.568398,-0.068066,0.590157,0.598467,-0.034963,0.645624,0.601209,-0.051355,0.682903,0.603326,-0.0616,0.715681,0.604744,-0.069691
B,0.448397,0.563554,0,0.4769,0.503246,-0.026186,0.53438,0.464493,-0.039433,0.586052,0.486825,-0.050779,0.607771,0.538729,-0.061215,0.600553,0.481868,-0.023485,0.66617,0.482503,-0.043065,0.70622,0.486908,-0.057882,0.741104,0.493214,-0.069976,0.606785,0.523851,-0.025225,0.683303,0.525481,-0.043913,0.732565,0.528047,-0.058956,0.774715,0.530435,-0.070072,0.599514,0.564518,-0.030412,0.67229,0.567953,-0.049564,0.718793,0.570358,-0.064706,0.757559,0.572086,-0.07497,0.580781,0.605694,-0.038016,0.637943,0.606524,-0.056747,0.675874,0.609343,-0.068516,0.708516,0.611964,-0.076526
B,0.443902,0.555219,0,0.474691,0.50067,-0.028818,0.532493,0.46539,-0.042541,0.582412,0.491403,-0.05467,0.606561,0.54226,-0.065629,0.603875,0.487461,-0.020051,0.668043,0.481508,-0.038692,0.707802,0.482891,-0.053657,0.741647,0.488352,-0.066334,0.609285,0.530496,-0.020614,0.686237,0.5303,-0.038574,0.733541,0.531635,-0.053078,0.77252,0.532974,-0.06446,0.600201,0.570499,-0.025625,0.672989,0.573527,-0.046385,0.719478,0.574287,-0.062998,0.758728,0.575188,-0.074418,0.579004,0.610436,-0.033331,0.635737,0.611729,-0.053603,0.67358,0.613315,-0.067139,0.706578,0.614457,-0.076901
B,0.44534,0.561704,0,0.475535,0.504132,-0.026908,0.534691,0.466633,-0.039167,0.586402,0.491689,-0.049602,0.608886,0.542451,-0.058926,0.602357,0.484163,-0.019508,0.666422,0.480953,-0.03813,0.706931,0.484653,-0.052519,0.740829,0.490947,-0.064147,0.608194,0.526812,-0.020265,0.684428,0.528068,-0.037891,0.733639,0.53076,-0.05186,0.774264,0.533033,-0.062153,0.600364,0.567389,-0.025067,0.671232,0.571896,-0.044235,0.717833,0.574192,-0.059882,0.757205,0.576499,-0.070251,0.581038,0.608537,-0.032363,0.637109,0.610337,-0.050841,0.674663,0.613597,-0.062943,0.707395,0.616745,-0.071229
B,0.446688,0.56487,0,0.476852,0.505737,-0.02783,0.533551,0.468841,-0.042067,0.584775,0.492556,-0.054436,0.6077,0.544043,-0.065662,0.601519,0.490118,-0.022712,0.667101,0.486983,-0.042535,0.707388,0.488652,-0.057985,0.742181,0.493446,-0.070654,0.607158,0.53232,-0.023662,0.683895,0.535238,-0.042828,0.733004,0.538033,-0.058106,0.774749,0.539705,-0.069644,0.599523,0.572082,-0.028501,0.671325,0.57807,-0.04839,0.717227,0.580939,-0.064048,0.75598,0.582554,-0.074684,0.580492,0.612344,-0.035933,0.637903,0.613395,-0.055054,0.676187,0.616299,-0.067512,0.708937,0.618378,-0.076208
B,0.442412,0.566979,0,0.471873,0.509567,-0.027619,0.531049,0.470635,-0.041098,0.582352,0.493957,-0.052658,0.603305,0.547938,-0.06292,0.598633,0.490291,-0.022704,0.663603,0.487832,-0.041967,0.704127,0.491046,-0.056554,0.738615,0.496647,-0.068613,0.604337,0.533009,-0.023697,0.681327,0.535813,-0.042148,0.73061,0.538643,-0.056097,0.772107,0.540597,-0.066774,0.596491,0.573523,-0.028624,0.668797,0.580748,-0.048393,0.714609,0.582853,-0.062972,0.753437,0.584173,-0.072852,0.577387,0.613929,-0.0362,0.634325,0.6149,-0.055364,0.672275,0.617908,-0.067351,0.705057,0.62067,-0.075766
B,0.441547,0.571139,0,0.472566,0.511624,-0.026103,0.530764,0.473243,-0.039106,0.581438,0.495963,-0.050431,0.602555,0.547316,-0.06069,0.597718,0.493472,-0.021208,0.662437,0.490999,-0.0405,0.701733,0.493139,-0.055402,0.73617,0.498054,-0.067649,0.602725,0.535714,-0.023156,0.679225,0.537725,-0.041573,0.727317,0.540003,-0.056495,0.768869,0.542739,-0.067661,0.594311,0.575942,-0.028799,0.66692,0.580666,-0.048272,0.713544,0.582488,-0.063317,0.753436,0.584413,-0.073478,0.574453,0.616564,-0.03688,0.631509,0.617222,-0.055652,0.669373,0.61933,-0.06706,0.702275,0.621141,-0.074852
B,0.438883,0.563324,0,0.469408,0.508148,-0.028276,0.529035,0.472525,-0.040653,0.580627,0.497183,-0.051274,0.605297,0.546785,-0.060849,0.598869,0.490956,-0.01842,0.662729,0.484569,-0.037016,0.702749,0.486358,-0.05191,0.736995,0.491323,-0.064228,0.603972,0.53337,-0.019051,0.680911,0.533297,-0.037331,0.729353,0.535297,-0.052372,0.770554,0.537228,-0.063571,0.594849,0.573284,-0.024086,0.666182,0.577211,-0.045059,0.713185,0.579993,-0.061988,0.753796,0.583427,-0.073097,0.574096,0.61318,-0.031672,0.630746,0.613966,-0.051891,0.668383,0.617825,-0.065062,0.701743,0.62263,-0.074169
B,0.442981,0.563499,0,0.472756,0.506055,-0.027723,0.530824,0.469103,-0.041677,0.581082,0.494021,-0.053837,0.599843,0.547811,-0.064795,0.599031,0.487904,-0.023316,0.663573,0.48527,-0.042294,0.704369,0.487409,-0.057043,0.739217,0.491996,-0.069458,0.605031,0.530356,-0.024419,0.682271,0.531412,-0.042513,0.730547,0.533926,-0.056283,0.770911,0.535641,-0.067215,0.596894,0.570877,-0.02938,0.66933,0.577368,-0.048544,0.715258,0.580255,-0.062735,0.754953,0.582052,-0.072771,0.577363,0.611653,-0.037074,0.634578,0.614384,-0.055464,0.672435,0.617604,-0.066789,0.7053,0.619964,-0.075083
B,0.439839,0.562585,0,0.469687,0.506548,-0.026508,0.527939,0.469663,-0.039346,0.578715,0.494884,-0.050913,0.600281,0.546305,-0.061415,0.598919,0.489702,-0.019109,0.663005,0.484646,-0.037378,0.702826,0.485835,-0.052104,0.736265,0.49048,-0.064485,0.604613,0.532336,-0.020532,0.681102,0.532189,-0.038029,0.728625,0.533708,-0.051901,0.767483,0.534814,-0.062802,0.595998,0.572824,-0.026105,0.66842,0.577992,-0.045533,0.714569,0.580194,-0.060882,0.753567,0.58165,-0.07155,0.575492,0.613311,-0.034245,0.632622,0.615674,-0.053253,0.670728,0.618455,-0.065602,0.70389,0.620531,-0.074524
B,0.442757,0.566317,0,0.468575,0.50812,-0.026647,0.526634,0.47246,-0.03907,0.576456,0.499383,-0.049495,0.597881,0.548737,-0.059419,0.594416,0.490179,-0.025069,0.658641,0.488449,-0.045824,0.699643,0.490989,-0.061332,0.734899,0.495181,-0.073593,0.599559,0.534228,-0.026448,0.675485,0.537945,-0.045845,0.724979,0.540093,-0.060849,0.766609,0.54172,-0.071719,0.590924,0.575222,-0.031343,0.663085,0.579969,-0.051796,0.709686,0.582501,-0.067581,0.749488,0.584844,-0.07788,0.570836,0.615933,-0.038538,0.627892,0.618202,-0.058465,0.665426,0.620691,-0.070574,0.697991,0.623019,-0.078528
B,0.438367,0.572398,0,0.468133,0.511185,-0.025334,0.525665,0.475269,-0.037272,0.575621,0.501132,-0.047573,0.597641,0.550322,-0.056896,0.593657,0.49247,-0.021132,0.658167,0.491878,-0.04043,0.698037,0.494478,-0.055118,0.733459,0.498727,-0.066913,0.598703,0.535488,-0.023191,0.674688,0.539356,-0.041352,0.723371,0.542208,-0.055539,0.765541,0.544656,-0.06594,0.590885,0.57583,-0.028896,0.6627,0.582774,-0.047967,0.708782,0.585858,-0.062351,0.748546,0.58805,-0.071836,0.572169,0.616757,-0.037039,0.629194,0.619694,-0.055213,0.666678,0.622176,-0.066034,0.699342,0.623888,-0.073251
B,0.443874,0.570643,0,0.471367,0.510285,-0.026149,0.529211,0.472834,-0.038612,0.5797,0.496899,-0.049158,0.601576,0.546269,-0.058838,0.595675,0.489205,-0.024154,0.65999,0.488356,-0.044404,0.700595,0.491035,-0.059162,0.736174,0.495481,-0.070797,0.601646,0.532055,-0.02605,0.679235,0.535868,-0.045382,0.729742,0.538731,-0.05969,0.772499,0.54148,-0.069792,0.594157,0.572724,-0.031471,0.666945,0.579239,-0.051894,0.713797,0.582927,-0.066947,0.753993,0.585841,-0.076442,0.575553,0.614335,-0.039198,0.633211,0.617598,-0.058625,0.671033,0.620208,-0.069967,0.70399,0.622032,-0.077232
B,0.442472,0.573696,0,0.470299,0.512237,-0.025683,0.530467,0.474709,-0.037494,0.582389,0.498863,-0.047502,0.602248,0.550103,-0.0565,0.596711,0.493193,-0.020867,0.660644,0.490811,-0.039067,0.699622,0.49287,-0.053147,0.733583,0.497471,-0.064839,0.602158,0.535229,-0.022535,0.677489,0.537136,-0.039993,0.725145,0.539851,-0.054012,0.766072,0.542396,-0.064435,0.594359,0.575471,-0.027813,0.665946,0.580457,-0.046521,0.71191,0.582626,-0.061135,0.750701,0.584271,-0.070945,0.575782,0.616499,-0.035522,0.633108,0.618165,-0.053674,0.6706,0.621686,-0.064913,0.703159,0.625333,-0.072631
B,0.43687,0.58005,0,0.467556,0.519934,-0.027309,0.525008,0.481491,-0.04155,0.57506,0.507067,-0.053747,0.593856,0.561898,-0.064665,0.593869,0.499554,-0.023846,0.658729,0.500202,-0.042261,0.697151,0.503755,-0.05643,0.730796,0.509835,-0.068406,0.598375,0.543401,-0.025084,0.674243,0.547353,-0.042215,0.721012,0.550619,-0.056099,0.761969,0.554051,-0.067119,0.58917,0.58554,-0.029911,0.661633,0.59387,-0.047737,0.706621,0.597645,-0.061973,0.745684,0.60109,-0.072249,0.568304,0.62725,-0.037351,0.624537,0.629801,-0.054841,0.662163,0.633039,-0.06599,0.695049,0.635803,-0.074086
B,0.43528,0.610573,0,0.463141,0.551081,-0.025324,0.521017,0.512772,-0.037595,0.572046,0.535821,-0.048092,0.591724,0.586642,-0.057562,0.587647,0.53558,-0.019284,0.649528,0.535533,-0.036854,0.687825,0.537409,-0.050503,0.721191,0.541694,-0.061919,0.592272,0.577465,-0.020756,0.665143,0.581527,-0.03753,0.710787,0.584638,-0.050887,0.75001,0.587439,-0.060832,0.583577,0.617123,-0.025959,0.653056,0.625857,-0.044302,0.697652,0.630872,-0.059121,0.736081,0.635672,-0.06908,0.564272,0.65729,-0.03346,0.618938,0.662515,-0.051467,0.655708,0.667599,-0.063107,0.688332,0.672319,-0.071131
B,0.280383,0.253481,0,0.292187,0.319089,-0.016557,0.348228,0.370092,-0.024873,0.394752,0.380116,-0.034227,0.431979,0.378569,-0.04717,0.428046,0.370024,-0.024701,0.502116,0.394197,-0.050491,0.559388,0.415054,-0.072487,0.606413,0.429358,-0.08897,0.433395,0.338326,-0.03564,0.519684,0.35542,-0.061168,0.586377,0.36702,-0.08421,0.6398,0.374141,-0.100864,0.424602,0.300586,-0.048687,0.507173,0.313479,-0.075339,0.570801,0.318637,-0.093977,0.619565,0.32131,-0.105293,0.406727,0.254974,-0.063082,0.474918,0.258911,-0.089939,0.524647,0.264543,-0.102672,0.565881,0.269056,-0.109858
B,0.403882,0.351691,0,0.419643,0.423834,-0.018418,0.47344,0.473003,-0.027439,0.528557,0.473084,-0.03762,0.571749,0.464864,-0.04961,0.570485,0.46481,-0.014428,0.641358,0.48955,-0.037743,0.691702,0.503888,-0.058553,0.733553,0.509727,-0.073978,0.580444,0.432548,-0.024235,0.668264,0.447779,-0.045723,0.727564,0.454907,-0.066346,0.775018,0.453652,-0.081635,0.57474,0.396102,-0.037695,0.657525,0.408488,-0.060696,0.716904,0.412124,-0.079347,0.764183,0.409954,-0.091594,0.556852,0.353315,-0.053037,0.622032,0.354906,-0.076697,0.668814,0.358335,-0.090082,0.710363,0.359079,-0.098585
B,0.421703,0.354668,0,0.43082,0.421884,-0.023565,0.481863,0.473676,-0.035347,0.54043,0.468685,-0.046622,0.585234,0.454513,-0.059643,0.581728,0.478471,-0.020667,0.644026,0.491888,-0.04069,0.693995,0.50409,-0.058958,0.73404,0.509806,-0.074097,0.592828,0.441026,-0.028837,0.673771,0.452671,-0.04919,0.730091,0.457471,-0.069214,0.780105,0.456607,-0.083855,0.583861,0.401132,-0.040234,0.660059,0.40723,-0.066008,0.714992,0.411958,-0.084187,0.762656,0.412417,-0.095034,0.562683,0.351135,-0.053453,0.628432,0.351252,-0.079625,0.673567,0.354333,-0.092493,0.71436,0.355683,-0.099676
B,0.413496,0.352586,0,0.425492,0.425851,-0.022323,0.471999,0.475712,-0.034207,0.528828,0.466623,-0.045526,0.570488,0.446963,-0.058328,0.566065,0.480926,-0.024037,0.629199,0.502797,-0.044777,0.672756,0.514919,-0.063577,0.709545,0.524273,-0.079063,0.577633,0.445909,-0.031501,0.654463,0.461692,-0.050666,0.704421,0.470526,-0.069409,0.749054,0.476508,-0.084574,0.570779,0.404816,-0.042008,0.644105,0.413674,-0.063782,0.692961,0.420483,-0.080773,0.737025,0.425451,-0.092872,0.551407,0.356159,-0.054438,0.61206,0.356877,-0.076621,0.651202,0.361128,-0.088439,0.688068,0.36422,-0.096488
B,0.436828,0.329632,0,0.443246,0.399727,-0.033892,0.482282,0.446624,-0.051685,0.536269,0.440038,-0.066526,0.578045,0.428137,-0.081904,0.571488,0.459285,-0.037146,0.638054,0.488328,-0.062122,0.680754,0.501396,-0.082623,0.718433,0.509077,-0.097584,0.588567,0.420314,-0.038095,0.66874,0.445751,-0.058975,0.718668,0.457594,-0.077675,0.760034,0.463111,-0.091669,0.5878,0.376962,-0.042743,0.661392,0.396381,-0.064291,0.708692,0.407576,-0.080634,0.748796,0.413215,-0.091422,0.574735,0.327397,-0.050314,0.632043,0.338444,-0.071425,0.668892,0.34717,-0.082489,0.702738,0.352512,-0.089344
B,0.43973,0.325096,0,0.445024,0.391493,-0.032283,0.485544,0.438074,-0.048908,0.539879,0.428746,-0.06274,0.581866,0.41395,-0.077526,0.574223,0.450719,-0.036258,0.641138,0.477523,-0.060712,0.684197,0.489226,-0.080871,0.722307,0.496138,-0.095895,0.590898,0.411435,-0.03836,0.671561,0.434915,-0.059033,0.721082,0.445103,-0.07807,0.762407,0.449044,-0.092601,0.589432,0.367794,-0.044015,0.663547,0.385718,-0.06619,0.711613,0.395064,-0.083317,0.753042,0.399342,-0.094712,0.575843,0.317631,-0.052326,0.635122,0.328912,-0.074187,0.672634,0.337211,-0.085718,0.707831,0.34281,-0.09305
B,0.443619,0.327679,0,0.450518,0.391219,-0.031718,0.493599,0.433018,-0.048799,0.546326,0.42216,-0.063098,0.587436,0.405408,-0.078573,0.578034,0.446481,-0.038206,0.645704,0.471278,-0.062892,0.688554,0.482855,-0.08261,0.726344,0.489962,-0.097292,0.592699,0.406117,-0.041129,0.674409,0.430212,-0.062265,0.723366,0.440334,-0.080936,0.763666,0.445173,-0.094933,0.589795,0.361583,-0.047439,0.666491,0.37981,-0.070206,0.715541,0.389038,-0.087336,0.757588,0.396195,-0.098573,0.575422,0.310261,-0.05624,0.636357,0.318233,-0.078761,0.674311,0.326177,-0.090347,0.709823,0.33447,-0.097659
B,0.453368,0.334461,0,0.46018,0.39481,-0.031483,0.501561,0.435864,-0.049043,0.555057,0.422444,-0.063568,0.595779,0.404658,-0.079554,0.583723,0.449296,-0.040396,0.649303,0.471139,-0.065902,0.692787,0.481685,-0.086528,0.730587,0.48791,-0.102048,0.598612,0.411302,-0.04363,0.677712,0.432074,-0.066396,0.727086,0.4411,-0.086604,0.768696,0.445919,-0.101689,0.595993,0.367734,-0.049938,0.670031,0.38304,-0.074235,0.719144,0.391731,-0.092612,0.762279,0.39748,-0.104702,0.581986,0.317219,-0.05849,0.641305,0.325609,-0.0822,0.678445,0.331764,-0.094357,0.713834,0.337031,-0.102054
B,0.45631,0.343457,0,0.465304,0.408064,-0.032668,0.506463,0.44993,-0.049613,0.557046,0.438331,-0.063491,0.597111,0.42469,-0.077953,0.587243,0.459603,-0.037871,0.652297,0.48376,-0.062486,0.693454,0.494259,-0.082069,0.73004,0.499384,-0.096347,0.601369,0.420829,-0.039264,0.680292,0.441669,-0.060317,0.729232,0.45008,-0.07863,0.769167,0.453363,-0.092186,0.598238,0.378334,-0.044157,0.671327,0.395447,-0.066309,0.717862,0.40472,-0.083209,0.756702,0.410454,-0.094221,0.58337,0.330673,-0.051686,0.640084,0.338898,-0.073876,0.677302,0.346082,-0.086028,0.711261,0.351635,-0.093629
B,0.45419,0.349554,0,0.465848,0.416691,-0.032421,0.504459,0.460039,-0.050269,0.554438,0.451734,-0.065382,0.594556,0.439111,-0.081037,0.5868,0.468757,-0.037198,0.65082,0.493961,-0.062342,0.690311,0.504729,-0.082922,0.72594,0.511191,-0.098221,0.60065,0.431194,-0.039391,0.677616,0.452095,-0.061021,0.724736,0.460774,-0.080487,0.764226,0.464993,-0.095471,0.597686,0.389262,-0.045156,0.669253,0.405254,-0.067406,0.7146,0.414585,-0.084704,0.753111,0.42084,-0.096653,0.58302,0.341948,-0.053688,0.638456,0.349307,-0.075685,0.675147,0.356379,-0.087958,0.708939,0.361867,-0.09618
B,0.454259,0.357336,0,0.464876,0.423038,-0.031666,0.503635,0.465031,-0.049337,0.552583,0.457879,-0.064621,0.59335,0.4522,-0.08038,0.584605,0.477086,-0.035805,0.647114,0.50288,-0.062174,0.686814,0.514407,-0.083723,0.722557,0.521451,-0.099413,0.597995,0.440788,-0.038533,0.673646,0.462897,-0.061071,0.721524,0.471854,-0.080956,0.761457,0.475794,-0.096072,0.595178,0.399664,-0.045005,0.665246,0.416964,-0.068174,0.710645,0.426201,-0.085495,0.748872,0.43184,-0.097235,0.580757,0.35302,-0.054198,0.63492,0.361211,-0.076829,0.671079,0.368392,-0.089126,0.704346,0.373492,-0.097178
B,0.456323,0.357418,0,0.466696,0.423332,-0.03118,0.504864,0.466693,-0.048417,0.553536,0.459843,-0.063362,0.594354,0.452783,-0.078891,0.585707,0.478719,-0.035201,0.648783,0.503745,-0.061255,0.689534,0.515294,-0.082677,0.725933,0.5227,-0.098366,0.599396,0.441947,-0.038058,0.675486,0.463,-0.060266,0.724334,0.472012,-0.080273,0.765206,0.47642,-0.095558,0.596809,0.400648,-0.044568,0.666676,0.417613,-0.067399,0.71246,0.42726,-0.084892,0.751028,0.433152,-0.096832,0.582592,0.353964,-0.053775,0.636416,0.36171,-0.076166,0.672528,0.369213,-0.088529,0.705696,0.374842,-0.096683
B,0.454676,0.353519,0,0.464708,0.419761,-0.031685,0.503811,0.463185,-0.04893,0.55301,0.45833,-0.063811,0.594248,0.451542,-0.079285,0.584298,0.474693,-0.035102,0.647179,0.501052,-0.061027,0.687722,0.513208,-0.082449,0.72425,0.520738,-0.098201,0.598203,0.438004,-0.03768,0.674124,0.460322,-0.059978,0.722559,0.469574,-0.080024,0.763318,0.473441,-0.095347,0.595915,0.396568,-0.043975,0.665539,0.413628,-0.066994,0.711288,0.423184,-0.084332,0.749766,0.428314,-0.096082,0.582197,0.349637,-0.053025,0.636465,0.357962,-0.07545,0.672791,0.366047,-0.087732,0.705959,0.372021,-0.09582
B,0.453386,0.353274,0,0.463638,0.416844,-0.030499,0.502747,0.45944,-0.046838,0.55329,0.449535,-0.060621,0.593317,0.436754,-0.075368,0.583075,0.471087,-0.035591,0.645727,0.495302,-0.059185,0.685731,0.506117,-0.078663,0.722033,0.512744,-0.09357,0.596969,0.43509,-0.038577,0.673246,0.455226,-0.058659,0.720095,0.463139,-0.077312,0.760226,0.46676,-0.091993,0.593913,0.393755,-0.044918,0.664419,0.408559,-0.066631,0.708981,0.416817,-0.083608,0.747976,0.422044,-0.095432,0.579147,0.346268,-0.053765,0.634815,0.352271,-0.075761,0.670674,0.359402,-0.087926,0.704489,0.365311,-0.096153
C,0.530094,0.597165,0,0.563425,0.529098,0.002729,0.603201,0.482537,-0.00274,0.631321,0.435772,-0.017811,0.656757,0.38746,-0.033305,0.707888,0.525591,0.031844,0.765658,0.513535,0.009534,0.774222,0.467894,-0.013872,0.764124,0.433108,-0.027857,0.713421,0.553874,0.013134,0.78589,0.546258,-0.00681,0.793163,0.490506,-0.027827,0.774562,0.448694,-0.039831,0.708979,0.582024,-0.010659,0.779775,0.568678,-0.027881,0.791042,0.507395,-0.042569,0.775911,0.463122,-0.049665,0.695651,0.60649,-0.035969,0.758936,0.580646,-0.045735,0.78139,0.527261,-0.051148,0.781562,0.483222,-0.054421
C,0.53104,0.598401,0,0.563185,0.525516,0.007519,0.605099,0.477707,0.004911,0.634255,0.432851,-0.008268,0.65952,0.385763,-0.02222,0.707031,0.524557,0.035654,0.7653,0.511256,0.015859,0.77534,0.46621,-0.005215,0.767248,0.432315,-0.017915,0.713662,0.553519,0.015002,0.786567,0.544987,-0.002781,0.794638,0.48805,-0.02179,0.77661,0.446279,-0.032677,0.710539,0.581392,-0.01029,0.781574,0.567639,-0.02622,0.792607,0.503273,-0.040146,0.777652,0.457467,-0.047006,0.698356,0.605189,-0.03668,0.761837,0.580957,-0.045555,0.783118,0.525495,-0.050703,0.782137,0.479316,-0.054036
C,0.528541,0.597231,0,0.562217,0.526617,0.004933,0.6041,0.479394,0.001399,0.632497,0.433437,-0.01211,0.657725,0.385698,-0.026073,0.705847,0.525221,0.035508,0.763744,0.513277,0.014574,0.77254,0.468421,-0.008068,0.762883,0.434341,-0.021667,0.71145,0.552789,0.016006,0.783754,0.546252,-0.002969,0.790916,0.490071,-0.02368,0.772398,0.448329,-0.035435,0.707477,0.580168,-0.008494,0.778494,0.568631,-0.025029,0.789065,0.506763,-0.039462,0.773523,0.462414,-0.046369,0.694933,0.603698,-0.034359,0.759296,0.579696,-0.04357,0.780358,0.525641,-0.048461,0.778788,0.481105,-0.051354
C,0.523297,0.596979,0,0.561296,0.526177,0.006111,0.602761,0.480151,0.002103,0.630524,0.432181,-0.012456,0.657288,0.383124,-0.027762,0.707479,0.526387,0.036548,0.767088,0.514432,0.014058,0.774559,0.467372,-0.009936,0.763153,0.431246,-0.024306,0.712563,0.553925,0.015635,0.78774,0.545778,-0.004927,0.793479,0.48835,-0.02717,0.773962,0.445354,-0.039925,0.707791,0.581492,-0.010337,0.781832,0.56884,-0.028406,0.791106,0.505615,-0.043633,0.774541,0.459949,-0.050966,0.694249,0.605534,-0.03753,0.760275,0.579222,-0.047844,0.781213,0.523893,-0.053139,0.779807,0.478368,-0.056322
C,0.518607,0.601246,0,0.555925,0.530919,0.003591,0.59693,0.482887,-0.003152,0.624358,0.433249,-0.020199,0.649911,0.383097,-0.038269,0.702128,0.526958,0.03065,0.761551,0.513144,0.005885,0.77015,0.46646,-0.02005,0.760943,0.430516,-0.03605,0.70749,0.556623,0.009653,0.783676,0.547085,-0.013148,0.79078,0.489964,-0.037005,0.771958,0.4464,-0.05123,0.701968,0.585327,-0.016346,0.777686,0.571285,-0.036152,0.788083,0.508337,-0.052591,0.771842,0.462101,-0.061013,0.686783,0.609815,-0.043747,0.753673,0.583748,-0.055572,0.775265,0.529081,-0.061847,0.7738,0.483006,-0.06596
C,0.52003,0.602894,-0.000001,0.553787,0.531795,0.003757,0.593892,0.482537,-0.002374,0.620149,0.435288,-0.01853,0.644872,0.387433,-0.035342,0.703341,0.522054,0.027941,0.76529,0.510962,0.002946,0.769876,0.462559,-0.021425,0.755598,0.42826,-0.035843,0.708889,0.550717,0.007833,0.786592,0.541485,-0.016102,0.788083,0.480669,-0.038009,0.764348,0.439404,-0.049789,0.704099,0.578803,-0.017087,0.780489,0.564701,-0.037696,0.786022,0.49696,-0.05261,0.766492,0.451595,-0.059155,0.689851,0.603263,-0.043211,0.75628,0.575098,-0.05515,0.774506,0.515807,-0.060786,0.770183,0.469447,-0.063882
C,0.522196,0.599137,0,0.553765,0.530254,-0.002675,0.59383,0.480014,-0.012231,0.621788,0.433534,-0.030444,0.646547,0.386964,-0.048992,0.702726,0.521726,0.018261,0.76422,0.510005,-0.008689,0.76942,0.461116,-0.034014,0.755672,0.426711,-0.049116,0.70795,0.5513,0.001054,0.78623,0.542129,-0.02437,0.788209,0.481677,-0.046473,0.765193,0.441118,-0.058707,0.703258,0.57993,-0.021131,0.780461,0.566214,-0.043045,0.786115,0.499205,-0.058601,0.765556,0.454022,-0.065832,0.689111,0.604892,-0.044945,0.755806,0.577221,-0.05812,0.774965,0.518339,-0.064788,0.770203,0.471669,-0.068861
C,0.520189,0.601469,-0.000001,0.554405,0.532695,0.000196,0.592888,0.485137,-0.009533,0.620608,0.439439,-0.02871,0.649224,0.394204,-0.048849,0.699977,0.53127,0.020277,0.760958,0.513891,-0.006341,0.769199,0.465963,-0.032359,0.758605,0.431545,-0.048307,0.704976,0.560492,0.000754,0.783181,0.546133,-0.023944,0.787739,0.486351,-0.047022,0.767038,0.44418,-0.060767,0.699916,0.587979,-0.0235,0.777886,0.572588,-0.045252,0.785383,0.50527,-0.061293,0.765728,0.458459,-0.069462,0.685299,0.610472,-0.049127,0.752118,0.582964,-0.062733,0.773093,0.524731,-0.069791,0.770197,0.477661,-0.074523
C,0.520921,0.601508,0,0.552822,0.533182,-0.003258,0.592786,0.482313,-0.013265,0.620814,0.436258,-0.031723,0.649045,0.391256,-0.050599,0.700068,0.526129,0.018272,0.760357,0.510495,-0.008486,0.7687,0.463438,-0.034196,0.758011,0.429414,-0.049729,0.70566,0.556337,0.001138,0.782717,0.545286,-0.023664,0.787379,0.487259,-0.046173,0.766347,0.445787,-0.059124,0.700694,0.585706,-0.021022,0.777037,0.572744,-0.042544,0.785169,0.508629,-0.058413,0.765897,0.463758,-0.066173,0.685378,0.610845,-0.044912,0.751354,0.5841,-0.058873,0.772677,0.52763,-0.066486,0.770182,0.48195,-0.071215
C,0.519926,0.601923,0,0.551665,0.532117,-0.002656,0.591766,0.481296,-0.01271,0.61894,0.434858,-0.031431,0.648126,0.390584,-0.050464,0.698104,0.527865,0.018176,0.758733,0.511315,-0.009066,0.766356,0.463641,-0.034888,0.75456,0.429568,-0.050282,0.703629,0.556727,0.000616,0.781489,0.54577,-0.024705,0.786292,0.486542,-0.047365,0.764992,0.444388,-0.060083,0.699181,0.585218,-0.021902,0.775773,0.571612,-0.043877,0.784082,0.504976,-0.059705,0.765118,0.458783,-0.067097,0.684503,0.609769,-0.04605,0.750985,0.58299,-0.060208,0.77262,0.524633,-0.067607,0.770054,0.477474,-0.071905
C,0.515225,0.606062,-0.000001,0.549717,0.536242,0.001509,0.590167,0.487049,-0.005779,0.61716,0.438364,-0.02263,0.642247,0.390046,-0.040161,0.696453,0.525444,0.024847,0.75943,0.511767,-0.001358,0.764943,0.462345,-0.026593,0.751075,0.428288,-0.041507,0.701771,0.554647,0.005524,0.78095,0.543727,-0.019207,0.784089,0.483424,-0.04203,0.760748,0.442976,-0.054632,0.696753,0.583011,-0.018732,0.774123,0.567477,-0.039884,0.781521,0.501437,-0.055967,0.761726,0.457198,-0.063452,0.682329,0.608199,-0.044346,0.749292,0.58004,-0.056815,0.768689,0.523078,-0.063228,0.763721,0.478081,-0.066994
C,0.508393,0.603403,-0.000001,0.543236,0.535224,0.00186,0.583399,0.48714,-0.005483,0.610053,0.439048,-0.022678,0.635121,0.390269,-0.040426,0.693566,0.526826,0.026657,0.755924,0.514898,-0.000174,0.758844,0.46595,-0.02612,0.742116,0.43114,-0.041429,0.697602,0.554141,0.00691,0.775511,0.543636,-0.01988,0.775083,0.481508,-0.044566,0.750104,0.439643,-0.057742,0.6913,0.581432,-0.017802,0.766605,0.565912,-0.040265,0.771551,0.498666,-0.057787,0.750997,0.453177,-0.065635,0.675346,0.605854,-0.043747,0.741044,0.579267,-0.056324,0.760492,0.522457,-0.063391,0.757221,0.477168,-0.067566
C,0.508905,0.609356,0,0.538898,0.537942,-0.003622,0.580498,0.486088,-0.013288,0.608892,0.440072,-0.030946,0.635137,0.392054,-0.048161,0.690341,0.522011,0.020159,0.751807,0.510995,-0.00668,0.753183,0.46431,-0.031969,0.736429,0.430417,-0.046622,0.694653,0.550282,0.004079,0.770595,0.542711,-0.021461,0.770785,0.482683,-0.044434,0.747285,0.440506,-0.056534,0.688714,0.578499,-0.01715,0.76147,0.568336,-0.037803,0.767281,0.503582,-0.054286,0.748977,0.457774,-0.061809,0.673109,0.605025,-0.040011,0.735899,0.582394,-0.051609,0.755827,0.52832,-0.058667,0.755038,0.483616,-0.062765
C,0.498176,0.609438,0,0.530705,0.536211,0.000154,0.570659,0.485163,-0.007736,0.599198,0.43907,-0.024762,0.625336,0.391566,-0.041865,0.680653,0.521151,0.025484,0.742111,0.508848,-0.000838,0.743581,0.462415,-0.026684,0.726682,0.428332,-0.042053,0.684882,0.548498,0.006982,0.761066,0.53973,-0.019149,0.761088,0.480813,-0.044004,0.737291,0.439714,-0.057579,0.678765,0.576936,-0.016564,0.752018,0.566125,-0.038079,0.757997,0.502141,-0.056431,0.738803,0.457054,-0.065241,0.662744,0.603807,-0.041474,0.726043,0.580358,-0.054179,0.745911,0.525662,-0.062627,0.744416,0.480765,-0.067801
C,0.490982,0.612333,0,0.526605,0.536312,-0.000415,0.568059,0.483478,-0.009085,0.596402,0.436045,-0.027033,0.624217,0.389848,-0.045082,0.678438,0.523334,0.023917,0.742434,0.508833,-0.004498,0.742652,0.462285,-0.031659,0.722413,0.431077,-0.047624,0.681999,0.551984,0.004866,0.760196,0.540574,-0.023722,0.757086,0.481467,-0.049949,0.729205,0.443882,-0.064146,0.674578,0.580451,-0.019437,0.749107,0.566168,-0.042818,0.754063,0.500449,-0.062304,0.732407,0.457179,-0.071647,0.656986,0.606318,-0.045164,0.721674,0.581871,-0.059002,0.742401,0.526526,-0.068499,0.740071,0.482718,-0.074444
C,0.476304,0.619373,0,0.508688,0.544059,-0.001202,0.548817,0.495119,-0.011006,0.579624,0.449113,-0.030148,0.606984,0.39885,-0.049435,0.65929,0.539016,0.024149,0.722446,0.527452,-0.002765,0.725892,0.477026,-0.029648,0.712544,0.440562,-0.046276,0.662747,0.567207,0.005222,0.740732,0.554861,-0.021584,0.742383,0.492746,-0.047925,0.720842,0.451481,-0.063104,0.655913,0.594426,-0.0188,0.730044,0.578118,-0.04067,0.737706,0.511313,-0.059963,0.71973,0.465244,-0.06991,0.639387,0.617489,-0.044395,0.703277,0.591765,-0.056822,0.724535,0.536122,-0.065593,0.723451,0.490689,-0.071679
C,0.468467,0.620733,0,0.499603,0.545843,-0.004586,0.539461,0.496626,-0.0155,0.570663,0.45315,-0.035064,0.600804,0.406153,-0.054166,0.652488,0.538258,0.022811,0.716235,0.527743,-0.004727,0.717926,0.477354,-0.032237,0.702395,0.441992,-0.049138,0.655799,0.566344,0.005689,0.733196,0.556977,-0.021281,0.733712,0.495275,-0.048473,0.710867,0.45541,-0.06418,0.648905,0.593657,-0.016859,0.722073,0.579804,-0.038416,0.729381,0.513881,-0.058468,0.710484,0.4691,-0.068975,0.63215,0.617816,-0.041303,0.695323,0.592715,-0.053532,0.716138,0.537159,-0.062812,0.71409,0.492794,-0.069161
C,0.461146,0.626789,-0.000001,0.496975,0.547421,0.000787,0.539221,0.496998,-0.007587,0.570486,0.453712,-0.025632,0.603081,0.410501,-0.044057,0.647488,0.544385,0.026527,0.711838,0.531697,0.000115,0.714027,0.481105,-0.026783,0.69998,0.444168,-0.043386,0.651292,0.573266,0.006636,0.731768,0.562863,-0.018898,0.733321,0.501047,-0.045503,0.712666,0.459151,-0.061318,0.644379,0.601527,-0.018254,0.720742,0.587842,-0.038962,0.727595,0.521767,-0.058959,0.709282,0.475464,-0.069994,0.627216,0.62737,-0.044502,0.69212,0.599527,-0.056661,0.713366,0.543106,-0.065915,0.712881,0.497022,-0.072538
C,0.470478,0.62535,0,0.501301,0.548105,0.000038,0.543397,0.498168,-0.008811,0.575011,0.45352,-0.026936,0.6043,0.405271,-0.044945,0.652511,0.542818,0.025882,0.714545,0.529276,-0.00122,0.720416,0.479873,-0.027855,0.708223,0.443102,-0.043836,0.656233,0.570504,0.006384,0.732919,0.558107,-0.020566,0.737003,0.496737,-0.046471,0.716191,0.453177,-0.060642,0.64935,0.596815,-0.01825,0.721974,0.581013,-0.040218,0.732734,0.514442,-0.059392,0.717758,0.466768,-0.068788,0.632996,0.618946,-0.044299,0.696269,0.594057,-0.057247,0.718942,0.539829,-0.066176,0.720241,0.49468,-0.071753
C,0.474866,0.618361,0,0.50811,0.542899,0.003464,0.549278,0.50004,-0.004529,0.58035,0.45606,-0.022988,0.606983,0.405197,-0.041656,0.659207,0.552596,0.028335,0.723823,0.541868,0.002442,0.728083,0.487434,-0.022336,0.714059,0.448094,-0.037137,0.661491,0.579157,0.007105,0.740106,0.564937,-0.018063,0.742685,0.497091,-0.040426,0.720035,0.452156,-0.052341,0.653715,0.602666,-0.019203,0.730198,0.584097,-0.040043,0.736812,0.512129,-0.055413,0.717281,0.463882,-0.062316,0.638063,0.62081,-0.046906,0.701713,0.593266,-0.058515,0.721732,0.534159,-0.06509,0.718845,0.487094,-0.069148
C,0.473133,0.628545,0,0.506993,0.547357,0.006817,0.550194,0.501649,0.001906,0.581093,0.458352,-0.013594,0.610419,0.409831,-0.029403,0.657933,0.549856,0.034834,0.719325,0.537768,0.011571,0.724754,0.484507,-0.012234,0.714099,0.443368,-0.026597,0.661823,0.576021,0.012511,0.737589,0.565021,-0.009621,0.74178,0.501148,-0.032093,0.722904,0.455091,-0.044373,0.655122,0.600606,-0.014675,0.726611,0.584722,-0.033256,0.736536,0.516768,-0.050066,0.723322,0.467945,-0.05845,0.640102,0.620646,-0.042878,0.701715,0.591382,-0.05321,0.722555,0.534067,-0.059959,0.723552,0.487018,-0.064233
C,0.473617,0.61651,-0.000001,0.509319,0.539403,0.008671,0.550365,0.495347,0.004183,0.58165,0.452821,-0.011699,0.611143,0.404991,-0.02862,0.660228,0.545906,0.036551,0.721524,0.532048,0.013709,0.724227,0.47789,-0.010704,0.710177,0.438966,-0.02591,0.663371,0.573498,0.013109,0.739528,0.560287,-0.008919,0.742714,0.494043,-0.033367,0.722255,0.448622,-0.047937,0.655967,0.598867,-0.015007,0.728526,0.580869,-0.034341,0.737277,0.509932,-0.053522,0.720274,0.460637,-0.063967,0.640396,0.618694,-0.043869,0.703058,0.587767,-0.054985,0.724304,0.528631,-0.063251,0.723357,0.480542,-0.069225
C,0.479343,0.622495,-0.000001,0.517196,0.545276,0.006197,0.559292,0.498767,0.000424,0.589683,0.455518,-0.016087,0.619449,0.407726,-0.033609,0.666922,0.544946,0.032255,0.729831,0.528787,0.007673,0.731254,0.475186,-0.017524,0.714583,0.438426,-0.032633,0.670358,0.573448,0.010274,0.749006,0.559921,-0.012684,0.749951,0.496088,-0.036653,0.726172,0.453585,-0.050556,0.662991,0.600049,-0.016441,0.737462,0.583453,-0.035612,0.745487,0.515255,-0.05342,0.727182,0.468484,-0.062805,0.646822,0.622756,-0.044091,0.711495,0.593368,-0.054474,0.734003,0.536842,-0.061271,0.734395,0.491209,-0.06602
C,0.481693,0.618905,-0.000001,0.518238,0.541249,0.009014,0.560045,0.494189,0.004884,0.590473,0.451461,-0.010579,0.619887,0.404643,-0.027346,0.668795,0.540076,0.035518,0.731399,0.524064,0.012038,0.732587,0.471733,-0.012637,0.71696,0.434343,-0.027933,0.671998,0.568119,0.011896,0.750098,0.553677,-0.011138,0.750012,0.489491,-0.035646,0.72703,0.445668,-0.050062,0.66472,0.594578,-0.016339,0.739481,0.578516,-0.036162,0.746268,0.509342,-0.054921,0.727985,0.461057,-0.064954,0.648595,0.617447,-0.045233,0.712985,0.587646,-0.056717,0.734616,0.529457,-0.06481,0.735123,0.482495,-0.070626
C,0.529265,0.195942,0.000001,0.536969,0.297614,0.047429,0.575521,0.353693,0.063259,0.597059,0.407353,0.062713,0.612089,0.463013,0.061537,0.669147,0.274922,0.081743,0.719126,0.333753,0.089316,0.720168,0.403244,0.090868,0.706801,0.450896,0.092529,0.67825,0.265083,0.047083,0.736675,0.347415,0.048713,0.7239,0.427926,0.046051,0.693608,0.473491,0.048027,0.677004,0.267737,0.011425,0.740554,0.343422,0.014002,0.7293,0.423269,0.017109,0.701591,0.467971,0.021559,0.662178,0.283289,-0.022523,0.719884,0.348142,-0.019623,0.719133,0.411687,-0.014599,0.702122,0.454881,-0.009008
C,0.528098,0.211323,0,0.54104,0.306494,0.046897,0.576842,0.35773,0.061965,0.597527,0.410781,0.060996,0.608584,0.466202,0.060278,0.676991,0.274061,0.073366,0.726808,0.340669,0.077109,0.724608,0.408425,0.078477,0.709153,0.455882,0.080505,0.684366,0.266465,0.03891,0.743891,0.353963,0.035474,0.728449,0.434482,0.034389,0.697876,0.480006,0.038625,0.679029,0.273206,0.003734,0.744842,0.351423,0.00102,0.730495,0.429945,0.005909,0.70146,0.473889,0.013091,0.660717,0.296042,-0.029505,0.719943,0.359379,-0.03086,0.718732,0.419869,-0.025759,0.701705,0.460853,-0.018948
C,0.525723,0.21761,0,0.536432,0.315429,0.038098,0.575266,0.369552,0.048751,0.596044,0.421351,0.045337,0.606559,0.475787,0.042213,0.673443,0.288338,0.059538,0.722288,0.352705,0.058284,0.720405,0.421103,0.056005,0.704236,0.468276,0.05599,0.680732,0.279272,0.029213,0.737761,0.36354,0.0238,0.722916,0.441888,0.020607,0.692758,0.487076,0.022605,0.675656,0.285185,-0.002089,0.738672,0.363304,-0.004869,0.724676,0.441148,-0.002226,0.695599,0.484954,0.002451,0.65713,0.306587,-0.03213,0.714789,0.370727,-0.033983,0.713981,0.431593,-0.030493,0.697274,0.473521,-0.025347
C,0.5274,0.239605,0,0.536161,0.329331,0.035795,0.570304,0.380983,0.045414,0.590527,0.43322,0.041534,0.601571,0.488137,0.038214,0.672274,0.301486,0.056291,0.721595,0.370875,0.053884,0.71775,0.437923,0.051694,0.699922,0.483008,0.052252,0.678906,0.295653,0.027847,0.735274,0.384738,0.021407,0.720221,0.460785,0.019071,0.690356,0.503391,0.02208,0.673189,0.30458,-0.001583,0.7345,0.385844,-0.005733,0.720333,0.461798,-0.001163,0.690768,0.50382,0.005566,0.654111,0.329916,-0.029828,0.71062,0.39632,-0.031725,0.709176,0.45531,-0.026237,0.69199,0.494971,-0.019126
C,0.525286,0.244687,0,0.540216,0.336498,0.049794,0.571522,0.385586,0.066489,0.588943,0.43688,0.067245,0.600661,0.489795,0.068087,0.671081,0.303375,0.07532,0.71834,0.375043,0.079574,0.713863,0.439573,0.08113,0.696539,0.481724,0.08375,0.676544,0.300387,0.041081,0.731855,0.393149,0.03852,0.716934,0.467278,0.03716,0.687604,0.506966,0.041289,0.670003,0.310981,0.006711,0.730813,0.39272,0.005914,0.717674,0.467225,0.012654,0.689268,0.508538,0.020995,0.649719,0.336614,-0.025371,0.70579,0.402616,-0.023613,0.705699,0.460544,-0.015622,0.690246,0.499763,-0.00687
C,0.524087,0.237883,0,0.535943,0.329564,0.058413,0.567854,0.378466,0.07907,0.586513,0.429252,0.081591,0.597397,0.483743,0.083639,0.665473,0.297987,0.090978,0.711018,0.365739,0.101993,0.709446,0.430055,0.107981,0.694759,0.472881,0.112917,0.672521,0.294457,0.052588,0.727562,0.38392,0.056448,0.713444,0.456901,0.058362,0.684969,0.49854,0.064439,0.668063,0.304997,0.014203,0.730255,0.384514,0.017388,0.717245,0.457376,0.025655,0.688277,0.497908,0.034777,0.650774,0.331595,-0.02149,0.707554,0.394149,-0.017492,0.705686,0.451451,-0.008944,0.688566,0.490365,0.000137
C,0.524672,0.22615,0,0.532582,0.323105,0.050195,0.566199,0.374877,0.067534,0.587557,0.424771,0.068271,0.600176,0.47963,0.068812,0.66169,0.301566,0.083277,0.711084,0.360745,0.090597,0.707852,0.42525,0.094134,0.691814,0.469216,0.097895,0.66905,0.294905,0.048684,0.724805,0.377801,0.050408,0.709351,0.451551,0.051355,0.680767,0.492261,0.056936,0.664887,0.302036,0.013297,0.725675,0.378436,0.014888,0.710919,0.452817,0.022424,0.682554,0.4932,0.031562,0.647746,0.323425,-0.020098,0.702472,0.389267,-0.017485,0.699821,0.447955,-0.009541,0.683284,0.486358,-0.00048
C,0.527708,0.242451,0,0.536732,0.332209,0.047995,0.571668,0.385685,0.062668,0.590418,0.435714,0.061502,0.604079,0.490426,0.060271,0.666278,0.309057,0.072502,0.719737,0.37233,0.076963,0.717466,0.4386,0.080689,0.700427,0.481623,0.085929,0.672458,0.301409,0.038992,0.731862,0.384882,0.038823,0.719038,0.463429,0.04125,0.689919,0.505648,0.049257,0.667794,0.308924,0.005322,0.72991,0.387065,0.007582,0.717546,0.464762,0.019386,0.690295,0.506489,0.032273,0.64964,0.331202,-0.026502,0.707384,0.398264,-0.022812,0.706077,0.456624,-0.01114,0.689994,0.492849,0.001813
C,0.536233,0.2522,0,0.541487,0.341349,0.034265,0.576687,0.39566,0.04234,0.596362,0.445242,0.037315,0.610472,0.498767,0.032463,0.670009,0.32312,0.05494,0.72315,0.377557,0.052346,0.722701,0.442865,0.049774,0.707799,0.486712,0.050384,0.675861,0.315993,0.027389,0.734587,0.393309,0.023332,0.721607,0.469104,0.020808,0.694351,0.51287,0.022904,0.670884,0.324149,-0.001213,0.734251,0.399516,-0.002523,0.720793,0.475296,0.000757,0.693537,0.518373,0.00568,0.654229,0.346654,-0.028699,0.710138,0.411257,-0.028432,0.708057,0.470262,-0.022924,0.69195,0.509274,-0.016412
C,0.528844,0.263954,0,0.537544,0.350701,0.046181,0.569535,0.399119,0.059708,0.587554,0.446388,0.058488,0.600184,0.499179,0.057207,0.660663,0.325558,0.065357,0.711803,0.389017,0.068161,0.707845,0.453139,0.070857,0.689037,0.494079,0.075394,0.666,0.319775,0.034086,0.724317,0.40302,0.032081,0.710606,0.47688,0.033914,0.681831,0.515648,0.041103,0.661118,0.328688,0.003023,0.722239,0.407482,0.004209,0.708778,0.480427,0.01487,0.682118,0.518618,0.026516,0.64378,0.352309,-0.025955,0.697574,0.420092,-0.022047,0.696502,0.476299,-0.010995,0.682017,0.510361,0.000768
C,0.533478,0.266726,0,0.539687,0.350833,0.043241,0.571682,0.400697,0.054744,0.589802,0.448509,0.052132,0.603858,0.501887,0.049201,0.661438,0.332717,0.059857,0.712181,0.393066,0.062656,0.709106,0.455734,0.066368,0.692024,0.496538,0.071684,0.667502,0.324858,0.029437,0.722574,0.405489,0.028009,0.710013,0.478871,0.031414,0.682468,0.518397,0.039581,0.663295,0.331068,-0.000867,0.720247,0.406877,0.000209,0.708108,0.479592,0.011593,0.682929,0.517859,0.023798,0.6471,0.350153,-0.029318,0.700121,0.415834,-0.025776,0.698639,0.470691,-0.014574,0.683789,0.503904,-0.002562
C,0.532563,0.283226,0,0.539881,0.358643,0.034343,0.568756,0.407572,0.039643,0.583034,0.457788,0.031824,0.597244,0.510319,0.024191,0.657855,0.343211,0.046976,0.711851,0.402454,0.0427,0.70861,0.465785,0.041593,0.691078,0.505841,0.044174,0.66241,0.335659,0.018697,0.723307,0.408912,0.011826,0.709887,0.482793,0.011789,0.682295,0.523959,0.017473,0.656809,0.343199,-0.010098,0.721911,0.410035,-0.013407,0.710486,0.483995,-0.005297,0.685847,0.524618,0.004598,0.640241,0.364286,-0.03777,0.697777,0.420725,-0.038342,0.697821,0.474121,-0.029745,0.68427,0.50825,-0.019638
C,0.526667,0.279004,0,0.535652,0.362458,0.060791,0.563356,0.413116,0.079123,0.574869,0.461211,0.079201,0.586188,0.513856,0.077919,0.65324,0.348676,0.083661,0.709719,0.400989,0.091634,0.707815,0.461058,0.09751,0.690392,0.499451,0.103907,0.657473,0.343127,0.043062,0.722339,0.41135,0.045233,0.708402,0.483656,0.048505,0.679016,0.522019,0.056549,0.652253,0.349625,0.003066,0.719866,0.409668,0.005144,0.707811,0.484292,0.015642,0.681569,0.525,0.027437,0.636262,0.367639,-0.033789,0.694569,0.421344,-0.02995,0.693118,0.477633,-0.019189,0.677981,0.514366,-0.007616
C,0.518244,0.25194,0,0.527244,0.348862,0.061552,0.551618,0.401394,0.079756,0.562692,0.451337,0.078787,0.572497,0.507108,0.076795,0.650532,0.341843,0.087674,0.705855,0.396727,0.093252,0.700568,0.459826,0.096684,0.681211,0.500742,0.101147,0.653643,0.335253,0.045042,0.719533,0.410939,0.042651,0.702356,0.483283,0.044115,0.669655,0.519009,0.051879,0.647801,0.340123,0.002544,0.717442,0.408873,0.00121,0.701779,0.481144,0.013994,0.672828,0.518874,0.028381,0.628783,0.356187,-0.037053,0.68883,0.415528,-0.035181,0.687661,0.47197,-0.02293,0.672187,0.508819,-0.009516
C,0.508919,0.225798,0,0.514504,0.3205,0.036852,0.544616,0.379608,0.043973,0.557991,0.42984,0.037283,0.570941,0.483333,0.030918,0.637188,0.321465,0.051435,0.699384,0.374974,0.044956,0.693577,0.438672,0.041305,0.673277,0.479441,0.042676,0.641558,0.312205,0.020413,0.711926,0.380925,0.01033,0.694902,0.457493,0.007668,0.660534,0.491766,0.012685,0.638436,0.313214,-0.011353,0.710191,0.378221,-0.016471,0.696086,0.452442,-0.00833,0.666047,0.490218,0.002705,0.62274,0.324421,-0.042026,0.679796,0.383217,-0.043444,0.67911,0.442264,-0.034888,0.662632,0.481102,-0.02379
C,0.503608,0.230548,0,0.510771,0.319151,0.03425,0.539428,0.377793,0.040154,0.551807,0.427765,0.03339,0.563534,0.480087,0.027412,0.633977,0.322847,0.041728,0.698496,0.375343,0.032908,0.692325,0.437242,0.028927,0.672176,0.477625,0.03016,0.638318,0.313631,0.012089,0.71131,0.378022,-0.000409,0.6941,0.454682,-0.002646,0.660004,0.489146,0.002353,0.634864,0.314245,-0.018035,0.706939,0.374949,-0.025707,0.692456,0.449206,-0.01824,0.66186,0.488028,-0.007669,0.618551,0.325335,-0.046999,0.674556,0.38092,-0.051036,0.672988,0.44102,-0.044164,0.655896,0.481578,-0.034287
C,0.499119,0.237304,0,0.50773,0.325897,0.036382,0.534891,0.379574,0.04224,0.545696,0.429085,0.035011,0.557833,0.482457,0.028747,0.637311,0.320422,0.040203,0.703352,0.377958,0.029757,0.697591,0.442761,0.025529,0.674674,0.485244,0.026763,0.63945,0.313894,0.009376,0.713257,0.382471,-0.00594,0.696569,0.461698,-0.007556,0.661365,0.500941,-0.001034,0.632739,0.316888,-0.021734,0.704974,0.379636,-0.030922,0.69228,0.455463,-0.021227,0.663202,0.496808,-0.008561,0.610782,0.331855,-0.051532,0.671596,0.383907,-0.05624,0.672643,0.441285,-0.047953,0.657042,0.480694,-0.036597
C,0.496198,0.226152,0,0.504327,0.319714,0.036244,0.531275,0.379357,0.040433,0.543079,0.429933,0.031015,0.556019,0.48705,0.0223,0.63103,0.326099,0.04152,0.696619,0.382613,0.031888,0.691748,0.448163,0.028599,0.671786,0.49064,0.030676,0.633062,0.316818,0.009045,0.709695,0.383553,-0.005725,0.693305,0.463566,-0.006378,0.658537,0.500541,0.001066,0.626961,0.317602,-0.023951,0.702096,0.38082,-0.032885,0.689018,0.457729,-0.021404,0.659753,0.497435,-0.007007,0.606268,0.328587,-0.055807,0.667831,0.386228,-0.059283,0.669531,0.446578,-0.049085,0.654841,0.48658,-0.036145
C,0.496007,0.226637,0,0.505292,0.320457,0.046169,0.530299,0.376252,0.056175,0.54024,0.426235,0.050348,0.554523,0.48112,0.044913,0.630668,0.320341,0.059613,0.698334,0.372669,0.054743,0.693552,0.436514,0.053218,0.673515,0.478214,0.055892,0.633361,0.313247,0.022823,0.712788,0.375375,0.012147,0.696614,0.45332,0.01185,0.661894,0.491347,0.019057,0.628902,0.31579,-0.014498,0.706197,0.373914,-0.021263,0.693449,0.450132,-0.010412,0.664701,0.491734,0.003218,0.610105,0.328896,-0.050031,0.670913,0.384843,-0.052546,0.670143,0.444796,-0.042734,0.654214,0.485509,-0.030411
C,0.496376,0.230474,0,0.507043,0.325906,0.052043,0.533444,0.380706,0.065348,0.543537,0.429168,0.061588,0.55651,0.483862,0.05761,0.633884,0.3267,0.068128,0.698131,0.372242,0.065753,0.693881,0.434185,0.06458,0.673851,0.4759,0.066598,0.636835,0.318921,0.028053,0.713575,0.373443,0.018317,0.698658,0.450304,0.016918,0.663684,0.489295,0.02273,0.632399,0.319817,-0.012347,0.707596,0.370787,-0.019859,0.69506,0.44676,-0.011283,0.665782,0.490146,0.000643,0.614542,0.330273,-0.050388,0.67401,0.381374,-0.053731,0.672628,0.440502,-0.045385,0.655315,0.481773,-0.034461
C,0.499793,0.265983,0.000001,0.494929,0.342497,-0.022529,0.523577,0.40513,-0.040236,0.542069,0.466821,-0.054874,0.55835,0.524561,-0.066183,0.608188,0.356928,-0.044905,0.684189,0.408869,-0.070239,0.683517,0.478313,-0.079835,0.665925,0.521758,-0.07972,0.623145,0.335911,-0.040646,0.700652,0.403626,-0.066523,0.691387,0.482989,-0.071617,0.663823,0.526764,-0.068426,0.626944,0.333098,-0.037387,0.698786,0.39834,-0.056015,0.692395,0.472369,-0.057561,0.668909,0.515415,-0.052288,0.622091,0.342541,-0.035794,0.676769,0.399413,-0.047161,0.680937,0.457509,-0.048067,0.668177,0.497839,-0.043571
C,0.516758,0.333862,0.000001,0.506271,0.399608,-0.047973,0.532653,0.460188,-0.072241,0.551706,0.518979,-0.082539,0.570552,0.573951,-0.089497,0.60121,0.425449,-0.096671,0.665673,0.485989,-0.118166,0.66684,0.548909,-0.118005,0.654748,0.590798,-0.110976,0.623142,0.402519,-0.071402,0.690873,0.47263,-0.097828,0.684921,0.544536,-0.095351,0.663415,0.585141,-0.085743,0.632352,0.392026,-0.045125,0.697701,0.45269,-0.065632,0.696015,0.517658,-0.06652,0.679594,0.558171,-0.059593,0.634729,0.390044,-0.020685,0.687275,0.439078,-0.035233,0.69643,0.485401,-0.038919,0.688345,0.519428,-0.0356
C,0.525265,0.294774,0.000001,0.511752,0.367482,-0.047919,0.539476,0.43393,-0.070426,0.55944,0.495409,-0.079407,0.576428,0.552143,-0.085566,0.610712,0.394555,-0.088059,0.677772,0.454638,-0.108537,0.678667,0.517505,-0.111579,0.666455,0.560887,-0.108059,0.631422,0.37234,-0.063242,0.698603,0.44353,-0.088815,0.691268,0.514749,-0.091105,0.66912,0.552896,-0.086098,0.639317,0.361922,-0.037897,0.705306,0.424369,-0.056882,0.703668,0.488015,-0.061407,0.688043,0.525902,-0.058099,0.641136,0.361429,-0.014675,0.694343,0.412052,-0.028436,0.705263,0.458368,-0.034357,0.699701,0.491401,-0.033706
C,0.507236,0.283572,0.000001,0.504918,0.359504,-0.01824,0.536484,0.417407,-0.032593,0.556679,0.473272,-0.043577,0.569935,0.527608,-0.051653,0.611698,0.369834,-0.044676,0.68391,0.427496,-0.067981,0.68525,0.492598,-0.074592,0.669493,0.533921,-0.072303,0.626754,0.348226,-0.040737,0.701857,0.41916,-0.068125,0.692438,0.496657,-0.071005,0.666699,0.537791,-0.064074,0.629358,0.34341,-0.037055,0.702833,0.40833,-0.057588,0.697058,0.481081,-0.058097,0.675826,0.521333,-0.04993,0.623656,0.349456,-0.034221,0.681714,0.403326,-0.047233,0.688909,0.457583,-0.048467,0.677953,0.494198,-0.04276
C,0.498603,0.279339,0.000001,0.501948,0.358194,0.005504,0.529929,0.415277,-0.000406,0.546513,0.469924,-0.009519,0.562127,0.523466,-0.016647,0.610958,0.366173,-0.00932,0.683805,0.421715,-0.024351,0.683557,0.485067,-0.025875,0.667494,0.524799,-0.020956,0.620933,0.351209,-0.019966,0.699229,0.418282,-0.039736,0.687717,0.493443,-0.038415,0.660085,0.532164,-0.028909,0.620959,0.349768,-0.030737,0.699443,0.41281,-0.044194,0.691611,0.484361,-0.037713,0.668807,0.522195,-0.025716,0.611904,0.358441,-0.041358,0.671678,0.412053,-0.050487,0.676606,0.467926,-0.047405,0.66483,0.504286,-0.038612
C,0.496392,0.261968,0.000001,0.496186,0.351137,0.00058,0.524608,0.413609,-0.004306,0.542493,0.468217,-0.009639,0.558989,0.521929,-0.01284,0.606062,0.360343,-0.013513,0.678878,0.409005,-0.022753,0.680843,0.472322,-0.019707,0.667893,0.513924,-0.012077,0.617327,0.34583,-0.018185,0.693364,0.408113,-0.034133,0.683966,0.484495,-0.031691,0.657779,0.524438,-0.021862,0.618798,0.343746,-0.022442,0.69645,0.402291,-0.034352,0.691168,0.474289,-0.030322,0.66993,0.513322,-0.019831,0.612893,0.350207,-0.026311,0.671925,0.40404,-0.033879,0.676827,0.460793,-0.032063,0.664406,0.498174,-0.024538
D,0.261683,0.497964,0,0.306025,0.453045,-0.047413,0.357818,0.436568,-0.075775,0.384237,0.465662,-0.100927,0.412112,0.508936,-0.122673,0.470589,0.521415,-0.050972,0.555251,0.551745,-0.095527,0.607212,0.569468,-0.119717,0.650773,0.592129,-0.13548,0.441681,0.58928,-0.050802,0.509316,0.615779,-0.108249,0.461271,0.557657,-0.119277,0.419325,0.522735,-0.112501,0.398444,0.635517,-0.05683,0.420798,0.633963,-0.115232,0.368964,0.555787,-0.105434,0.34077,0.522818,-0.083293,0.347295,0.666508,-0.067036,0.35149,0.636628,-0.10666,0.323988,0.574111,-0.10196,0.310297,0.553132,-0.089327
D,0.269541,0.484103,0,0.315229,0.430209,-0.042158,0.372508,0.404721,-0.068622,0.40521,0.431921,-0.093478,0.438533,0.470837,-0.115636,0.488948,0.476391,-0.045213,0.579502,0.491363,-0.084275,0.632286,0.499514,-0.104262,0.675139,0.513956,-0.117129,0.466644,0.544287,-0.047906,0.539105,0.569498,-0.104429,0.491911,0.51898,-0.117054,0.4463,0.480677,-0.110832,0.426777,0.594015,-0.055862,0.45102,0.591627,-0.112697,0.399411,0.52653,-0.10699,0.367201,0.488287,-0.087554,0.376061,0.630613,-0.067329,0.382988,0.608342,-0.104826,0.356929,0.549591,-0.101042,0.342061,0.512684,-0.089284
D,0.293544,0.476491,0,0.331528,0.426126,-0.037648,0.380343,0.399662,-0.061828,0.414236,0.414772,-0.08506,0.448368,0.444023,-0.106259,0.48858,0.459077,-0.036916,0.572023,0.473472,-0.072575,0.621196,0.482162,-0.092108,0.661893,0.500039,-0.105299,0.472287,0.516887,-0.04082,0.539172,0.539947,-0.092799,0.497695,0.491364,-0.105369,0.459564,0.458278,-0.100176,0.439069,0.559619,-0.049643,0.464024,0.561275,-0.101481,0.416334,0.498746,-0.096231,0.385143,0.464093,-0.07822,0.394662,0.590377,-0.061718,0.39881,0.568556,-0.097134,0.371144,0.5148,-0.094255,0.354102,0.48469,-0.083458
D,0.320091,0.48153,0,0.357962,0.433214,-0.033142,0.406242,0.411727,-0.053784,0.439171,0.42921,-0.073742,0.473658,0.456207,-0.091945,0.507943,0.46893,-0.029252,0.583647,0.483936,-0.060484,0.628778,0.492499,-0.078083,0.666584,0.50873,-0.090264,0.492826,0.523909,-0.033154,0.555613,0.546142,-0.078329,0.517323,0.502735,-0.088969,0.48182,0.472079,-0.084154,0.462138,0.564627,-0.041716,0.489119,0.568419,-0.08785,0.443908,0.511058,-0.082746,0.413534,0.478738,-0.066623,0.420521,0.594245,-0.053271,0.424611,0.572491,-0.08669,0.396999,0.52007,-0.084823,0.379571,0.489753,-0.07551
D,0.329577,0.491083,0,0.366252,0.444815,-0.031758,0.414136,0.427467,-0.052736,0.446736,0.448115,-0.072346,0.484231,0.473933,-0.090939,0.512953,0.488548,-0.031514,0.584566,0.503472,-0.065979,0.63473,0.512286,-0.087583,0.67399,0.524121,-0.102093,0.495618,0.542815,-0.03468,0.558629,0.560605,-0.077023,0.518475,0.515413,-0.085228,0.484673,0.487373,-0.07975,0.46236,0.583174,-0.042513,0.499954,0.582908,-0.086256,0.453017,0.525212,-0.077246,0.422086,0.496352,-0.059395,0.419576,0.61179,-0.053142,0.432868,0.586302,-0.087938,0.40417,0.532789,-0.083786,0.384808,0.507861,-0.072208
D,0.33001,0.492625,0,0.366304,0.444803,-0.033069,0.41418,0.426802,-0.053544,0.446237,0.448654,-0.072128,0.483536,0.475416,-0.089181,0.512361,0.48532,-0.031993,0.584679,0.501478,-0.06647,0.633414,0.51101,-0.088389,0.672846,0.5243,-0.103201,0.495398,0.540273,-0.034349,0.558543,0.56213,-0.077252,0.52086,0.520788,-0.086544,0.488122,0.493303,-0.081864,0.463476,0.580611,-0.041489,0.499821,0.58363,-0.085957,0.45296,0.525915,-0.077989,0.422856,0.497434,-0.060613,0.421814,0.610642,-0.051536,0.431863,0.589051,-0.086627,0.403804,0.534652,-0.083441,0.386751,0.507824,-0.072631
D,0.332082,0.494446,0,0.368133,0.446763,-0.032071,0.416199,0.430021,-0.051936,0.448972,0.450843,-0.069994,0.48643,0.475174,-0.086756,0.513393,0.487511,-0.031019,0.585111,0.503078,-0.065474,0.634323,0.511722,-0.087843,0.674159,0.524385,-0.103082,0.49666,0.543104,-0.033544,0.561458,0.563701,-0.075809,0.523814,0.520996,-0.085118,0.490256,0.492873,-0.080554,0.464487,0.584179,-0.040725,0.502928,0.586002,-0.084653,0.45579,0.528035,-0.076529,0.424108,0.500007,-0.0591,0.422228,0.614793,-0.050691,0.43465,0.592449,-0.085978,0.406344,0.53673,-0.082641,0.387431,0.509898,-0.071591
D,0.325252,0.495708,0,0.365861,0.449849,-0.031534,0.414484,0.431667,-0.05131,0.44558,0.452697,-0.070189,0.482783,0.479004,-0.087543,0.515703,0.49146,-0.027406,0.589015,0.504637,-0.058011,0.634633,0.514935,-0.076737,0.672538,0.529336,-0.089528,0.498705,0.547045,-0.030909,0.559092,0.566027,-0.072812,0.521439,0.528165,-0.0836,0.486615,0.497663,-0.079891,0.466144,0.587468,-0.038927,0.494988,0.587886,-0.082282,0.449368,0.534286,-0.076935,0.419087,0.501518,-0.061358,0.423106,0.616731,-0.049758,0.432037,0.596915,-0.081853,0.405167,0.544498,-0.078846,0.3875,0.511513,-0.068755
D,0.330496,0.494663,0,0.36499,0.445945,-0.031802,0.41237,0.425837,-0.051619,0.443152,0.447762,-0.069372,0.477616,0.473475,-0.085534,0.51169,0.485553,-0.031171,0.584049,0.500297,-0.063757,0.631197,0.51017,-0.084869,0.669088,0.523246,-0.099217,0.494288,0.541325,-0.033617,0.555034,0.559928,-0.076021,0.518926,0.517947,-0.086191,0.485456,0.487525,-0.082011,0.461473,0.581854,-0.040332,0.494895,0.584601,-0.083173,0.449395,0.527216,-0.075429,0.418254,0.49677,-0.058288,0.418095,0.611674,-0.049812,0.427459,0.590026,-0.083367,0.400286,0.535046,-0.079584,0.382438,0.505363,-0.068229
D,0.317083,0.4905,0,0.355256,0.443762,-0.030389,0.403119,0.422684,-0.050052,0.435259,0.445057,-0.068669,0.467305,0.479986,-0.085656,0.502714,0.488696,-0.028339,0.574072,0.502385,-0.062567,0.622479,0.511171,-0.085974,0.661566,0.524603,-0.102493,0.485314,0.54469,-0.030259,0.530421,0.543635,-0.072232,0.485625,0.502079,-0.082602,0.451532,0.478703,-0.080346,0.454073,0.585922,-0.036833,0.480256,0.574909,-0.077745,0.43284,0.517978,-0.069305,0.402789,0.488356,-0.05368,0.41418,0.614103,-0.046592,0.414266,0.577382,-0.079444,0.385576,0.522579,-0.077285,0.368779,0.497126,-0.067918
D,0.31022,0.486116,0,0.34834,0.44187,-0.031885,0.398506,0.419054,-0.051958,0.432391,0.439471,-0.071765,0.462265,0.476587,-0.08975,0.50038,0.479851,-0.027026,0.575662,0.492253,-0.058632,0.622166,0.501802,-0.079124,0.661324,0.515748,-0.093895,0.484311,0.537297,-0.029554,0.526561,0.534524,-0.074587,0.482498,0.494347,-0.086937,0.447616,0.46573,-0.084855,0.454164,0.580228,-0.036611,0.473213,0.569741,-0.079159,0.426104,0.512682,-0.071911,0.395619,0.478437,-0.056289,0.413966,0.610613,-0.047266,0.408928,0.575037,-0.078838,0.382045,0.521033,-0.077032,0.367008,0.492083,-0.068114
D,0.306923,0.48354,0,0.346137,0.439124,-0.0324,0.396827,0.415215,-0.052768,0.432029,0.434123,-0.072967,0.463325,0.470768,-0.091151,0.500565,0.475819,-0.02614,0.574932,0.485831,-0.057431,0.621037,0.494022,-0.077328,0.659923,0.50761,-0.09169,0.484928,0.534991,-0.028419,0.526056,0.528508,-0.074227,0.48093,0.487746,-0.086857,0.444589,0.458991,-0.084657,0.454933,0.578677,-0.035383,0.47313,0.564807,-0.078617,0.425937,0.508544,-0.07197,0.395059,0.474597,-0.056501,0.414604,0.609254,-0.045968,0.40979,0.571876,-0.077551,0.383478,0.518798,-0.076278,0.36867,0.489662,-0.067707
D,0.30409,0.482017,0,0.345497,0.435112,-0.031762,0.396467,0.409003,-0.05271,0.43349,0.426777,-0.073953,0.465956,0.462132,-0.093259,0.499665,0.470961,-0.027541,0.576233,0.478764,-0.059811,0.622784,0.481539,-0.078858,0.663085,0.491589,-0.092084,0.484558,0.530467,-0.031031,0.528511,0.525351,-0.079028,0.480985,0.484054,-0.090848,0.442277,0.457865,-0.086837,0.455016,0.574726,-0.03903,0.471064,0.553187,-0.084155,0.422019,0.497363,-0.076615,0.390783,0.468308,-0.059486,0.41534,0.605491,-0.050523,0.413414,0.564857,-0.080554,0.385489,0.513133,-0.076795,0.369061,0.48773,-0.066394
D,0.308654,0.480372,0,0.349858,0.4332,-0.032088,0.400615,0.408691,-0.052762,0.43712,0.425545,-0.072929,0.470676,0.461577,-0.091107,0.502457,0.473295,-0.028099,0.579557,0.478198,-0.062062,0.627183,0.478831,-0.082415,0.666921,0.487717,-0.09659,0.486608,0.53364,-0.030092,0.533732,0.519742,-0.075341,0.484253,0.474624,-0.085045,0.446795,0.451194,-0.080895,0.45694,0.576976,-0.037044,0.48148,0.550459,-0.081187,0.429331,0.49374,-0.07172,0.396867,0.468646,-0.054358,0.418188,0.60584,-0.047421,0.417726,0.555584,-0.080309,0.386529,0.504157,-0.077674,0.368283,0.485441,-0.067916
D,0.312254,0.484592,0,0.350224,0.439583,-0.03232,0.401065,0.416313,-0.052889,0.43607,0.43301,-0.073243,0.469458,0.467605,-0.091686,0.505781,0.474926,-0.026883,0.581914,0.481455,-0.059958,0.628399,0.486544,-0.080748,0.667346,0.49824,-0.095462,0.49018,0.53455,-0.029769,0.534683,0.527685,-0.076947,0.48599,0.485246,-0.089079,0.447608,0.458522,-0.086009,0.459883,0.577996,-0.037499,0.482417,0.561587,-0.082274,0.431898,0.504378,-0.074043,0.39992,0.474445,-0.057097,0.419583,0.608105,-0.048744,0.417039,0.568741,-0.081168,0.387826,0.516402,-0.078519,0.371542,0.492739,-0.068758
D,0.309712,0.486877,0,0.348059,0.441617,-0.03218,0.399561,0.417532,-0.052672,0.434386,0.435171,-0.072953,0.466992,0.470177,-0.091411,0.50329,0.476684,-0.027082,0.579055,0.481941,-0.058821,0.625772,0.487933,-0.079208,0.664997,0.499446,-0.093902,0.488173,0.535535,-0.02991,0.532203,0.528309,-0.075944,0.48752,0.489087,-0.089023,0.451343,0.461765,-0.087266,0.458354,0.579496,-0.037319,0.478762,0.565179,-0.081759,0.429773,0.509943,-0.075151,0.397748,0.477277,-0.059513,0.418161,0.610889,-0.048178,0.415073,0.574516,-0.08082,0.386214,0.522255,-0.078908,0.369156,0.494783,-0.069747
D,0.309396,0.487767,0,0.347705,0.442542,-0.03205,0.40046,0.418116,-0.052204,0.436186,0.435402,-0.072243,0.46923,0.470484,-0.090427,0.502377,0.479922,-0.026537,0.57951,0.482686,-0.059853,0.62595,0.485872,-0.080277,0.66488,0.495952,-0.09455,0.486449,0.540392,-0.029287,0.532811,0.52535,-0.07678,0.482957,0.483422,-0.088644,0.443824,0.459749,-0.08527,0.45672,0.583954,-0.036959,0.481404,0.559765,-0.082992,0.42922,0.504306,-0.075002,0.396095,0.477094,-0.057837,0.417218,0.614052,-0.048021,0.417132,0.569592,-0.081954,0.386711,0.51859,-0.079828,0.369022,0.496512,-0.07009
D,0.317487,0.486907,0,0.355785,0.437073,-0.032634,0.408078,0.41154,-0.052573,0.444791,0.429863,-0.071839,0.48012,0.464706,-0.089552,0.510706,0.472022,-0.028124,0.58841,0.474893,-0.061535,0.635514,0.478686,-0.082448,0.675311,0.489475,-0.097196,0.4962,0.53332,-0.030089,0.542479,0.520425,-0.076492,0.494029,0.481384,-0.088308,0.456165,0.458814,-0.085492,0.467131,0.577837,-0.036825,0.491455,0.554941,-0.083068,0.438012,0.499678,-0.075679,0.404038,0.471538,-0.059097,0.428691,0.608776,-0.046863,0.424506,0.559763,-0.082781,0.391209,0.508269,-0.081979,0.371972,0.486769,-0.072862
D,0.319427,0.481625,0,0.359586,0.431458,-0.032522,0.413137,0.405317,-0.05292,0.450904,0.420102,-0.072872,0.487267,0.454022,-0.091002,0.516725,0.466269,-0.028099,0.596591,0.468211,-0.061246,0.643971,0.469227,-0.080413,0.683598,0.480086,-0.093731,0.501616,0.52708,-0.030895,0.552864,0.516841,-0.077928,0.504733,0.472131,-0.088736,0.466083,0.448208,-0.084474,0.472017,0.571684,-0.038495,0.497859,0.545274,-0.085377,0.443614,0.488243,-0.076773,0.409264,0.463714,-0.05893,0.432597,0.60319,-0.049339,0.432896,0.551828,-0.083432,0.399041,0.499777,-0.080462,0.37896,0.481402,-0.07012
D,0.323298,0.476733,0,0.363018,0.427612,-0.031419,0.416723,0.404797,-0.050844,0.455499,0.42092,-0.070221,0.495205,0.450161,-0.087389,0.519014,0.463081,-0.02597,0.598006,0.469831,-0.059183,0.644949,0.470063,-0.076453,0.684958,0.48008,-0.088039,0.503594,0.523004,-0.029903,0.557885,0.518165,-0.07725,0.507445,0.47406,-0.08573,0.470198,0.457072,-0.078909,0.473526,0.566358,-0.038885,0.500956,0.541203,-0.084417,0.447859,0.485751,-0.073692,0.418765,0.469925,-0.05446,0.43426,0.595303,-0.051219,0.433529,0.542671,-0.081412,0.400926,0.499762,-0.076881,0.386196,0.496026,-0.066256
D,0.321717,0.47452,0,0.362499,0.425007,-0.031065,0.417053,0.401981,-0.049917,0.457771,0.417512,-0.069048,0.496788,0.44503,-0.08566,0.518955,0.456934,-0.023793,0.597919,0.463661,-0.057143,0.644695,0.463853,-0.074098,0.685002,0.474217,-0.085384,0.504879,0.516802,-0.028264,0.560406,0.513974,-0.076915,0.511809,0.469671,-0.085486,0.475558,0.452218,-0.07797,0.475811,0.560346,-0.037931,0.50048,0.534996,-0.083837,0.449468,0.481673,-0.073662,0.422316,0.468141,-0.05437,0.437158,0.589288,-0.051073,0.433043,0.537303,-0.080102,0.401684,0.497171,-0.075748,0.38874,0.496076,-0.065326
D,0.31809,0.476918,0,0.359311,0.42627,-0.031085,0.415372,0.403886,-0.04916,0.455694,0.421247,-0.067506,0.495062,0.449905,-0.08333,0.518189,0.45897,-0.022562,0.597179,0.463231,-0.055225,0.644217,0.464311,-0.073302,0.684193,0.474663,-0.085718,0.502697,0.518669,-0.026572,0.55297,0.517503,-0.075691,0.504644,0.472558,-0.086586,0.467077,0.450615,-0.081067,0.472771,0.562891,-0.035677,0.496225,0.542212,-0.081848,0.446014,0.487831,-0.072991,0.417017,0.469964,-0.054667,0.432846,0.593936,-0.048228,0.430966,0.55011,-0.077811,0.401783,0.505195,-0.073857,0.387889,0.49592,-0.063647
D,0.413102,0.368929,0,0.436017,0.430511,-0.021727,0.479828,0.477401,-0.035779,0.517271,0.472569,-0.050078,0.528929,0.433006,-0.064065,0.562488,0.443151,-0.03745,0.633689,0.450752,-0.06468,0.67613,0.454588,-0.079287,0.713482,0.457426,-0.089606,0.561464,0.385609,-0.042357,0.568929,0.393595,-0.086161,0.514905,0.399299,-0.09409,0.482421,0.402869,-0.090767,0.548653,0.33612,-0.049071,0.536373,0.346162,-0.088925,0.489048,0.362156,-0.083542,0.464542,0.373131,-0.070541,0.529185,0.291989,-0.05804,0.520153,0.30328,-0.081922,0.487562,0.325219,-0.077371,0.470857,0.342742,-0.068533
D,0.410166,0.373049,0,0.434519,0.436991,-0.020459,0.47749,0.484694,-0.033766,0.514227,0.481594,-0.047213,0.524824,0.439937,-0.060409,0.561473,0.450735,-0.037074,0.631858,0.458401,-0.062362,0.673863,0.461997,-0.07635,0.711453,0.464182,-0.086508,0.561077,0.394259,-0.04196,0.565409,0.39786,-0.081548,0.514041,0.405295,-0.088375,0.482684,0.409725,-0.085726,0.547721,0.344415,-0.048387,0.531242,0.35277,-0.083491,0.486493,0.368755,-0.078083,0.462917,0.379227,-0.066487,0.527132,0.300857,-0.057222,0.515034,0.310983,-0.077868,0.48397,0.333249,-0.073495,0.467299,0.351349,-0.065598
D,0.422539,0.383523,0,0.444423,0.445879,-0.020329,0.488518,0.492766,-0.032871,0.526168,0.489268,-0.045692,0.53552,0.447233,-0.058165,0.571953,0.458901,-0.033202,0.640621,0.464721,-0.058458,0.682447,0.468203,-0.072657,0.718558,0.469377,-0.082784,0.572219,0.401758,-0.038069,0.576724,0.410128,-0.079245,0.525319,0.418324,-0.087243,0.493204,0.421793,-0.084172,0.559098,0.352217,-0.04472,0.540529,0.364633,-0.081636,0.496162,0.381153,-0.077596,0.473077,0.390633,-0.065905,0.53857,0.308954,-0.053627,0.524031,0.323145,-0.075629,0.492458,0.344855,-0.071919,0.476515,0.361553,-0.063851
D,0.423599,0.38692,0,0.446817,0.450411,-0.020505,0.489377,0.496883,-0.032973,0.525393,0.495056,-0.045262,0.535448,0.454893,-0.056937,0.573281,0.463882,-0.034468,0.639809,0.469342,-0.05919,0.681165,0.472731,-0.072896,0.718375,0.474122,-0.083084,0.575291,0.406905,-0.038621,0.577698,0.412748,-0.077403,0.525399,0.420633,-0.083845,0.494248,0.423493,-0.08072,0.562739,0.357505,-0.044517,0.540341,0.368062,-0.078408,0.496784,0.383441,-0.072746,0.476005,0.391781,-0.061086,0.54252,0.314343,-0.052926,0.523566,0.326443,-0.072745,0.493134,0.347073,-0.068686,0.479821,0.363006,-0.061125
D,0.42183,0.385778,0,0.447506,0.450838,-0.018841,0.490049,0.497369,-0.031023,0.523728,0.495652,-0.043735,0.531489,0.452933,-0.05634,0.570755,0.461082,-0.032869,0.639783,0.46511,-0.056993,0.68078,0.467979,-0.070516,0.717902,0.469973,-0.080745,0.569492,0.406026,-0.038176,0.578886,0.405854,-0.076499,0.526948,0.414798,-0.08314,0.4948,0.421005,-0.080443,0.555869,0.357338,-0.045072,0.543503,0.361566,-0.078597,0.499408,0.378534,-0.072759,0.476355,0.389735,-0.061126,0.535631,0.314111,-0.054288,0.524696,0.320288,-0.07355,0.495156,0.3415,-0.068951,0.480491,0.359181,-0.061283
D,0.421169,0.382985,0,0.444211,0.454482,-0.023939,0.477938,0.506643,-0.040082,0.515411,0.517046,-0.056613,0.533464,0.477868,-0.072848,0.572193,0.463055,-0.029663,0.640376,0.469076,-0.053757,0.67919,0.473279,-0.068461,0.714508,0.478815,-0.079527,0.568211,0.409016,-0.034892,0.597529,0.409642,-0.074115,0.548177,0.418934,-0.084252,0.512498,0.42655,-0.083331,0.553734,0.360001,-0.042473,0.556898,0.362306,-0.078479,0.512138,0.380215,-0.075454,0.484128,0.391948,-0.064733,0.53294,0.315748,-0.052619,0.53596,0.319467,-0.073575,0.506204,0.341975,-0.069909,0.486122,0.360168,-0.062529
D,0.416147,0.385384,0,0.438556,0.444671,-0.03294,0.471467,0.48196,-0.052579,0.505158,0.471483,-0.070365,0.537075,0.454405,-0.085905,0.571548,0.461034,-0.036639,0.639229,0.475929,-0.06205,0.6801,0.482299,-0.075347,0.716852,0.487418,-0.084756,0.569985,0.405662,-0.03892,0.618806,0.407563,-0.079311,0.575284,0.418462,-0.089793,0.540028,0.425934,-0.08753,0.554578,0.356294,-0.044568,0.556727,0.366598,-0.086068,0.509697,0.387479,-0.085677,0.486909,0.400399,-0.074707,0.531378,0.314016,-0.052906,0.531127,0.324285,-0.078838,0.500685,0.348156,-0.077023,0.487732,0.365997,-0.06989
D,0.413511,0.385086,0,0.435212,0.44401,-0.034146,0.46739,0.478959,-0.054013,0.502572,0.464851,-0.071764,0.536241,0.454273,-0.086838,0.567663,0.464421,-0.037946,0.634959,0.483925,-0.063759,0.674731,0.492297,-0.076875,0.710724,0.498792,-0.086142,0.567749,0.406478,-0.039516,0.61569,0.406988,-0.080269,0.573583,0.416301,-0.090222,0.540162,0.424693,-0.087752,0.552796,0.356202,-0.044687,0.551624,0.366078,-0.087089,0.505125,0.387921,-0.086899,0.483871,0.404074,-0.076118,0.529199,0.314556,-0.052651,0.523955,0.324593,-0.079602,0.494049,0.349586,-0.078967,0.483387,0.370612,-0.072635
D,0.411534,0.389427,0,0.43552,0.447478,-0.030325,0.466721,0.488889,-0.050431,0.49777,0.48058,-0.069261,0.527836,0.459787,-0.086309,0.567046,0.468885,-0.038722,0.633881,0.484004,-0.064777,0.672279,0.493033,-0.078628,0.707596,0.499973,-0.088619,0.567216,0.410753,-0.041635,0.593715,0.421558,-0.081333,0.545687,0.428102,-0.09063,0.516187,0.429843,-0.089062,0.55331,0.360189,-0.047552,0.544854,0.377184,-0.087702,0.49829,0.393271,-0.085611,0.480779,0.40247,-0.075209,0.531628,0.317141,-0.056015,0.521847,0.332837,-0.080854,0.491743,0.35504,-0.078251,0.483023,0.372239,-0.071379
D,0.417616,0.390515,0,0.439191,0.447031,-0.027729,0.470539,0.489257,-0.047105,0.501463,0.485042,-0.066011,0.528507,0.461568,-0.083728,0.567936,0.471652,-0.039242,0.635102,0.488309,-0.066526,0.672204,0.4995,-0.081655,0.705505,0.509787,-0.09209,0.568546,0.413587,-0.043362,0.590264,0.427049,-0.085638,0.542424,0.432026,-0.096522,0.511113,0.432441,-0.095572,0.556071,0.36278,-0.050019,0.545059,0.377371,-0.091717,0.497442,0.394561,-0.09099,0.473856,0.404791,-0.080856,0.535529,0.318738,-0.058941,0.525035,0.334224,-0.084903,0.491201,0.358239,-0.082911,0.474116,0.377509,-0.075831
D,0.414065,0.392041,0,0.437345,0.451915,-0.028027,0.470026,0.493336,-0.045505,0.503421,0.485526,-0.061906,0.532932,0.466151,-0.076643,0.568531,0.469589,-0.033309,0.633139,0.483281,-0.056416,0.667706,0.492664,-0.068884,0.700276,0.501936,-0.07785,0.568432,0.413859,-0.036685,0.603692,0.426307,-0.074111,0.556377,0.434373,-0.083832,0.522891,0.435828,-0.082036,0.55443,0.364712,-0.042732,0.552757,0.380767,-0.081391,0.504705,0.398806,-0.080705,0.481185,0.40781,-0.070608,0.532053,0.322233,-0.051036,0.525661,0.336732,-0.075212,0.494444,0.36098,-0.073397,0.48044,0.378105,-0.066757
D,0.409928,0.392422,0,0.433492,0.449665,-0.027058,0.463402,0.490703,-0.046073,0.492738,0.480494,-0.064848,0.522315,0.463439,-0.081973,0.562778,0.470363,-0.032998,0.627374,0.487373,-0.058912,0.662178,0.498463,-0.072676,0.694132,0.508557,-0.08195,0.561096,0.413882,-0.038525,0.598597,0.426583,-0.080287,0.550663,0.433561,-0.091503,0.517391,0.436711,-0.089367,0.546351,0.364332,-0.046805,0.545856,0.378495,-0.089568,0.494758,0.398826,-0.088362,0.470315,0.410862,-0.076462,0.523424,0.321546,-0.057168,0.521036,0.334273,-0.08314,0.488115,0.359013,-0.079528,0.473595,0.37679,-0.070762
D,0.408153,0.390828,0,0.428447,0.448439,-0.031624,0.457174,0.487071,-0.052437,0.486447,0.47896,-0.071966,0.514923,0.462111,-0.089458,0.560595,0.468846,-0.042107,0.629408,0.482208,-0.070048,0.668779,0.489017,-0.084792,0.704887,0.49416,-0.094984,0.56194,0.409792,-0.045187,0.593757,0.420202,-0.087248,0.546222,0.429937,-0.097232,0.513063,0.434354,-0.095039,0.548318,0.359353,-0.051352,0.537175,0.376032,-0.093747,0.487125,0.397057,-0.09279,0.46302,0.410028,-0.081877,0.5251,0.317342,-0.060207,0.509835,0.332352,-0.087249,0.476513,0.359131,-0.086197,0.461994,0.380829,-0.079449
D,0.405688,0.393769,0,0.425762,0.449801,-0.029929,0.454624,0.488785,-0.050005,0.483518,0.481504,-0.069345,0.51039,0.46439,-0.087001,0.55798,0.467573,-0.039512,0.62711,0.481046,-0.067363,0.667796,0.487791,-0.082421,0.704172,0.492724,-0.092465,0.557325,0.409454,-0.043428,0.590627,0.4194,-0.085917,0.544337,0.429475,-0.096843,0.509546,0.434985,-0.09489,0.54295,0.359671,-0.050185,0.535755,0.375562,-0.092563,0.485343,0.39737,-0.091189,0.457908,0.411116,-0.079476,0.519394,0.317889,-0.059521,0.511165,0.330885,-0.085814,0.478218,0.358404,-0.083366,0.461014,0.380966,-0.075231
D,0.405652,0.393497,0,0.425915,0.452837,-0.028244,0.455003,0.493256,-0.046885,0.483332,0.491302,-0.065297,0.511969,0.479447,-0.08198,0.558288,0.47669,-0.038574,0.627854,0.488211,-0.066437,0.667594,0.493885,-0.081565,0.703853,0.498396,-0.09171,0.559905,0.416854,-0.042993,0.589112,0.426748,-0.085125,0.541701,0.435089,-0.095818,0.50763,0.43849,-0.094097,0.54654,0.365231,-0.05026,0.53279,0.381775,-0.092343,0.482328,0.402116,-0.091682,0.455399,0.414596,-0.080758,0.523385,0.320928,-0.059956,0.508882,0.335829,-0.086253,0.475322,0.361493,-0.084582,0.458229,0.382847,-0.077186
D,0.404799,0.398916,0,0.425829,0.460145,-0.028508,0.455748,0.501035,-0.047493,0.484995,0.50031,-0.066126,0.515381,0.492043,-0.082751,0.560676,0.485982,-0.036702,0.630019,0.496355,-0.06421,0.668311,0.500986,-0.079335,0.703828,0.503058,-0.089488,0.560585,0.426063,-0.041168,0.591312,0.43702,-0.083521,0.53944,0.444344,-0.094158,0.505443,0.445906,-0.091964,0.546303,0.373485,-0.048609,0.536782,0.388901,-0.091003,0.485416,0.40899,-0.090075,0.460861,0.42038,-0.078718,0.522643,0.328219,-0.05839,0.511224,0.343498,-0.084376,0.47693,0.369722,-0.08195,0.461221,0.390317,-0.074023
D,0.40379,0.399697,0,0.424219,0.461705,-0.029088,0.453454,0.503574,-0.048253,0.483394,0.502682,-0.067015,0.513406,0.492437,-0.083732,0.556299,0.488661,-0.037573,0.627738,0.49828,-0.065085,0.665372,0.503704,-0.079097,0.69991,0.50659,-0.088221,0.555637,0.429347,-0.041967,0.588088,0.439042,-0.085441,0.536733,0.445077,-0.095736,0.502702,0.446983,-0.092711,0.541123,0.377365,-0.049352,0.532279,0.39052,-0.092627,0.481229,0.410649,-0.09154,0.456459,0.424357,-0.079513,0.517684,0.332625,-0.059115,0.507361,0.344682,-0.085127,0.473754,0.371542,-0.08265,0.458515,0.39462,-0.074534
D,0.402831,0.398122,0,0.423298,0.459093,-0.029305,0.452078,0.500223,-0.048392,0.481323,0.500124,-0.066969,0.511843,0.490416,-0.083659,0.556017,0.484867,-0.038365,0.625985,0.496062,-0.065734,0.663904,0.502283,-0.080191,0.699151,0.507441,-0.089934,0.556116,0.425034,-0.042507,0.588037,0.434325,-0.085269,0.536237,0.44128,-0.09569,0.501253,0.443738,-0.093182,0.541706,0.372787,-0.049571,0.53257,0.386692,-0.092318,0.481263,0.407488,-0.091468,0.455791,0.420707,-0.080023,0.518233,0.327631,-0.05901,0.506425,0.341387,-0.085306,0.472474,0.368105,-0.083278,0.456538,0.390076,-0.075575
D,0.402817,0.397,0,0.424313,0.458312,-0.030137,0.454054,0.498498,-0.049493,0.485537,0.496924,-0.068267,0.516995,0.489122,-0.085108,0.558184,0.481449,-0.038545,0.628182,0.490717,-0.06614,0.666399,0.49635,-0.080313,0.701774,0.500925,-0.089703,0.55677,0.420867,-0.042574,0.590352,0.427646,-0.086469,0.539284,0.436381,-0.097293,0.503448,0.440548,-0.094507,0.54091,0.36855,-0.049568,0.531782,0.381717,-0.093352,0.481067,0.404726,-0.092712,0.455103,0.420068,-0.080793,0.516264,0.323636,-0.058988,0.504924,0.336336,-0.085606,0.471925,0.364446,-0.083633,0.456617,0.387928,-0.075665
D,0.40654,0.401776,0,0.427224,0.456753,-0.029952,0.461341,0.491201,-0.048891,0.495516,0.472492,-0.067078,0.523138,0.442613,-0.083256,0.557915,0.47143,-0.035314,0.622358,0.478587,-0.063386,0.656098,0.484336,-0.077062,0.68522,0.494102,-0.084477,0.556403,0.415596,-0.040151,0.615903,0.414489,-0.084171,0.5853,0.430869,-0.097393,0.549144,0.448327,-0.094263,0.541656,0.36629,-0.047913,0.532826,0.37974,-0.094523,0.482507,0.404424,-0.098085,0.450923,0.423689,-0.086023,0.516707,0.325938,-0.057917,0.507956,0.335788,-0.085201,0.47426,0.363437,-0.0839,0.453599,0.386571,-0.075161
D,0.411065,0.401989,0,0.434046,0.468749,-0.021235,0.465735,0.508254,-0.039617,0.492293,0.500616,-0.059023,0.502462,0.460647,-0.077845,0.56575,0.484522,-0.034952,0.632922,0.490932,-0.062123,0.672748,0.493237,-0.078011,0.708793,0.49645,-0.089161,0.566393,0.428656,-0.042549,0.58554,0.454032,-0.083065,0.539202,0.467441,-0.093857,0.504325,0.469907,-0.09311,0.553149,0.378387,-0.052111,0.530811,0.402355,-0.089333,0.485152,0.419758,-0.08875,0.459548,0.427579,-0.079317,0.529626,0.336547,-0.063983,0.507315,0.355346,-0.083854,0.475382,0.379429,-0.080643,0.45764,0.397095,-0.073842
D,0.408517,0.40521,0,0.43217,0.471249,-0.02391,0.466427,0.509593,-0.042987,0.496328,0.502972,-0.062362,0.512354,0.469904,-0.080709,0.565258,0.487538,-0.037796,0.630987,0.493906,-0.066403,0.672156,0.493488,-0.083272,0.709034,0.493856,-0.094929,0.565155,0.430202,-0.043851,0.580531,0.453365,-0.086953,0.531287,0.466023,-0.098109,0.494641,0.469494,-0.097084,0.550466,0.379652,-0.052054,0.530458,0.40275,-0.089931,0.485636,0.419136,-0.088065,0.460484,0.426588,-0.077737,0.525843,0.337364,-0.062927,0.506217,0.355729,-0.083528,0.476046,0.379857,-0.080266,0.46001,0.39812,-0.073128
D,0.406024,0.404217,0,0.43076,0.469032,-0.024639,0.46345,0.507506,-0.045336,0.489678,0.503531,-0.066603,0.50196,0.467739,-0.08705,0.562198,0.482337,-0.04,0.628549,0.488647,-0.070208,0.669874,0.488175,-0.088318,0.707728,0.488292,-0.100966,0.561162,0.424703,-0.046661,0.576445,0.447721,-0.091554,0.526494,0.462724,-0.103421,0.48996,0.468209,-0.102893,0.546061,0.374523,-0.055501,0.527199,0.397518,-0.094176,0.481813,0.415613,-0.091584,0.45666,0.424273,-0.080837,0.521519,0.333194,-0.067207,0.50219,0.35176,-0.087662,0.471618,0.376766,-0.083485,0.455591,0.395103,-0.075859
D,0.404655,0.402408,0,0.429259,0.463361,-0.023756,0.464752,0.502966,-0.042642,0.492419,0.499219,-0.061907,0.505477,0.464091,-0.080112,0.558364,0.475079,-0.038937,0.627533,0.480202,-0.069016,0.667819,0.480129,-0.085956,0.705005,0.479067,-0.097526,0.556971,0.418183,-0.045413,0.57383,0.439506,-0.091031,0.519854,0.454395,-0.101431,0.484055,0.459454,-0.09916,0.541923,0.369816,-0.054171,0.525006,0.392384,-0.094906,0.477231,0.410786,-0.09163,0.454259,0.419155,-0.079636,0.518513,0.329255,-0.065449,0.500015,0.349504,-0.087481,0.467437,0.373779,-0.082879,0.453179,0.390099,-0.074514
D,0.403575,0.397373,0,0.428288,0.45723,-0.022842,0.464192,0.497168,-0.041016,0.492435,0.493527,-0.05966,0.507399,0.460021,-0.077475,0.556869,0.468807,-0.038643,0.625771,0.47265,-0.06844,0.666933,0.473004,-0.085439,0.704649,0.472236,-0.097205,0.555619,0.412377,-0.045157,0.56907,0.431107,-0.089925,0.515412,0.445491,-0.09995,0.480869,0.45104,-0.098009,0.54032,0.363486,-0.053855,0.522755,0.383481,-0.09408,0.475583,0.402283,-0.090366,0.452554,0.412086,-0.078554,0.516645,0.321835,-0.064958,0.49893,0.339304,-0.087306,0.466635,0.364139,-0.082725,0.452046,0.38206,-0.07448
D,0.408793,0.400493,0,0.43261,0.462429,-0.023678,0.46765,0.503023,-0.042123,0.495568,0.499505,-0.060904,0.511638,0.464719,-0.079009,0.560411,0.473483,-0.039126,0.62861,0.479352,-0.069329,0.670217,0.481106,-0.086887,0.707843,0.481185,-0.098995,0.55859,0.417365,-0.045285,0.573022,0.437054,-0.091122,0.519168,0.450585,-0.101982,0.483317,0.454598,-0.100371,0.543174,0.368639,-0.053713,0.527857,0.390446,-0.094809,0.480667,0.40843,-0.091656,0.457106,0.416921,-0.079918,0.520201,0.327097,-0.064527,0.5052,0.346222,-0.087584,0.473669,0.370153,-0.083267,0.459207,0.386721,-0.075096
D,0.409261,0.398286,0,0.436014,0.463814,-0.023975,0.472858,0.502625,-0.042747,0.502663,0.496164,-0.061569,0.518846,0.463139,-0.079061,0.563775,0.47908,-0.039025,0.631626,0.482336,-0.068714,0.671901,0.483444,-0.085379,0.70897,0.483592,-0.097107,0.563467,0.422091,-0.044811,0.575973,0.440779,-0.08946,0.520092,0.452237,-0.098317,0.484753,0.454888,-0.095521,0.548321,0.373146,-0.053087,0.528307,0.394682,-0.092045,0.482103,0.408632,-0.086892,0.462331,0.414467,-0.074351,0.525059,0.331669,-0.064081,0.503341,0.350457,-0.084521,0.473115,0.371779,-0.079345,0.463181,0.386627,-0.071136
D,0.409673,0.395931,0,0.436698,0.459759,-0.021288,0.475332,0.499513,-0.037499,0.506065,0.489748,-0.054027,0.522694,0.458932,-0.069539,0.562708,0.471051,-0.036724,0.630219,0.475716,-0.06532,0.669904,0.476011,-0.081204,0.706298,0.475302,-0.092266,0.561358,0.414114,-0.042866,0.570425,0.428932,-0.086461,0.515639,0.439641,-0.094936,0.481422,0.445275,-0.092069,0.545759,0.36625,-0.051169,0.524867,0.382618,-0.089167,0.479946,0.397404,-0.083925,0.459933,0.407062,-0.071638,0.522531,0.325521,-0.061891,0.502783,0.339171,-0.082391,0.47241,0.361934,-0.077096,0.460727,0.380996,-0.068625
E,0.472183,0.419562,0,0.489207,0.503695,-0.009988,0.537802,0.559635,-0.017179,0.575654,0.558551,-0.026278,0.572957,0.503085,-0.033508,0.618154,0.528806,-0.019678,0.68394,0.529768,-0.038458,0.640276,0.535522,-0.047969,0.605247,0.528665,-0.053179,0.618941,0.485331,-0.027545,0.688887,0.485566,-0.046467,0.635093,0.500327,-0.051487,0.601985,0.49499,-0.05361,0.61213,0.442048,-0.036912,0.677906,0.438877,-0.051982,0.629682,0.45911,-0.050613,0.59649,0.458377,-0.048171,0.598931,0.394651,-0.047902,0.654645,0.392655,-0.059178,0.626668,0.416003,-0.058987,0.596803,0.422524,-0.05838
E,0.488828,0.4644,0,0.506265,0.545644,-0.010443,0.55659,0.600415,-0.016736,0.59755,0.600057,-0.025138,0.596662,0.547248,-0.031286,0.63849,0.568145,-0.016831,0.703515,0.569861,-0.03592,0.658363,0.574458,-0.045326,0.622052,0.566054,-0.049887,0.639654,0.525057,-0.024169,0.707421,0.52502,-0.043736,0.653976,0.539355,-0.049289,0.620721,0.533476,-0.051057,0.632977,0.482562,-0.033377,0.698657,0.479992,-0.049159,0.649962,0.499831,-0.048103,0.615425,0.498601,-0.045103,0.618801,0.436136,-0.044293,0.674954,0.436463,-0.05617,0.647044,0.460281,-0.056455,0.615969,0.466605,-0.055625
E,0.483929,0.496379,0,0.496632,0.579808,-0.009846,0.546887,0.637479,-0.016266,0.588682,0.637287,-0.024647,0.586435,0.576354,-0.030424,0.632674,0.607845,-0.018216,0.698193,0.608271,-0.037442,0.649861,0.608205,-0.045465,0.613771,0.598276,-0.049214,0.634079,0.562741,-0.026272,0.703309,0.562542,-0.0462,0.644737,0.572782,-0.049566,0.61137,0.567457,-0.049482,0.626906,0.5186,-0.036065,0.691669,0.514069,-0.053177,0.638605,0.532859,-0.05066,0.604152,0.534071,-0.046357,0.612637,0.470846,-0.047387,0.666802,0.466946,-0.059702,0.634852,0.489418,-0.059023,0.603091,0.497709,-0.057464
E,0.47719,0.473326,0,0.496109,0.560144,-0.010644,0.542206,0.614452,-0.018125,0.580724,0.612261,-0.027817,0.584285,0.558205,-0.035345,0.623213,0.580828,-0.01431,0.68685,0.581309,-0.034896,0.645899,0.585368,-0.046657,0.612317,0.579287,-0.052616,0.625899,0.535787,-0.021684,0.694431,0.53423,-0.041492,0.643255,0.546121,-0.047271,0.610676,0.54204,-0.049051,0.619685,0.492614,-0.031356,0.683004,0.488851,-0.047192,0.636751,0.507912,-0.046261,0.603808,0.509218,-0.043245,0.605853,0.447893,-0.042813,0.657457,0.445633,-0.053858,0.630949,0.469099,-0.053797,0.6022,0.47736,-0.052694
E,0.474205,0.451661,0,0.494549,0.537019,-0.011467,0.542079,0.593566,-0.018385,0.581632,0.58521,-0.027144,0.584481,0.526011,-0.033861,0.621661,0.556342,-0.015745,0.685478,0.557529,-0.036797,0.644701,0.561445,-0.048789,0.610476,0.554654,-0.054696,0.623015,0.509832,-0.02255,0.689356,0.506524,-0.043246,0.638274,0.52036,-0.049976,0.604979,0.516905,-0.052487,0.616137,0.465287,-0.031688,0.678482,0.460217,-0.048111,0.632407,0.480317,-0.048302,0.598677,0.48172,-0.046106,0.602441,0.419565,-0.04261,0.653183,0.416188,-0.053791,0.627831,0.439973,-0.054516,0.599933,0.448731,-0.054182
E,0.485958,0.437152,0,0.506695,0.521818,-0.010058,0.557344,0.574567,-0.016454,0.597719,0.567966,-0.025072,0.592305,0.50921,-0.031977,0.635787,0.533123,-0.016985,0.699637,0.532915,-0.038934,0.658062,0.539834,-0.051563,0.621534,0.534333,-0.05825,0.636395,0.485594,-0.025247,0.707532,0.480598,-0.047028,0.655897,0.498585,-0.054571,0.620761,0.498427,-0.057874,0.627688,0.441512,-0.035459,0.693599,0.430304,-0.053852,0.6459,0.455436,-0.055157,0.61008,0.462078,-0.053708,0.612247,0.396611,-0.047187,0.665039,0.386529,-0.059606,0.638566,0.412214,-0.061017,0.608663,0.425578,-0.061555
E,0.480363,0.423809,0,0.500462,0.502046,-0.009624,0.550823,0.553624,-0.014939,0.592215,0.548399,-0.022471,0.588479,0.495939,-0.027907,0.636482,0.51451,-0.011347,0.69661,0.519344,-0.032651,0.652647,0.521694,-0.045706,0.619369,0.51318,-0.052828,0.637725,0.468623,-0.019553,0.704496,0.469224,-0.040547,0.648573,0.481123,-0.046732,0.614953,0.478427,-0.048373,0.630147,0.425112,-0.030145,0.691934,0.418507,-0.047269,0.641509,0.439301,-0.044831,0.607695,0.442603,-0.040399,0.614989,0.379913,-0.042435,0.666841,0.375889,-0.053445,0.638147,0.399054,-0.051352,0.609685,0.408708,-0.049015
E,0.479867,0.426281,0,0.503534,0.504075,-0.011584,0.555627,0.552787,-0.02072,0.597341,0.552056,-0.032377,0.5963,0.499157,-0.042085,0.644126,0.514954,-0.017176,0.707445,0.515053,-0.041434,0.660935,0.523118,-0.057163,0.62524,0.516048,-0.066174,0.643006,0.470537,-0.026052,0.711885,0.468273,-0.049404,0.653326,0.484575,-0.057409,0.618699,0.481925,-0.060874,0.634431,0.427123,-0.037311,0.698938,0.419886,-0.055822,0.647095,0.444126,-0.054278,0.611248,0.446832,-0.050998,0.61818,0.381882,-0.050502,0.673256,0.374915,-0.063146,0.643484,0.400202,-0.062136,0.61265,0.409911,-0.060911
E,0.483968,0.416804,0,0.505856,0.49727,-0.011164,0.559201,0.547777,-0.018163,0.601222,0.543349,-0.027266,0.59545,0.490291,-0.0342,0.644463,0.504857,-0.016974,0.707623,0.505086,-0.038775,0.661159,0.511624,-0.05135,0.625753,0.504622,-0.058371,0.644593,0.459065,-0.025001,0.713913,0.456667,-0.046799,0.656227,0.472906,-0.053178,0.621829,0.471795,-0.055565,0.635769,0.416663,-0.035191,0.70131,0.406433,-0.051883,0.650362,0.43046,-0.050219,0.615201,0.435436,-0.047242,0.618776,0.372362,-0.047239,0.674378,0.363007,-0.058244,0.645822,0.388473,-0.057564,0.615359,0.400655,-0.057008
E,0.47932,0.410159,0,0.503648,0.491241,-0.012649,0.559705,0.541341,-0.020898,0.603086,0.534535,-0.03084,0.593186,0.481568,-0.03819,0.644246,0.496413,-0.018509,0.705766,0.496307,-0.040087,0.65709,0.504573,-0.051956,0.622253,0.497799,-0.058673,0.642381,0.450914,-0.026186,0.710955,0.447889,-0.048029,0.651483,0.467804,-0.053667,0.617855,0.467547,-0.055602,0.63248,0.407721,-0.036066,0.696267,0.398082,-0.053518,0.643882,0.425506,-0.050709,0.610225,0.430956,-0.046792,0.615227,0.362515,-0.047862,0.670491,0.35501,-0.058956,0.640446,0.382568,-0.057113,0.61079,0.394604,-0.055709
E,0.472014,0.423208,0,0.496862,0.504553,-0.010687,0.554277,0.55545,-0.018302,0.598965,0.556025,-0.028453,0.591803,0.499914,-0.036137,0.643161,0.512552,-0.014779,0.707805,0.512051,-0.037599,0.65972,0.522173,-0.051362,0.623043,0.51343,-0.058964,0.640968,0.467537,-0.023714,0.711696,0.46488,-0.046203,0.65074,0.484344,-0.052304,0.61516,0.481115,-0.054017,0.631158,0.423718,-0.035061,0.695588,0.415597,-0.053167,0.641033,0.443076,-0.049971,0.605143,0.446399,-0.045275,0.614095,0.376928,-0.048346,0.669818,0.370487,-0.060776,0.637838,0.398167,-0.058939,0.606046,0.408975,-0.056956
E,0.48483,0.43484,0,0.510018,0.528105,-0.014066,0.571631,0.590255,-0.023114,0.619342,0.57949,-0.034036,0.61241,0.512431,-0.043378,0.657287,0.551692,-0.021746,0.731505,0.549803,-0.043773,0.685275,0.56231,-0.05897,0.644648,0.554983,-0.068228,0.660233,0.502388,-0.029875,0.740344,0.499534,-0.051276,0.683356,0.520549,-0.061336,0.642624,0.510671,-0.066329,0.65357,0.45311,-0.039949,0.729478,0.445588,-0.055759,0.678662,0.473744,-0.057406,0.637665,0.47201,-0.056548,0.637625,0.399393,-0.052193,0.700723,0.39643,-0.064505,0.672013,0.424881,-0.065976,0.637897,0.431755,-0.066452
E,0.476233,0.430576,0,0.503595,0.524871,-0.012497,0.570002,0.586841,-0.020287,0.621244,0.578541,-0.030766,0.611512,0.512651,-0.038983,0.66438,0.536899,-0.018036,0.741326,0.532022,-0.041653,0.692972,0.547433,-0.054448,0.649984,0.54344,-0.060689,0.665176,0.484152,-0.028262,0.751196,0.480675,-0.051143,0.690358,0.505484,-0.057782,0.649245,0.502434,-0.058456,0.654959,0.433215,-0.040997,0.734982,0.426339,-0.061647,0.681097,0.458979,-0.060796,0.640915,0.46042,-0.055802,0.634668,0.37853,-0.05559,0.701495,0.376348,-0.07194,0.67013,0.407881,-0.071953,0.635748,0.415511,-0.069496
E,0.475236,0.418368,0,0.500827,0.513428,-0.011266,0.567471,0.573262,-0.017484,0.622696,0.565532,-0.026339,0.612657,0.506859,-0.032735,0.666966,0.520913,-0.0152,0.74475,0.518871,-0.039442,0.692331,0.533286,-0.054981,0.651551,0.52965,-0.064432,0.665686,0.470378,-0.025405,0.751434,0.466893,-0.049215,0.686174,0.490857,-0.057704,0.64667,0.488973,-0.061435,0.655079,0.421395,-0.038158,0.734272,0.414039,-0.057745,0.676235,0.44574,-0.056734,0.635651,0.449299,-0.053548,0.635239,0.367978,-0.052878,0.704465,0.360472,-0.068097,0.672263,0.391211,-0.068649,0.637531,0.402333,-0.068222
E,0.473909,0.409749,0,0.498358,0.500346,-0.014948,0.565244,0.563935,-0.022293,0.618659,0.560702,-0.031329,0.611339,0.501989,-0.037372,0.658398,0.51787,-0.019793,0.735343,0.512117,-0.043092,0.686911,0.528095,-0.055646,0.643991,0.522549,-0.062173,0.660597,0.465575,-0.027845,0.744804,0.459303,-0.051739,0.681973,0.482954,-0.058226,0.641291,0.478251,-0.059223,0.651892,0.414805,-0.038628,0.729169,0.405005,-0.059628,0.673423,0.436098,-0.058555,0.633588,0.437099,-0.054023,0.633607,0.359073,-0.051514,0.697582,0.357488,-0.068529,0.665412,0.387475,-0.069745,0.631713,0.394928,-0.068658
E,0.470756,0.409305,0,0.496761,0.501571,-0.014741,0.563345,0.563587,-0.022736,0.616086,0.558789,-0.032383,0.607521,0.499725,-0.03894,0.654864,0.51861,-0.021492,0.732747,0.511499,-0.044203,0.683359,0.52827,-0.055883,0.64048,0.523982,-0.062021,0.657128,0.467058,-0.029621,0.741738,0.460296,-0.052599,0.678993,0.484476,-0.058018,0.638579,0.479813,-0.058633,0.648385,0.416583,-0.040268,0.726228,0.407213,-0.06008,0.670833,0.438108,-0.057922,0.631082,0.439262,-0.052954,0.629885,0.360752,-0.05304,0.694674,0.358456,-0.069003,0.662558,0.388921,-0.069349,0.627928,0.396589,-0.067771
E,0.468489,0.407729,0,0.49431,0.50212,-0.015374,0.561184,0.56334,-0.024631,0.613364,0.556871,-0.03586,0.600605,0.498623,-0.044425,0.656988,0.514036,-0.022049,0.731494,0.516415,-0.046157,0.678874,0.527965,-0.060068,0.637397,0.51926,-0.068345,0.657114,0.459667,-0.031066,0.740804,0.458523,-0.05674,0.673558,0.482047,-0.066567,0.632821,0.478891,-0.071161,0.645623,0.409165,-0.042407,0.722798,0.398528,-0.06379,0.662386,0.432173,-0.066197,0.621019,0.437712,-0.065484,0.624744,0.35571,-0.05572,0.688677,0.351524,-0.0705,0.654704,0.383906,-0.072566,0.619885,0.396565,-0.07405
E,0.468299,0.407614,0,0.494342,0.502498,-0.014937,0.561469,0.562538,-0.024149,0.613412,0.558375,-0.035384,0.601599,0.503707,-0.043711,0.655025,0.514782,-0.021749,0.73096,0.513994,-0.045464,0.67865,0.527549,-0.058611,0.636914,0.519162,-0.066241,0.654609,0.46071,-0.030827,0.739336,0.456371,-0.056355,0.672235,0.481914,-0.065637,0.631906,0.478799,-0.069839,0.643078,0.41048,-0.042189,0.720782,0.398749,-0.063561,0.660609,0.433107,-0.065414,0.620206,0.437438,-0.064291,0.622526,0.35697,-0.055492,0.686826,0.354291,-0.070704,0.652643,0.386021,-0.07246,0.618292,0.396039,-0.073522
E,0.467212,0.408008,0,0.49465,0.50184,-0.013453,0.562688,0.559808,-0.021693,0.614716,0.553402,-0.031931,0.602754,0.498932,-0.039163,0.6579,0.509669,-0.022171,0.73338,0.506914,-0.044958,0.678062,0.5212,-0.057131,0.637258,0.514457,-0.064602,0.656327,0.457308,-0.031718,0.740376,0.451538,-0.056283,0.671208,0.477868,-0.06418,0.631727,0.475815,-0.067801,0.644091,0.407974,-0.043318,0.722278,0.394742,-0.063485,0.661376,0.429123,-0.06378,0.621114,0.434112,-0.062082,0.622444,0.355031,-0.056761,0.688101,0.349366,-0.071977,0.653839,0.381969,-0.073518,0.619201,0.393286,-0.074562
E,0.46785,0.402615,0,0.494732,0.494962,-0.013672,0.563181,0.553156,-0.021822,0.615302,0.545014,-0.031757,0.601799,0.490682,-0.038748,0.658458,0.502123,-0.023774,0.733265,0.5002,-0.047234,0.677018,0.513637,-0.059869,0.637668,0.507111,-0.067901,0.65591,0.45005,-0.033177,0.740225,0.443692,-0.05741,0.670417,0.470225,-0.064562,0.632425,0.470245,-0.068194,0.643173,0.400776,-0.044699,0.721276,0.387154,-0.064932,0.660519,0.422213,-0.064476,0.621097,0.428578,-0.062615,0.621773,0.347925,-0.058097,0.687518,0.339922,-0.073417,0.653658,0.373188,-0.074932,0.619712,0.385428,-0.076328
E,0.468994,0.386132,0,0.496767,0.480643,-0.016194,0.563526,0.541788,-0.027947,0.615057,0.536812,-0.041474,0.60443,0.476584,-0.051424,0.662273,0.495244,-0.029377,0.739938,0.492021,-0.055863,0.680851,0.502563,-0.068045,0.63736,0.496191,-0.074888,0.659235,0.439827,-0.039026,0.743309,0.436209,-0.067395,0.670258,0.459238,-0.074231,0.63063,0.460019,-0.07712,0.647281,0.386662,-0.051017,0.725318,0.378291,-0.075287,0.660255,0.412077,-0.073844,0.618472,0.418783,-0.07053,0.627088,0.331506,-0.065051,0.691088,0.330657,-0.081474,0.654134,0.362551,-0.081846,0.619374,0.372775,-0.082241
E,0.469247,0.388247,0,0.495287,0.483716,-0.018242,0.562291,0.546219,-0.030006,0.612181,0.538801,-0.043077,0.600878,0.473648,-0.052651,0.662175,0.496276,-0.028758,0.737515,0.494403,-0.055744,0.678307,0.504372,-0.068938,0.634259,0.495576,-0.07611,0.660441,0.43955,-0.037206,0.743714,0.43674,-0.064748,0.670434,0.459298,-0.07165,0.630758,0.459346,-0.074298,0.649098,0.386016,-0.048365,0.726196,0.377614,-0.072245,0.660986,0.410912,-0.070617,0.619702,0.416173,-0.066878,0.628894,0.33008,-0.061767,0.692738,0.330061,-0.078142,0.654575,0.361432,-0.077883,0.619541,0.370237,-0.077575
E,0.473357,0.391004,0,0.49764,0.484456,-0.016772,0.56567,0.546102,-0.026819,0.617124,0.54223,-0.038345,0.607631,0.481429,-0.046866,0.663646,0.496961,-0.027326,0.739948,0.493934,-0.053405,0.684628,0.507588,-0.067249,0.641108,0.499217,-0.075199,0.661814,0.442071,-0.035682,0.746901,0.437548,-0.062271,0.67594,0.461536,-0.070574,0.635866,0.460879,-0.074573,0.650699,0.389949,-0.046501,0.72776,0.378965,-0.068843,0.665842,0.413383,-0.069543,0.624198,0.418921,-0.068069,0.631255,0.334849,-0.059427,0.695305,0.329461,-0.075595,0.660462,0.362189,-0.077936,0.62521,0.373796,-0.079939
E,0.478955,0.382854,0,0.504998,0.476531,-0.018028,0.567949,0.538094,-0.030893,0.619066,0.535517,-0.045326,0.608926,0.477251,-0.056482,0.668145,0.491079,-0.028104,0.744352,0.488857,-0.055469,0.687948,0.499077,-0.069977,0.646158,0.493687,-0.078541,0.665925,0.435537,-0.036786,0.749483,0.434103,-0.064906,0.678736,0.454908,-0.072903,0.640982,0.456078,-0.076606,0.654997,0.383144,-0.048175,0.730824,0.374961,-0.071606,0.668295,0.407019,-0.070428,0.628322,0.414104,-0.067516,0.635522,0.328676,-0.061872,0.698285,0.324249,-0.077281,0.662379,0.356305,-0.077591,0.627933,0.36935,-0.078124
E,0.479063,0.383002,0,0.507901,0.471752,-0.017146,0.570798,0.531778,-0.029744,0.61915,0.529678,-0.044691,0.614183,0.46631,-0.057063,0.675589,0.483241,-0.025666,0.749198,0.480657,-0.056469,0.69238,0.491143,-0.075463,0.650509,0.487644,-0.086635,0.671886,0.428278,-0.035751,0.753814,0.425152,-0.066847,0.682444,0.446079,-0.0786,0.642159,0.447157,-0.084298,0.660195,0.375248,-0.048789,0.735685,0.365489,-0.074471,0.672681,0.398425,-0.075716,0.629234,0.4055,-0.0737,0.639644,0.321007,-0.06414,0.703421,0.313655,-0.081512,0.667752,0.345983,-0.083155,0.63202,0.359776,-0.084134
E,0.481384,0.382385,0,0.509181,0.472672,-0.015607,0.572342,0.532921,-0.027172,0.621709,0.531262,-0.041069,0.615793,0.467568,-0.05226,0.675496,0.485547,-0.024138,0.748883,0.484215,-0.053769,0.690988,0.49354,-0.072022,0.649515,0.4886,-0.082919,0.672381,0.431021,-0.034426,0.754482,0.428537,-0.063918,0.682404,0.448404,-0.074056,0.642886,0.448725,-0.078781,0.660959,0.378425,-0.047524,0.736318,0.36887,-0.071575,0.672795,0.400447,-0.070936,0.630691,0.406752,-0.067945,0.640666,0.324517,-0.062841,0.70314,0.318909,-0.078866,0.666469,0.350255,-0.078985,0.631571,0.362997,-0.079049
E,0.424256,0.511919,-0.000001,0.464491,0.422519,-0.027816,0.551454,0.369353,-0.04162,0.610057,0.378055,-0.061126,0.596775,0.428759,-0.075344,0.651164,0.436538,0.010701,0.729461,0.427507,-0.027356,0.683375,0.406955,-0.054465,0.633101,0.411371,-0.068378,0.654064,0.501771,0.004937,0.750062,0.50549,-0.036846,0.694715,0.471959,-0.053083,0.64034,0.469815,-0.052802,0.64362,0.567582,-0.009863,0.7384,0.579543,-0.044787,0.688003,0.53868,-0.045878,0.632576,0.530411,-0.035504,0.619493,0.636217,-0.029643,0.695249,0.647643,-0.049341,0.679054,0.608015,-0.050393,0.641545,0.588605,-0.045914
E,0.43794,0.511663,-0.000001,0.475858,0.424326,-0.025845,0.563055,0.374297,-0.037875,0.617597,0.388592,-0.056125,0.605435,0.439427,-0.069729,0.655714,0.441118,0.010196,0.73503,0.425614,-0.027779,0.688612,0.405645,-0.055405,0.63731,0.410822,-0.069417,0.659114,0.505065,0.003898,0.755263,0.503028,-0.037023,0.700161,0.469812,-0.054462,0.645189,0.467292,-0.055556,0.649329,0.569457,-0.01097,0.745783,0.577007,-0.04545,0.696552,0.536431,-0.048272,0.640752,0.52737,-0.039527,0.626611,0.636061,-0.030468,0.703309,0.649064,-0.04994,0.689212,0.609433,-0.051588,0.652115,0.587326,-0.047914
E,0.426218,0.511309,-0.000001,0.470763,0.419454,-0.025937,0.55798,0.368104,-0.038523,0.617548,0.380779,-0.057372,0.599607,0.427653,-0.071138,0.653537,0.438977,0.014122,0.732648,0.429296,-0.019992,0.686576,0.406655,-0.045659,0.636593,0.411344,-0.059825,0.655646,0.500762,0.008212,0.753458,0.501511,-0.029422,0.696902,0.468875,-0.044816,0.642324,0.470092,-0.045739,0.645423,0.563938,-0.006363,0.741712,0.575101,-0.038575,0.69105,0.537395,-0.040747,0.634589,0.530172,-0.032339,0.621622,0.630368,-0.025776,0.702089,0.645068,-0.044342,0.684797,0.608881,-0.045906,0.643796,0.588439,-0.042645
E,0.423953,0.503514,-0.000001,0.463583,0.408609,-0.031759,0.555007,0.355868,-0.045327,0.616084,0.36551,-0.063707,0.596711,0.411598,-0.076404,0.64979,0.422084,0.008751,0.729234,0.414503,-0.027296,0.684169,0.394027,-0.052371,0.633973,0.398987,-0.065644,0.652488,0.486111,0.005372,0.750344,0.489171,-0.035902,0.694561,0.456953,-0.051702,0.639788,0.4565,-0.051379,0.642162,0.550261,-0.007336,0.737607,0.561714,-0.043284,0.687627,0.523999,-0.046393,0.631565,0.516529,-0.037226,0.618434,0.61801,-0.025206,0.695445,0.630462,-0.046964,0.679006,0.594921,-0.050735,0.639703,0.576254,-0.048228
E,0.42612,0.502861,-0.000001,0.466032,0.415662,-0.0238,0.554387,0.364272,-0.034863,0.611444,0.375654,-0.052183,0.594531,0.426326,-0.064381,0.649635,0.433034,0.014082,0.726798,0.422262,-0.02221,0.6793,0.400853,-0.047738,0.628575,0.404887,-0.060465,0.651809,0.49736,0.007151,0.746119,0.499839,-0.032919,0.690524,0.46563,-0.047138,0.636404,0.462699,-0.045246,0.640868,0.562322,-0.008426,0.735072,0.572839,-0.041533,0.684064,0.531761,-0.040355,0.629662,0.523557,-0.028423,0.616673,0.629152,-0.028689,0.692192,0.641362,-0.047091,0.676176,0.601423,-0.046419,0.639504,0.581486,-0.040532
E,0.43015,0.508296,-0.000001,0.470951,0.421203,-0.024114,0.556789,0.373698,-0.035144,0.61267,0.387406,-0.052461,0.600913,0.435205,-0.064787,0.649409,0.434704,0.013448,0.728054,0.425111,-0.023015,0.681825,0.404473,-0.048912,0.630983,0.40905,-0.061807,0.653032,0.498569,0.006788,0.748171,0.502891,-0.032929,0.69435,0.469462,-0.048168,0.640564,0.467551,-0.047458,0.643548,0.562913,-0.008424,0.736524,0.573814,-0.04127,0.687202,0.533327,-0.041463,0.632718,0.525911,-0.030949,0.620745,0.629358,-0.02833,0.695034,0.641046,-0.046244,0.679393,0.601371,-0.046125,0.64223,0.582418,-0.04113
E,0.434304,0.505639,-0.000001,0.470969,0.420285,-0.022048,0.558074,0.369474,-0.031305,0.61405,0.381681,-0.046947,0.599132,0.431927,-0.057914,0.651967,0.435935,0.016607,0.728479,0.422477,-0.01803,0.683898,0.401201,-0.04278,0.63432,0.406645,-0.054927,0.654847,0.498488,0.009584,0.747588,0.499937,-0.029035,0.694248,0.465505,-0.043703,0.639937,0.462376,-0.042053,0.644621,0.561343,-0.005784,0.736809,0.570103,-0.038145,0.687573,0.528933,-0.038657,0.633285,0.521146,-0.027782,0.621789,0.626364,-0.025444,0.696255,0.636717,-0.043505,0.680437,0.597664,-0.043321,0.643138,0.5787,-0.037616
E,0.429243,0.52386,-0.000001,0.466563,0.43741,-0.023691,0.552821,0.382698,-0.035298,0.604313,0.393879,-0.053019,0.588556,0.444202,-0.065962,0.648539,0.451349,0.010668,0.724181,0.433461,-0.026964,0.674729,0.41515,-0.053594,0.623193,0.42162,-0.066598,0.651602,0.515026,0.003784,0.743548,0.510763,-0.036579,0.686728,0.479405,-0.051238,0.631827,0.478252,-0.049628,0.641291,0.579573,-0.011494,0.734082,0.584242,-0.044964,0.681609,0.544806,-0.043927,0.626885,0.537448,-0.031934,0.617995,0.645893,-0.031292,0.69199,0.654891,-0.049967,0.675108,0.616095,-0.048694,0.638534,0.59662,-0.042037
E,0.424804,0.558891,-0.000001,0.463081,0.473635,-0.022983,0.549096,0.421894,-0.035648,0.602115,0.433004,-0.054444,0.594797,0.482893,-0.068761,0.643721,0.487137,0.00881,0.720028,0.473117,-0.029543,0.669536,0.4496,-0.055778,0.618408,0.456263,-0.068898,0.64577,0.549916,0.000628,0.742258,0.549253,-0.040967,0.683134,0.513462,-0.055214,0.627537,0.514325,-0.053176,0.634988,0.614831,-0.015689,0.730503,0.619849,-0.050745,0.673669,0.578655,-0.048746,0.616737,0.575092,-0.035907,0.610979,0.682559,-0.036217,0.688203,0.686606,-0.057528,0.667291,0.648815,-0.055963,0.62681,0.635003,-0.048603
E,0.41776,0.55403,-0.000001,0.458038,0.469014,-0.023625,0.5467,0.423599,-0.034563,0.600723,0.441462,-0.051733,0.588514,0.4926,-0.064054,0.639623,0.494037,0.014237,0.714499,0.485952,-0.022045,0.665914,0.463767,-0.047982,0.614143,0.467459,-0.060931,0.640504,0.55896,0.007373,0.732129,0.562887,-0.03155,0.675798,0.526621,-0.04589,0.621362,0.52326,-0.044578,0.627524,0.622494,-0.008106,0.72029,0.635246,-0.041102,0.668327,0.592238,-0.040004,0.612942,0.583538,-0.028391,0.600835,0.687383,-0.028039,0.676477,0.700988,-0.046823,0.659641,0.6622,-0.045687,0.621899,0.64354,-0.03941
E,0.413955,0.542217,-0.000001,0.453607,0.460777,-0.021378,0.544195,0.417369,-0.030385,0.596921,0.435513,-0.045612,0.585183,0.485074,-0.056045,0.634598,0.486438,0.015644,0.709496,0.478548,-0.020094,0.661919,0.454017,-0.045364,0.610704,0.45617,-0.057852,0.635237,0.5489,0.008066,0.727847,0.553009,-0.031421,0.672841,0.514637,-0.045854,0.617601,0.510665,-0.043997,0.623026,0.612336,-0.007833,0.71532,0.623532,-0.041687,0.664359,0.57815,-0.041279,0.608609,0.569407,-0.02948,0.597653,0.677411,-0.027888,0.671487,0.685909,-0.048349,0.653932,0.64505,-0.048121,0.614963,0.628047,-0.041829
E,0.401344,0.557232,-0.000001,0.440918,0.471996,-0.021105,0.530249,0.421791,-0.032005,0.584149,0.434654,-0.04986,0.580528,0.486989,-0.063034,0.626533,0.482997,0.014255,0.704706,0.467473,-0.026027,0.652149,0.446317,-0.053799,0.598919,0.453307,-0.066964,0.628778,0.548369,0.0051,0.725626,0.547256,-0.03703,0.665597,0.512172,-0.052241,0.609367,0.511242,-0.05056,0.616752,0.614628,-0.01266,0.714573,0.621904,-0.047656,0.658725,0.579399,-0.045225,0.602737,0.572208,-0.031942,0.59122,0.683241,-0.034595,0.66895,0.69067,-0.053781,0.649192,0.650361,-0.050862,0.611741,0.632728,-0.042788
E,0.387769,0.555355,-0.000001,0.427711,0.474976,-0.024154,0.519928,0.430916,-0.036529,0.574449,0.461597,-0.055119,0.575525,0.51754,-0.068219,0.612425,0.475069,0.008017,0.6905,0.457355,-0.036532,0.62628,0.442102,-0.063817,0.570513,0.456355,-0.075777,0.615015,0.543839,-0.00068,0.711019,0.539213,-0.046942,0.6385,0.508959,-0.058302,0.582997,0.515201,-0.052986,0.600941,0.612454,-0.018764,0.699975,0.621991,-0.05952,0.635923,0.583116,-0.052531,0.581613,0.57889,-0.034872,0.574136,0.683416,-0.041069,0.653194,0.697125,-0.063433,0.624305,0.655194,-0.05782,0.584292,0.636561,-0.047318
E,0.385516,0.563234,-0.000001,0.424411,0.481411,-0.021067,0.514322,0.434943,-0.03273,0.566356,0.456262,-0.051218,0.564577,0.505848,-0.064598,0.610529,0.487299,0.009482,0.688887,0.471465,-0.033723,0.625738,0.454386,-0.060634,0.569541,0.466952,-0.072834,0.611694,0.555663,-0.000691,0.708441,0.551424,-0.045725,0.636429,0.520443,-0.057499,0.580019,0.525824,-0.052938,0.597151,0.623759,-0.019776,0.696578,0.631916,-0.058218,0.633981,0.594543,-0.05192,0.579452,0.591471,-0.035584,0.569235,0.694205,-0.042817,0.649509,0.706666,-0.063608,0.62249,0.665836,-0.058226,0.582548,0.647172,-0.048359
E,0.396041,0.542124,-0.000001,0.437685,0.465406,-0.019751,0.531886,0.428652,-0.028995,0.583402,0.464869,-0.044888,0.58675,0.523738,-0.056072,0.616463,0.476835,0.011365,0.69497,0.462553,-0.030576,0.635473,0.443498,-0.055839,0.580199,0.453312,-0.066312,0.617395,0.544195,0.001801,0.713432,0.541437,-0.042102,0.644941,0.508257,-0.052901,0.587893,0.511413,-0.046994,0.602719,0.612172,-0.016512,0.701756,0.620487,-0.054941,0.640715,0.579971,-0.048132,0.585999,0.57454,-0.030756,0.576359,0.683197,-0.038469,0.655347,0.692443,-0.060285,0.628179,0.650941,-0.054276,0.588081,0.632751,-0.043054
E,0.399593,0.537736,-0.000001,0.438462,0.45777,-0.016682,0.532612,0.414332,-0.02409,0.580212,0.443486,-0.03828,0.567805,0.500569,-0.048528,0.621397,0.472607,0.012634,0.699019,0.460756,-0.02704,0.641647,0.438916,-0.050986,0.587499,0.445686,-0.060926,0.622411,0.540325,0.001759,0.719627,0.540481,-0.04106,0.651759,0.502907,-0.05203,0.594012,0.503504,-0.045621,0.606945,0.607469,-0.017102,0.704097,0.617256,-0.053874,0.6428,0.573761,-0.048061,0.587737,0.567714,-0.031092,0.578303,0.676328,-0.039236,0.656061,0.685702,-0.060248,0.630303,0.643675,-0.05486,0.591245,0.626228,-0.043921
E,0.394348,0.536089,-0.000001,0.434603,0.452725,-0.020573,0.525481,0.40679,-0.030999,0.5719,0.427419,-0.047994,0.562902,0.47687,-0.060797,0.619903,0.466327,0.012235,0.694866,0.450673,-0.029499,0.637648,0.429517,-0.056595,0.583973,0.438599,-0.068917,0.620936,0.533163,0.002056,0.716255,0.530756,-0.042783,0.649453,0.496661,-0.056655,0.593551,0.500856,-0.052662,0.607379,0.599752,-0.016722,0.702725,0.60688,-0.055066,0.641444,0.565689,-0.05095,0.587256,0.562566,-0.035267,0.58071,0.668016,-0.039261,0.65666,0.676241,-0.060367,0.629339,0.635441,-0.055363,0.590031,0.621047,-0.045009
E,0.394021,0.53207,-0.000001,0.433099,0.449716,-0.019895,0.525,0.403947,-0.029257,0.572442,0.424932,-0.045241,0.564766,0.477107,-0.056976,0.617929,0.463225,0.013403,0.695786,0.449869,-0.027485,0.639629,0.426972,-0.053388,0.585851,0.43391,-0.064646,0.618144,0.529761,0.003595,0.71481,0.527384,-0.040829,0.648231,0.491369,-0.054254,0.591686,0.494854,-0.049654,0.604213,0.596336,-0.014737,0.701083,0.604759,-0.053618,0.639865,0.561251,-0.049518,0.584739,0.556683,-0.033326,0.577394,0.665042,-0.036614,0.654028,0.674015,-0.058854,0.626432,0.632024,-0.054151,0.586339,0.616241,-0.043487
E,0.383596,0.518861,-0.000001,0.424725,0.434839,-0.01789,0.520251,0.394593,-0.026016,0.567511,0.426368,-0.041174,0.558025,0.479672,-0.052324,0.611379,0.455391,0.015203,0.686596,0.438006,-0.026258,0.630048,0.416271,-0.05445,0.575288,0.423145,-0.06775,0.610869,0.521244,0.004126,0.705238,0.517397,-0.03952,0.640036,0.481848,-0.054017,0.582947,0.482252,-0.050997,0.595118,0.586257,-0.015434,0.69101,0.592958,-0.052809,0.63124,0.550015,-0.049021,0.575834,0.543659,-0.034023,0.5661,0.653075,-0.038691,0.643554,0.661575,-0.060815,0.617729,0.618336,-0.056616,0.577925,0.600265,-0.046713
E,0.378924,0.514785,-0.000001,0.422047,0.434446,-0.021829,0.512801,0.390375,-0.034541,0.561167,0.401652,-0.053508,0.567118,0.447088,-0.068823,0.605058,0.451925,0.0065,0.683246,0.432803,-0.036056,0.627433,0.408659,-0.064694,0.572435,0.415909,-0.078519,0.604482,0.513107,-0.004036,0.705258,0.507961,-0.049604,0.636401,0.470692,-0.066659,0.576474,0.474919,-0.066316,0.590241,0.578002,-0.022665,0.690393,0.584665,-0.064189,0.627926,0.543431,-0.064495,0.568008,0.539774,-0.052506,0.562739,0.646505,-0.044682,0.643772,0.654462,-0.071805,0.614714,0.614924,-0.070219,0.570341,0.599326,-0.062239
E,0.38272,0.507361,-0.000001,0.426379,0.429464,-0.025423,0.514908,0.382984,-0.041433,0.564056,0.3916,-0.063505,0.563577,0.439054,-0.080904,0.611656,0.441787,0.001483,0.692452,0.4247,-0.04547,0.631471,0.402794,-0.076598,0.573693,0.410733,-0.091023,0.610616,0.505049,-0.007265,0.710028,0.503422,-0.055003,0.64001,0.470783,-0.072072,0.581261,0.47482,-0.07167,0.596263,0.570598,-0.024638,0.696928,0.581275,-0.06532,0.634603,0.539752,-0.064025,0.576317,0.533289,-0.051201,0.568722,0.63845,-0.046159,0.64916,0.650889,-0.069307,0.624057,0.607794,-0.066761,0.583647,0.58762,-0.058905
E,0.385763,0.504364,-0.000001,0.424822,0.426953,-0.020656,0.523033,0.392543,-0.028947,0.57395,0.426525,-0.043637,0.57891,0.480583,-0.053615,0.610355,0.443075,0.010394,0.690042,0.426376,-0.033026,0.631961,0.404428,-0.060733,0.574449,0.411871,-0.072565,0.609226,0.508039,0.001063,0.704916,0.506636,-0.044716,0.637037,0.471962,-0.05916,0.578258,0.473255,-0.055436,0.593743,0.572044,-0.016914,0.69188,0.580748,-0.056676,0.632207,0.538383,-0.053341,0.575642,0.531301,-0.038191,0.566657,0.638084,-0.038587,0.644119,0.648844,-0.062463,0.619252,0.60634,-0.059174,0.57897,0.587174,-0.049694
E,0.375519,0.504438,-0.000001,0.413592,0.427978,-0.021054,0.510822,0.39336,-0.029936,0.562331,0.424903,-0.045045,0.556338,0.472382,-0.055576,0.60524,0.442267,0.012691,0.684256,0.42979,-0.0278,0.629478,0.406356,-0.054037,0.575217,0.413187,-0.066018,0.605313,0.507608,0.003097,0.700992,0.510896,-0.040271,0.636112,0.473038,-0.053332,0.579829,0.473421,-0.049068,0.5894,0.571001,-0.015221,0.68532,0.583131,-0.053263,0.626643,0.538029,-0.049472,0.571997,0.531048,-0.034286,0.560669,0.635233,-0.037433,0.63725,0.646226,-0.06023,0.612227,0.603114,-0.056853,0.572873,0.587156,-0.047564
E,0.37297,0.507822,-0.000001,0.409873,0.433383,-0.020944,0.502451,0.394472,-0.031346,0.553823,0.414593,-0.048189,0.549496,0.456608,-0.06049,0.601287,0.446027,0.012273,0.680549,0.43342,-0.030191,0.625814,0.40848,-0.057726,0.572293,0.415691,-0.070173,0.599987,0.509926,0.00212,0.697139,0.514153,-0.042696,0.633498,0.474502,-0.056791,0.578834,0.474787,-0.052949,0.584128,0.572521,-0.016802,0.681134,0.584676,-0.055657,0.622948,0.538184,-0.051888,0.568994,0.531272,-0.0363,0.555416,0.636112,-0.039573,0.632688,0.64688,-0.062206,0.607234,0.603472,-0.05828,0.567442,0.587868,-0.048352
F,0.402549,0.391444,0,0.423844,0.476821,-0.022585,0.455592,0.545252,-0.043799,0.488028,0.580458,-0.069293,0.521986,0.557778,-0.092268,0.574495,0.522378,-0.016626,0.633652,0.557667,-0.070607,0.584423,0.559972,-0.114719,0.53844,0.551742,-0.136142,0.586348,0.479334,-0.029175,0.677874,0.503746,-0.060633,0.735023,0.512261,-0.090553,0.792511,0.515132,-0.11218,0.57929,0.432552,-0.048501,0.666607,0.445838,-0.072994,0.720868,0.454904,-0.089487,0.770589,0.464156,-0.100303,0.556823,0.382092,-0.071605,0.623737,0.381515,-0.082688,0.669681,0.384851,-0.084309,0.712877,0.390261,-0.085903
F,0.40128,0.394814,0,0.422372,0.477246,-0.023175,0.454236,0.547445,-0.044741,0.487094,0.582291,-0.070645,0.517263,0.552759,-0.093682,0.57493,0.523291,-0.015455,0.632714,0.559623,-0.068793,0.581414,0.56333,-0.111417,0.534528,0.554739,-0.131546,0.586962,0.478781,-0.027233,0.679918,0.498771,-0.05848,0.736964,0.506381,-0.08749,0.79519,0.508897,-0.108009,0.579717,0.43152,-0.045858,0.667801,0.444442,-0.070253,0.721611,0.453698,-0.085694,0.771513,0.463017,-0.095285,0.556861,0.381994,-0.068328,0.623647,0.380789,-0.078832,0.66963,0.38364,-0.079928,0.713436,0.389012,-0.080875
F,0.407026,0.40817,0,0.425479,0.491545,-0.022592,0.457671,0.560359,-0.043971,0.489264,0.593333,-0.069563,0.520629,0.563705,-0.092611,0.576055,0.538881,-0.01819,0.632197,0.573618,-0.071482,0.581291,0.571076,-0.113479,0.536803,0.56124,-0.133659,0.587635,0.493105,-0.030768,0.677665,0.512349,-0.063723,0.734399,0.520863,-0.092708,0.794019,0.52786,-0.113383,0.580645,0.444644,-0.050055,0.667089,0.456898,-0.076053,0.721781,0.46651,-0.091521,0.772747,0.478417,-0.101193,0.558048,0.395237,-0.072983,0.62532,0.396047,-0.084463,0.671083,0.401862,-0.085672,0.71438,0.4119,-0.086924
F,0.413713,0.447954,0,0.434934,0.529801,-0.023219,0.467275,0.596641,-0.045405,0.499977,0.628239,-0.071832,0.53283,0.601217,-0.095699,0.58688,0.57299,-0.016225,0.641238,0.607265,-0.068612,0.592023,0.606959,-0.111175,0.547242,0.597355,-0.132071,0.5993,0.529715,-0.028314,0.687784,0.549439,-0.059019,0.743919,0.556917,-0.086981,0.80093,0.562728,-0.107129,0.591503,0.484797,-0.047207,0.676773,0.496275,-0.071217,0.73142,0.5049,-0.085318,0.781727,0.516488,-0.09446,0.566873,0.438205,-0.07006,0.630726,0.437244,-0.081164,0.676541,0.440871,-0.081721,0.7198,0.448468,-0.082377
F,0.410881,0.446526,0,0.432665,0.526511,-0.022856,0.466261,0.594695,-0.04449,0.499774,0.627356,-0.070655,0.53248,0.59818,-0.093911,0.584693,0.571381,-0.014384,0.640727,0.606495,-0.067555,0.590348,0.605887,-0.109953,0.545423,0.595428,-0.130296,0.597585,0.52909,-0.026664,0.686546,0.549269,-0.057974,0.742355,0.556129,-0.085544,0.800725,0.561141,-0.10514,0.590856,0.484817,-0.046106,0.677548,0.49676,-0.070346,0.731053,0.505097,-0.083806,0.78153,0.516063,-0.092396,0.567634,0.438782,-0.069624,0.631884,0.438234,-0.080399,0.676997,0.441113,-0.080949,0.720301,0.447486,-0.081702
F,0.409513,0.443611,0,0.432596,0.527601,-0.023243,0.468203,0.595184,-0.044909,0.503516,0.626826,-0.071147,0.536598,0.597325,-0.094463,0.585845,0.567646,-0.014014,0.645247,0.601392,-0.067369,0.595283,0.600333,-0.110001,0.548832,0.590025,-0.130394,0.598715,0.523356,-0.025908,0.688422,0.54204,-0.056961,0.744188,0.548342,-0.083675,0.801485,0.553096,-0.102558,0.591537,0.478804,-0.045207,0.678607,0.488902,-0.069378,0.733168,0.496988,-0.082027,0.783182,0.50772,-0.089932,0.567916,0.433335,-0.068752,0.632482,0.431835,-0.079727,0.678923,0.434992,-0.080083,0.722707,0.442103,-0.080504
F,0.406916,0.450158,0,0.432646,0.531159,-0.022636,0.468237,0.597407,-0.044542,0.502454,0.629076,-0.071225,0.533268,0.597849,-0.095065,0.590005,0.56687,-0.013928,0.645591,0.600072,-0.066453,0.594183,0.602019,-0.108786,0.547027,0.592534,-0.129173,0.60139,0.523423,-0.026313,0.692168,0.538358,-0.056713,0.749526,0.541735,-0.08405,0.807602,0.542602,-0.103736,0.592574,0.479476,-0.045727,0.679924,0.486586,-0.069106,0.734556,0.49106,-0.082298,0.784906,0.498094,-0.090885,0.567016,0.434585,-0.069289,0.631452,0.428727,-0.079613,0.678281,0.428756,-0.079768,0.722715,0.432802,-0.08025
F,0.408463,0.452221,0,0.432492,0.534591,-0.022919,0.468381,0.603255,-0.044799,0.501758,0.638007,-0.071284,0.531714,0.606359,-0.094715,0.589318,0.573789,-0.014496,0.646668,0.605539,-0.06751,0.595179,0.606259,-0.109643,0.548272,0.596246,-0.129714,0.601147,0.529642,-0.026947,0.693466,0.545941,-0.058142,0.750433,0.550684,-0.085221,0.808867,0.553619,-0.104468,0.59265,0.484876,-0.04655,0.681007,0.492937,-0.071043,0.736114,0.498124,-0.084364,0.787202,0.506619,-0.092665,0.567592,0.439214,-0.070279,0.634238,0.435387,-0.08134,0.682012,0.43581,-0.081769,0.726827,0.440312,-0.082305
F,0.410621,0.454017,0,0.435036,0.536249,-0.023365,0.47099,0.604165,-0.045542,0.505794,0.634828,-0.072075,0.53864,0.605173,-0.095774,0.592237,0.573081,-0.015524,0.650508,0.606355,-0.069262,0.599289,0.607789,-0.112444,0.55191,0.598136,-0.133101,0.604087,0.528548,-0.027411,0.695263,0.545078,-0.058437,0.751691,0.549955,-0.085798,0.809813,0.552997,-0.105185,0.59485,0.483871,-0.046425,0.681892,0.4923,-0.070771,0.737607,0.498525,-0.083782,0.788871,0.507436,-0.091767,0.56896,0.437984,-0.069511,0.635123,0.436216,-0.080778,0.68258,0.438042,-0.080733,0.727067,0.443726,-0.080614
F,0.413796,0.455814,0,0.436833,0.535789,-0.022381,0.473288,0.603051,-0.043743,0.50626,0.637227,-0.069601,0.535777,0.606641,-0.092801,0.591534,0.574012,-0.015177,0.648242,0.609087,-0.06893,0.597767,0.610966,-0.111936,0.552016,0.600687,-0.132453,0.602459,0.530617,-0.027887,0.694406,0.547538,-0.059988,0.751657,0.551917,-0.088523,0.810608,0.55391,-0.108635,0.592948,0.486339,-0.047569,0.680746,0.494327,-0.072756,0.736656,0.500432,-0.087836,0.788813,0.510126,-0.097349,0.567403,0.441613,-0.071091,0.633579,0.440164,-0.082376,0.680094,0.441693,-0.083324,0.723994,0.447218,-0.084334
F,0.411963,0.455468,0,0.435684,0.538571,-0.023066,0.472035,0.605465,-0.045067,0.50403,0.641475,-0.071718,0.533161,0.612346,-0.095707,0.593214,0.576066,-0.013841,0.648797,0.610197,-0.06733,0.597727,0.613368,-0.110768,0.551022,0.604674,-0.131877,0.60342,0.533261,-0.026264,0.694702,0.548997,-0.057873,0.75176,0.553737,-0.086211,0.810494,0.556665,-0.106479,0.593421,0.48917,-0.045933,0.680253,0.49638,-0.07107,0.736771,0.502756,-0.086006,0.78908,0.512613,-0.095559,0.567382,0.444836,-0.069619,0.632775,0.443222,-0.08102,0.67969,0.445264,-0.081944,0.72393,0.450956,-0.083032
F,0.408575,0.454701,0,0.432546,0.537437,-0.02225,0.467744,0.606431,-0.043872,0.497453,0.646386,-0.069978,0.526829,0.616383,-0.09324,0.590299,0.579852,-0.014538,0.643492,0.615764,-0.066497,0.589685,0.61677,-0.108119,0.542856,0.605578,-0.128306,0.599626,0.538319,-0.027298,0.690935,0.554485,-0.058445,0.748121,0.559059,-0.08628,0.807211,0.561487,-0.10652,0.589332,0.494014,-0.047,0.677815,0.503309,-0.072287,0.734331,0.509087,-0.087364,0.786643,0.517956,-0.097197,0.563558,0.448503,-0.070521,0.629274,0.448364,-0.082612,0.676719,0.450516,-0.084172,0.721564,0.45593,-0.08582
F,0.407006,0.456668,0,0.431449,0.540928,-0.021987,0.467196,0.60868,-0.044113,0.497691,0.647447,-0.070848,0.527408,0.618539,-0.094796,0.589253,0.579062,-0.015024,0.644909,0.614545,-0.067915,0.591333,0.618211,-0.110378,0.543709,0.609559,-0.131154,0.598477,0.537512,-0.028365,0.690956,0.5548,-0.060189,0.748254,0.55983,-0.088266,0.807501,0.562348,-0.108642,0.58766,0.493856,-0.048694,0.676496,0.503003,-0.074367,0.733472,0.508938,-0.08966,0.786252,0.517857,-0.099722,0.560693,0.449512,-0.072841,0.626237,0.448433,-0.085116,0.673371,0.450747,-0.086697,0.717777,0.456394,-0.088476
F,0.409604,0.454771,0,0.434319,0.539859,-0.023115,0.468627,0.607576,-0.045987,0.498104,0.645251,-0.073176,0.528501,0.616074,-0.097767,0.591426,0.579582,-0.016691,0.64697,0.614187,-0.069994,0.593387,0.614408,-0.113281,0.545555,0.602726,-0.13444,0.599653,0.536938,-0.029108,0.691235,0.553632,-0.06087,0.749089,0.559058,-0.089984,0.808805,0.561976,-0.111339,0.588256,0.492981,-0.048425,0.676403,0.499615,-0.073789,0.734383,0.505392,-0.089953,0.787222,0.513828,-0.100806,0.561778,0.448439,-0.071565,0.628532,0.447343,-0.082906,0.676529,0.449877,-0.08426,0.721224,0.456237,-0.086089
F,0.410248,0.456273,0,0.434714,0.538125,-0.022663,0.470578,0.606354,-0.044822,0.500371,0.645778,-0.071577,0.530463,0.616747,-0.09552,0.591276,0.578076,-0.014843,0.645247,0.615133,-0.068985,0.591403,0.618392,-0.112304,0.543543,0.608916,-0.133221,0.600487,0.536371,-0.027728,0.693168,0.551593,-0.060137,0.75051,0.555884,-0.088766,0.809868,0.558048,-0.109295,0.589697,0.492104,-0.047754,0.678152,0.499864,-0.07366,0.734608,0.50603,-0.088581,0.787489,0.515807,-0.098144,0.563372,0.447389,-0.071683,0.629436,0.445704,-0.083795,0.676484,0.447639,-0.084962,0.72102,0.453115,-0.086211
F,0.410027,0.456712,0,0.434997,0.537933,-0.022775,0.471163,0.605526,-0.044975,0.500988,0.644319,-0.07186,0.529723,0.614996,-0.095872,0.59175,0.576188,-0.014521,0.646954,0.611742,-0.068424,0.594154,0.615751,-0.111516,0.547218,0.60734,-0.13221,0.600926,0.534778,-0.027344,0.692622,0.549219,-0.059684,0.749968,0.553093,-0.088127,0.809835,0.554662,-0.108361,0.590241,0.490707,-0.047344,0.677802,0.497208,-0.072962,0.734232,0.502685,-0.087565,0.787464,0.512126,-0.096768,0.564141,0.446158,-0.071311,0.630653,0.443189,-0.082839,0.677433,0.444169,-0.083523,0.721673,0.448807,-0.084368
F,0.408012,0.459015,0,0.432741,0.542525,-0.021839,0.46874,0.611113,-0.04335,0.499771,0.649568,-0.069271,0.527509,0.618039,-0.092231,0.591766,0.582827,-0.014322,0.645855,0.617618,-0.065916,0.591515,0.619285,-0.107159,0.54405,0.607439,-0.127027,0.600256,0.541002,-0.027098,0.692713,0.55571,-0.058218,0.749926,0.560252,-0.086165,0.808856,0.561285,-0.10636,0.589095,0.497295,-0.046687,0.67833,0.50374,-0.071865,0.735307,0.509473,-0.087218,0.787833,0.517588,-0.0972,0.562552,0.453015,-0.070016,0.628387,0.450891,-0.081781,0.676033,0.452802,-0.083298,0.721258,0.458421,-0.08495
F,0.406577,0.463286,0,0.430981,0.547741,-0.021658,0.464424,0.613844,-0.044177,0.494646,0.650637,-0.071266,0.52552,0.626117,-0.096013,0.586099,0.586204,-0.016268,0.641099,0.619531,-0.069121,0.589391,0.625062,-0.111845,0.542295,0.618121,-0.13262,0.594795,0.543574,-0.029482,0.688214,0.559515,-0.061648,0.746341,0.56395,-0.091013,0.806189,0.566313,-0.11233,0.584143,0.498713,-0.049242,0.672578,0.505818,-0.075263,0.730324,0.509319,-0.091501,0.783715,0.516098,-0.102066,0.558499,0.453,-0.072531,0.626262,0.451578,-0.084449,0.673377,0.453015,-0.085462,0.71746,0.457861,-0.086781
F,0.407792,0.457604,0,0.433176,0.544034,-0.022272,0.467317,0.610822,-0.044904,0.497106,0.648825,-0.071895,0.527587,0.62121,-0.096111,0.590964,0.582544,-0.016064,0.645551,0.615223,-0.068255,0.591349,0.617802,-0.110328,0.543358,0.607885,-0.130781,0.599031,0.539602,-0.028755,0.69126,0.555425,-0.060538,0.748945,0.559803,-0.08909,0.808388,0.561207,-0.109892,0.587804,0.494947,-0.048146,0.6757,0.501812,-0.073761,0.732932,0.50605,-0.089124,0.78547,0.512683,-0.099102,0.561132,0.449507,-0.071246,0.62694,0.448998,-0.0828,0.674673,0.451701,-0.083545,0.719552,0.457767,-0.084673
F,0.41187,0.458686,0,0.435867,0.542226,-0.022392,0.470744,0.607654,-0.044566,0.501395,0.642942,-0.071324,0.531707,0.615762,-0.095437,0.593453,0.57711,-0.014623,0.647111,0.608249,-0.067629,0.596025,0.612264,-0.110315,0.550083,0.604674,-0.130981,0.603491,0.533917,-0.027623,0.695461,0.549532,-0.059559,0.752715,0.552963,-0.088071,0.811997,0.554484,-0.108448,0.593248,0.48883,-0.047558,0.680191,0.494981,-0.073475,0.736224,0.498678,-0.08876,0.788744,0.506037,-0.098267,0.566765,0.442621,-0.071242,0.633596,0.44003,-0.08302,0.680374,0.440541,-0.083611,0.724515,0.44481,-0.084322
F,0.41334,0.455863,0,0.437438,0.539618,-0.022725,0.473579,0.607849,-0.045087,0.505503,0.644312,-0.071763,0.535065,0.611342,-0.095662,0.593256,0.574701,-0.0173,0.651649,0.605037,-0.069653,0.599524,0.607086,-0.110706,0.551938,0.598496,-0.130259,0.602712,0.530197,-0.02983,0.69453,0.54433,-0.062262,0.751835,0.548996,-0.089768,0.811578,0.551937,-0.109263,0.592412,0.484815,-0.049142,0.68084,0.490061,-0.074892,0.738277,0.49583,-0.088756,0.790879,0.504528,-0.097301,0.56667,0.439697,-0.072252,0.635296,0.436726,-0.083642,0.683379,0.438863,-0.083946,0.728026,0.445332,-0.08451
F,0.410463,0.459913,0,0.435102,0.543736,-0.020958,0.470864,0.609665,-0.042143,0.502195,0.646593,-0.067971,0.530204,0.617656,-0.091252,0.592676,0.57784,-0.014437,0.646461,0.610274,-0.065974,0.594468,0.617013,-0.107167,0.547755,0.610867,-0.127166,0.601356,0.535726,-0.028086,0.69412,0.550654,-0.059865,0.752109,0.554649,-0.088696,0.811808,0.555797,-0.109525,0.590486,0.491096,-0.04828,0.678596,0.496617,-0.074333,0.735585,0.500145,-0.090721,0.788636,0.50676,-0.101229,0.563955,0.445817,-0.071962,0.631035,0.442399,-0.08409,0.677802,0.442477,-0.085523,0.721954,0.44594,-0.087077
F,0.409836,0.463252,0,0.434325,0.548286,-0.023095,0.470427,0.616962,-0.045043,0.501984,0.654635,-0.07128,0.531464,0.623815,-0.094642,0.594038,0.58596,-0.014983,0.649139,0.618473,-0.067328,0.595391,0.620605,-0.109765,0.547632,0.611261,-0.130604,0.603452,0.542637,-0.027322,0.695379,0.557377,-0.059016,0.752702,0.561142,-0.087756,0.811551,0.562549,-0.108679,0.592427,0.498228,-0.04663,0.680909,0.505244,-0.072319,0.737866,0.509445,-0.088013,0.790314,0.516349,-0.098264,0.565349,0.453455,-0.069826,0.63023,0.452628,-0.081984,0.677926,0.454032,-0.08365,0.723192,0.45907,-0.085434
F,0.41096,0.466723,0,0.435776,0.5512,-0.021629,0.470707,0.618743,-0.043351,0.501035,0.658162,-0.06974,0.530317,0.628837,-0.093236,0.593305,0.588264,-0.013714,0.649039,0.622464,-0.065466,0.595928,0.626018,-0.106866,0.548418,0.617218,-0.127029,0.602741,0.54727,-0.027025,0.695231,0.563028,-0.058215,0.75198,0.567438,-0.085751,0.810227,0.569701,-0.105702,0.591972,0.503828,-0.047283,0.681064,0.512615,-0.07301,0.738014,0.517478,-0.088281,0.790246,0.52518,-0.098153,0.565367,0.459341,-0.071315,0.630071,0.457803,-0.084424,0.677851,0.458457,-0.08655,0.723049,0.462254,-0.088437
F,0.413416,0.465218,0,0.437603,0.549763,-0.021418,0.472841,0.619511,-0.042759,0.502401,0.66069,-0.068558,0.53005,0.628692,-0.091494,0.596633,0.590085,-0.014132,0.651079,0.625692,-0.066134,0.596894,0.627483,-0.107809,0.549211,0.615891,-0.128071,0.603991,0.549632,-0.027577,0.696376,0.565227,-0.059315,0.754024,0.570385,-0.087742,0.813059,0.572445,-0.108433,0.591754,0.50653,-0.047906,0.681241,0.514227,-0.074121,0.739566,0.520045,-0.090724,0.792915,0.528666,-0.101671,0.564713,0.462389,-0.071887,0.630568,0.461316,-0.084939,0.679082,0.463987,-0.087596,0.725095,0.470758,-0.090163
F,0.415111,0.468073,0,0.439634,0.551937,-0.020499,0.474863,0.618754,-0.041536,0.504621,0.657049,-0.067301,0.532968,0.628289,-0.090194,0.597548,0.58822,-0.012974,0.652879,0.621182,-0.064296,0.600088,0.62614,-0.105329,0.551991,0.61767,-0.125147,0.60592,0.546859,-0.026653,0.698468,0.561611,-0.058087,0.755606,0.565947,-0.085914,0.813668,0.567314,-0.105911,0.59473,0.503236,-0.047131,0.683199,0.510975,-0.07295,0.740446,0.516022,-0.088569,0.79285,0.523839,-0.098491,0.568078,0.458616,-0.071181,0.634044,0.457354,-0.083772,0.681877,0.458539,-0.0855,0.726713,0.463271,-0.087072
F,0.414609,0.46248,0,0.438083,0.547692,-0.02409,0.473782,0.616387,-0.046663,0.50422,0.655314,-0.073428,0.531681,0.62222,-0.097134,0.597574,0.586654,-0.015046,0.650692,0.618916,-0.06906,0.596742,0.618591,-0.112364,0.549034,0.607313,-0.133167,0.606176,0.543144,-0.027337,0.697001,0.558551,-0.059798,0.754377,0.562949,-0.088416,0.813757,0.566131,-0.108669,0.594261,0.499158,-0.046962,0.681712,0.503932,-0.0732,0.739607,0.509221,-0.089173,0.792953,0.518356,-0.099187,0.566431,0.455228,-0.070611,0.631635,0.45381,-0.082158,0.679073,0.455988,-0.083374,0.723672,0.462417,-0.084716
F,0.416703,0.459426,0,0.440593,0.54466,-0.022673,0.474937,0.613839,-0.044821,0.50354,0.653887,-0.071379,0.532026,0.62303,-0.095006,0.597299,0.585769,-0.014643,0.651134,0.620595,-0.068189,0.596514,0.620313,-0.111087,0.548355,0.607642,-0.131762,0.605389,0.544238,-0.027668,0.696037,0.560979,-0.059761,0.753687,0.566048,-0.088446,0.813271,0.568854,-0.109149,0.59396,0.500608,-0.047887,0.68112,0.50851,-0.074079,0.739221,0.514926,-0.090564,0.792627,0.523951,-0.101319,0.567342,0.455947,-0.071931,0.632727,0.455548,-0.084098,0.680664,0.458381,-0.085963,0.725818,0.465081,-0.087966
F,0.416742,0.463696,0,0.439062,0.548004,-0.022928,0.474844,0.618762,-0.044398,0.50559,0.659609,-0.07029,0.534161,0.627794,-0.093031,0.597106,0.592171,-0.01405,0.650693,0.628135,-0.066277,0.597254,0.627011,-0.107393,0.550677,0.613317,-0.12692,0.606447,0.550446,-0.026414,0.697422,0.567289,-0.058155,0.753863,0.57294,-0.085754,0.812849,0.577222,-0.105513,0.596174,0.506175,-0.045932,0.684437,0.515437,-0.071787,0.740766,0.521677,-0.086938,0.792941,0.531303,-0.096594,0.570541,0.46136,-0.069357,0.635657,0.461277,-0.081689,0.682972,0.463682,-0.083688,0.727654,0.469796,-0.085583
F,0.414349,0.455241,0,0.436696,0.53921,-0.02423,0.472064,0.610484,-0.046721,0.504077,0.6471,-0.073463,0.531888,0.611903,-0.097025,0.595337,0.581093,-0.016381,0.649838,0.615481,-0.071387,0.596337,0.614611,-0.114555,0.549898,0.603282,-0.135022,0.605996,0.536973,-0.028742,0.697114,0.55217,-0.062174,0.753889,0.557895,-0.091011,0.813884,0.562488,-0.111262,0.596108,0.490736,-0.048363,0.684827,0.498819,-0.074657,0.740746,0.506274,-0.089239,0.793969,0.518432,-0.098104,0.569915,0.444221,-0.07204,0.638138,0.442934,-0.083412,0.685126,0.445908,-0.08397,0.729509,0.453445,-0.084594
F,0.412146,0.443923,0,0.432514,0.526942,-0.02699,0.46835,0.597321,-0.051238,0.499838,0.632447,-0.079312,0.529217,0.596715,-0.104305,0.589396,0.571002,-0.022367,0.646962,0.601635,-0.078841,0.592428,0.598127,-0.122228,0.544683,0.585382,-0.142711,0.600421,0.523445,-0.034086,0.692046,0.539572,-0.06936,0.750364,0.544772,-0.099215,0.812241,0.548339,-0.120167,0.590832,0.474416,-0.053027,0.679163,0.482301,-0.08085,0.735745,0.489316,-0.096283,0.789512,0.500206,-0.105701,0.565148,0.4256,-0.076137,0.633244,0.424825,-0.088881,0.68069,0.427591,-0.090354,0.725412,0.435254,-0.091659
F,0.381702,0.512163,0,0.410714,0.4432,-0.039436,0.462177,0.383012,-0.071353,0.505991,0.352108,-0.104332,0.5555,0.365034,-0.132616,0.57716,0.419116,-0.03572,0.649736,0.40668,-0.096211,0.609042,0.390481,-0.138789,0.565177,0.390011,-0.158642,0.587156,0.471822,-0.041361,0.693738,0.470043,-0.082194,0.754763,0.47481,-0.110776,0.815768,0.483276,-0.128851,0.574496,0.523559,-0.056198,0.671743,0.527759,-0.091328,0.731946,0.53276,-0.113503,0.791143,0.538768,-0.125766,0.544537,0.574474,-0.074937,0.620284,0.582632,-0.093968,0.66883,0.586502,-0.101023,0.714989,0.593576,-0.105112
F,0.379477,0.506644,0,0.40866,0.438789,-0.039071,0.461974,0.378146,-0.070025,0.509441,0.342443,-0.102389,0.559938,0.351223,-0.130297,0.577793,0.41028,-0.028584,0.650067,0.395505,-0.088794,0.612333,0.378393,-0.13314,0.571283,0.377365,-0.15443,0.588759,0.463187,-0.034291,0.69283,0.458764,-0.072385,0.752543,0.461397,-0.100411,0.811884,0.466692,-0.118641,0.575787,0.514572,-0.05005,0.671413,0.51718,-0.083087,0.731134,0.521765,-0.105144,0.789212,0.525951,-0.117829,0.545863,0.564104,-0.069984,0.621884,0.56981,-0.088883,0.671161,0.572578,-0.096769,0.717899,0.577593,-0.101548
F,0.379323,0.497904,0,0.405661,0.427601,-0.042606,0.458428,0.364076,-0.075399,0.505472,0.329601,-0.108928,0.55529,0.343517,-0.13778,0.573694,0.399498,-0.035094,0.647893,0.383681,-0.09669,0.608175,0.365805,-0.140656,0.565131,0.364285,-0.161317,0.584489,0.453196,-0.039014,0.689703,0.449867,-0.078979,0.750398,0.450571,-0.107531,0.810963,0.453797,-0.125872,0.572064,0.505636,-0.052989,0.668212,0.50726,-0.087072,0.728405,0.510505,-0.109794,0.786619,0.513958,-0.122741,0.543404,0.555988,-0.071317,0.620348,0.561502,-0.090507,0.670477,0.563667,-0.099102,0.717574,0.568424,-0.104342
F,0.383241,0.503479,0,0.410108,0.435738,-0.040337,0.462413,0.374325,-0.072478,0.508782,0.338414,-0.105848,0.558637,0.344955,-0.134675,0.579875,0.40529,-0.032301,0.651527,0.38734,-0.094015,0.610858,0.371932,-0.138698,0.567922,0.372988,-0.159855,0.591247,0.458664,-0.037554,0.695933,0.453145,-0.076629,0.755773,0.454882,-0.104431,0.815258,0.459051,-0.122249,0.578761,0.511663,-0.052881,0.675948,0.512107,-0.0868,0.736432,0.515572,-0.108786,0.794929,0.519015,-0.121184,0.54959,0.563571,-0.072418,0.6271,0.569266,-0.091916,0.677651,0.572243,-0.100023,0.725629,0.577723,-0.104759
F,0.381409,0.507196,0,0.409061,0.438534,-0.042004,0.462345,0.375763,-0.07484,0.510132,0.338631,-0.108706,0.559873,0.349948,-0.138121,0.57855,0.409616,-0.032528,0.651023,0.391551,-0.094991,0.61198,0.374415,-0.140576,0.569419,0.374136,-0.162278,0.590074,0.463532,-0.037084,0.695288,0.458709,-0.076426,0.755869,0.459695,-0.105019,0.815957,0.463396,-0.123602,0.577637,0.515918,-0.052008,0.674458,0.51708,-0.086059,0.735162,0.519653,-0.108974,0.793699,0.52204,-0.122205,0.548647,0.565789,-0.07131,0.625737,0.571452,-0.090927,0.676119,0.573843,-0.099683,0.723822,0.578009,-0.105063
F,0.378424,0.508057,0,0.404198,0.44009,-0.041719,0.458486,0.377507,-0.074005,0.50583,0.342072,-0.107004,0.55582,0.352215,-0.135458,0.57488,0.410721,-0.036167,0.649459,0.3961,-0.09707,0.608415,0.380492,-0.140648,0.565417,0.381158,-0.161392,0.58592,0.46505,-0.040548,0.691232,0.462321,-0.080347,0.751492,0.464174,-0.10913,0.812272,0.468728,-0.12762,0.573212,0.518042,-0.054584,0.670219,0.520605,-0.08924,0.731146,0.524817,-0.112723,0.790443,0.529176,-0.126036,0.544067,0.56944,-0.072675,0.621858,0.576851,-0.092866,0.672562,0.580631,-0.101876,0.720792,0.587303,-0.107239
F,0.381606,0.512385,0,0.407744,0.441211,-0.03889,0.458686,0.378651,-0.070904,0.503137,0.348464,-0.103698,0.552269,0.363969,-0.131258,0.577458,0.414486,-0.037156,0.651789,0.405783,-0.097216,0.609508,0.391405,-0.138468,0.565351,0.390999,-0.157379,0.58776,0.46883,-0.042812,0.694056,0.46979,-0.084542,0.754572,0.473282,-0.112198,0.816039,0.478672,-0.128899,0.575057,0.521721,-0.057347,0.671394,0.525897,-0.092731,0.732306,0.530355,-0.113701,0.792913,0.5351,-0.124626,0.544914,0.573726,-0.075642,0.620466,0.582438,-0.094375,0.668659,0.585665,-0.100294,0.714602,0.59242,-0.103134
F,0.381207,0.515281,0,0.405713,0.447742,-0.040509,0.456909,0.387726,-0.073281,0.499591,0.355276,-0.106908,0.548026,0.364343,-0.135956,0.577572,0.421157,-0.038986,0.64984,0.407383,-0.099345,0.607095,0.388171,-0.142178,0.563784,0.38515,-0.162737,0.58862,0.474626,-0.044348,0.692443,0.473603,-0.085837,0.752432,0.478025,-0.115003,0.814109,0.485044,-0.133627,0.575774,0.527078,-0.058677,0.670567,0.530948,-0.093887,0.730936,0.536537,-0.116471,0.790635,0.542436,-0.129299,0.546034,0.578458,-0.076919,0.620853,0.588091,-0.096348,0.669836,0.59251,-0.103712,0.71659,0.60016,-0.108162
F,0.377674,0.517173,0,0.403757,0.449497,-0.042236,0.45694,0.389941,-0.074828,0.500944,0.357504,-0.108077,0.550339,0.367425,-0.136882,0.575398,0.423937,-0.037911,0.648749,0.410031,-0.099028,0.607249,0.393993,-0.142849,0.563569,0.393304,-0.1638,0.586354,0.478785,-0.042418,0.69027,0.478674,-0.082713,0.750764,0.482362,-0.112497,0.812326,0.488388,-0.131938,0.573468,0.530964,-0.05648,0.668263,0.536702,-0.091281,0.729126,0.542406,-0.116058,0.788443,0.547511,-0.130636,0.543602,0.580363,-0.074627,0.618463,0.591346,-0.094574,0.668049,0.596299,-0.103986,0.714988,0.603394,-0.11005
F,0.380216,0.515993,0,0.406412,0.448299,-0.043987,0.459627,0.387204,-0.07747,0.504147,0.353411,-0.111411,0.552668,0.368219,-0.140737,0.57743,0.424053,-0.03873,0.649479,0.412119,-0.100758,0.607265,0.397249,-0.145098,0.561942,0.396899,-0.166303,0.588283,0.47888,-0.042554,0.692232,0.478505,-0.08347,0.752369,0.482337,-0.11374,0.814109,0.488604,-0.133582,0.575529,0.531222,-0.056157,0.670831,0.536061,-0.091792,0.731527,0.541501,-0.116639,0.791062,0.546723,-0.131225,0.545757,0.580756,-0.073995,0.620734,0.591152,-0.094262,0.669932,0.596134,-0.103724,0.716656,0.603551,-0.109899
F,0.383713,0.522013,0,0.407604,0.453811,-0.04184,0.461107,0.392476,-0.074766,0.506252,0.358798,-0.108411,0.555192,0.373033,-0.137489,0.579749,0.429505,-0.039813,0.651807,0.414418,-0.101548,0.609906,0.396358,-0.145157,0.56653,0.394799,-0.165886,0.590788,0.482774,-0.04465,0.695975,0.484416,-0.086155,0.757241,0.488717,-0.11498,0.818635,0.49536,-0.133118,0.577876,0.534917,-0.058822,0.674619,0.540697,-0.094245,0.734973,0.546177,-0.117083,0.7938,0.551774,-0.129822,0.547801,0.585243,-0.077084,0.624239,0.597877,-0.097118,0.673665,0.604349,-0.105324,0.720306,0.613563,-0.110118
F,0.379113,0.521237,0,0.403332,0.452019,-0.043901,0.455924,0.391732,-0.078124,0.499095,0.359043,-0.11294,0.546896,0.370981,-0.143514,0.575268,0.424134,-0.042331,0.6465,0.411992,-0.105573,0.606702,0.397007,-0.150223,0.563985,0.395945,-0.17145,0.585826,0.480681,-0.046758,0.68988,0.484155,-0.088429,0.750294,0.490365,-0.117761,0.810453,0.497611,-0.136652,0.572604,0.535491,-0.060834,0.668062,0.542019,-0.096419,0.72769,0.548881,-0.120052,0.785526,0.554738,-0.133778,0.542599,0.587483,-0.079192,0.617942,0.600161,-0.099679,0.666987,0.606558,-0.10864,0.712955,0.615336,-0.114257
F,0.375059,0.518966,0,0.399899,0.452624,-0.040534,0.452035,0.392715,-0.072864,0.495401,0.357261,-0.106352,0.545156,0.364083,-0.135687,0.571319,0.421883,-0.037057,0.640761,0.407718,-0.09948,0.598883,0.391008,-0.144705,0.555851,0.387975,-0.166415,0.58369,0.479569,-0.042795,0.688643,0.483612,-0.082558,0.749835,0.489623,-0.111464,0.811499,0.495679,-0.130419,0.571337,0.535463,-0.058027,0.668299,0.541297,-0.09217,0.727808,0.547908,-0.114544,0.786441,0.552827,-0.127583,0.541217,0.588819,-0.077353,0.616401,0.601288,-0.096869,0.665201,0.60924,-0.10427,0.711469,0.618247,-0.108744
F,0.374807,0.51629,0,0.400311,0.450643,-0.039648,0.451276,0.392694,-0.0723,0.493593,0.35763,-0.106433,0.54173,0.363906,-0.136719,0.570584,0.421881,-0.036726,0.638698,0.406097,-0.099039,0.597286,0.388598,-0.144301,0.554575,0.385825,-0.166125,0.582382,0.47879,-0.043542,0.68833,0.482653,-0.082953,0.750156,0.488926,-0.11157,0.811031,0.495533,-0.130437,0.569554,0.533741,-0.059834,0.667528,0.541037,-0.093766,0.72772,0.547687,-0.1164,0.786344,0.552694,-0.129881,0.53905,0.586196,-0.08016,0.614328,0.599587,-0.099826,0.663028,0.608007,-0.107426,0.709002,0.61712,-0.112184
F,0.374228,0.537017,0,0.397146,0.468359,-0.040953,0.445065,0.407543,-0.074153,0.485472,0.376226,-0.107949,0.533827,0.384826,-0.13757,0.564259,0.433496,-0.041971,0.634215,0.420689,-0.104001,0.593717,0.409391,-0.147519,0.551442,0.409783,-0.167947,0.576985,0.492916,-0.047544,0.680779,0.491763,-0.087356,0.740407,0.495237,-0.115716,0.799844,0.499616,-0.134178,0.56587,0.550219,-0.062159,0.661088,0.553731,-0.096269,0.719482,0.558554,-0.118689,0.777661,0.562029,-0.131882,0.537744,0.605697,-0.080672,0.612163,0.615317,-0.100476,0.659912,0.620031,-0.108205,0.705787,0.626491,-0.112724
F,0.375691,0.565958,0,0.40132,0.493529,-0.029909,0.449011,0.435833,-0.056367,0.48775,0.415421,-0.085458,0.528148,0.431525,-0.11078,0.564438,0.458015,-0.02767,0.627394,0.443465,-0.081016,0.590013,0.439307,-0.120609,0.550981,0.447171,-0.140997,0.578834,0.514652,-0.037094,0.676317,0.501367,-0.071833,0.732535,0.496832,-0.098671,0.787498,0.493931,-0.117896,0.569974,0.570711,-0.05406,0.66184,0.566365,-0.083385,0.718262,0.564738,-0.102816,0.773968,0.56152,-0.115647,0.543747,0.62757,-0.07447,0.615707,0.630387,-0.090816,0.661472,0.627807,-0.096425,0.704115,0.625724,-0.10075
F,0.378635,0.567049,0,0.403332,0.494091,-0.032688,0.451181,0.437572,-0.060162,0.490005,0.416704,-0.089808,0.529562,0.437179,-0.115335,0.566182,0.46101,-0.029573,0.626849,0.447604,-0.08341,0.587148,0.443955,-0.123351,0.547473,0.45171,-0.1442,0.57991,0.518204,-0.037268,0.674898,0.505622,-0.072361,0.728676,0.503108,-0.099732,0.783642,0.502428,-0.119662,0.570532,0.574268,-0.052712,0.660982,0.571426,-0.082528,0.715916,0.571253,-0.102396,0.771367,0.569256,-0.115613,0.54369,0.63022,-0.071794,0.614124,0.634505,-0.088306,0.659298,0.6325,-0.094672,0.702078,0.630772,-0.099793
F,0.380711,0.566553,0,0.407512,0.496917,-0.03625,0.454322,0.446929,-0.065671,0.494383,0.432013,-0.096626,0.532871,0.455726,-0.123068,0.566527,0.469237,-0.033924,0.630443,0.457741,-0.090938,0.591615,0.453017,-0.132183,0.552249,0.459833,-0.152651,0.579269,0.524136,-0.039094,0.675131,0.513033,-0.07568,0.73077,0.511038,-0.102493,0.787089,0.508728,-0.121468,0.571079,0.577207,-0.05242,0.662923,0.574428,-0.082182,0.718745,0.575535,-0.101078,0.774884,0.57408,-0.113144,0.546254,0.629733,-0.069792,0.618988,0.633834,-0.084655,0.664059,0.632988,-0.090221,0.706303,0.631902,-0.094641
F,0.385139,0.553221,0,0.411283,0.485298,-0.02962,0.457517,0.432918,-0.055269,0.497004,0.415488,-0.083669,0.532019,0.43957,-0.107929,0.563753,0.455627,-0.024002,0.623325,0.441885,-0.075921,0.58606,0.437949,-0.114664,0.547786,0.44573,-0.13437,0.576644,0.508569,-0.031546,0.667979,0.496238,-0.063726,0.722013,0.492775,-0.088318,0.775564,0.488637,-0.106127,0.568936,0.560199,-0.046845,0.657547,0.555106,-0.073752,0.710502,0.553666,-0.090854,0.762512,0.549161,-0.101903,0.545116,0.611332,-0.065729,0.615352,0.613094,-0.079722,0.659045,0.610609,-0.084594,0.699913,0.607317,-0.088494
G,0.46546,0.586251,0,0.54371,0.621277,-0.029858,0.591417,0.589352,-0.047837,0.602409,0.53203,-0.061325,0.598982,0.483715,-0.070508,0.608708,0.488881,-0.052466,0.619443,0.410075,-0.092901,0.623822,0.341093,-0.121497,0.62803,0.287273,-0.139149,0.572661,0.450831,-0.050315,0.537689,0.475519,-0.089236,0.523802,0.533071,-0.100023,0.519037,0.578546,-0.103009,0.533109,0.44187,-0.050969,0.505816,0.487679,-0.081875,0.505405,0.553758,-0.073227,0.508244,0.601404,-0.062063,0.495949,0.452047,-0.055942,0.480735,0.486848,-0.080489,0.480412,0.541885,-0.075433,0.486822,0.583187,-0.065222
G,0.465478,0.607414,0,0.540818,0.641434,-0.026236,0.588576,0.610675,-0.042448,0.602286,0.554176,-0.055444,0.602026,0.507708,-0.064645,0.609454,0.509409,-0.046307,0.623467,0.436426,-0.084476,0.628473,0.371259,-0.112901,0.632425,0.315649,-0.130951,0.575641,0.469069,-0.045248,0.539857,0.510354,-0.08128,0.52658,0.57341,-0.091715,0.521888,0.617793,-0.095656,0.535864,0.456341,-0.046917,0.504863,0.510196,-0.075483,0.504306,0.57357,-0.067928,0.507114,0.618139,-0.058747,0.498842,0.462969,-0.052753,0.48048,0.504007,-0.07572,0.478423,0.556442,-0.071683,0.482652,0.5952,-0.063046
G,0.472605,0.598308,0,0.54702,0.629853,-0.03052,0.593269,0.599855,-0.047783,0.603288,0.542014,-0.060331,0.601408,0.497336,-0.068198,0.612102,0.498724,-0.051918,0.622207,0.428223,-0.093746,0.626325,0.362785,-0.122054,0.632729,0.309258,-0.139228,0.577926,0.455564,-0.048835,0.539339,0.503657,-0.087656,0.526373,0.567007,-0.095685,0.525135,0.611905,-0.096785,0.53784,0.443021,-0.049167,0.505257,0.501355,-0.081773,0.504323,0.564784,-0.072211,0.510045,0.608502,-0.060134,0.500377,0.450919,-0.05394,0.479687,0.498807,-0.079525,0.478335,0.552919,-0.075089,0.485122,0.59031,-0.064987
G,0.462382,0.584664,0,0.542287,0.632059,-0.036937,0.594194,0.599732,-0.056707,0.604186,0.536925,-0.069999,0.595418,0.48176,-0.080185,0.604727,0.504802,-0.061548,0.6118,0.419718,-0.10602,0.616022,0.34342,-0.138271,0.620371,0.28273,-0.157563,0.568955,0.4638,-0.059357,0.557267,0.424335,-0.097262,0.565971,0.441237,-0.112895,0.579177,0.458789,-0.121294,0.533736,0.451464,-0.060247,0.515595,0.464422,-0.096374,0.511618,0.5355,-0.093379,0.514221,0.594099,-0.08472,0.499114,0.459653,-0.065495,0.486647,0.477814,-0.092604,0.483692,0.537112,-0.087901,0.485904,0.585628,-0.078606
G,0.463236,0.58767,0,0.542074,0.626237,-0.029103,0.591745,0.595072,-0.045051,0.602565,0.535961,-0.05663,0.594394,0.484276,-0.065667,0.597528,0.494488,-0.049245,0.602574,0.409357,-0.08881,0.608321,0.335352,-0.119339,0.613284,0.275747,-0.1384,0.561065,0.457704,-0.050467,0.555967,0.426606,-0.085467,0.567172,0.446405,-0.102093,0.580108,0.464364,-0.1114,0.525674,0.450755,-0.053996,0.514492,0.470558,-0.086998,0.511854,0.540399,-0.085801,0.513583,0.597246,-0.079018,0.491944,0.462429,-0.061163,0.484497,0.483769,-0.085987,0.48311,0.54214,-0.081612,0.485007,0.590439,-0.073133
G,0.454176,0.587557,0,0.535495,0.632898,-0.028726,0.586608,0.596397,-0.046065,0.600257,0.528952,-0.059029,0.595071,0.474595,-0.0705,0.58395,0.513385,-0.049498,0.59251,0.431364,-0.085158,0.603849,0.357774,-0.112301,0.611533,0.298321,-0.128787,0.551945,0.47332,-0.049188,0.560365,0.413984,-0.081349,0.588986,0.396723,-0.098387,0.612114,0.387081,-0.108115,0.52077,0.46071,-0.050278,0.517183,0.467181,-0.082437,0.516674,0.530561,-0.083178,0.517247,0.585189,-0.076344,0.490627,0.465304,-0.054343,0.491989,0.484583,-0.078209,0.493541,0.537629,-0.074448,0.496618,0.584785,-0.066003
G,0.458592,0.58609,0,0.539846,0.623957,-0.029939,0.589531,0.591349,-0.045887,0.599132,0.529199,-0.056281,0.590106,0.478643,-0.063066,0.597248,0.492217,-0.053387,0.605062,0.412283,-0.093293,0.610327,0.341776,-0.122512,0.615293,0.285265,-0.14098,0.559696,0.456971,-0.051552,0.53459,0.459796,-0.08786,0.522017,0.51601,-0.099664,0.518345,0.563171,-0.104431,0.52204,0.44924,-0.052187,0.500647,0.474873,-0.083043,0.499131,0.543791,-0.076979,0.502338,0.597244,-0.067785,0.487362,0.459667,-0.05675,0.474375,0.481059,-0.081389,0.47243,0.538292,-0.076836,0.477338,0.583448,-0.067691
G,0.48084,0.584782,0,0.546401,0.604863,-0.032903,0.584716,0.568806,-0.053342,0.59195,0.510041,-0.069965,0.593108,0.464091,-0.082894,0.604397,0.45841,-0.055116,0.609952,0.382423,-0.094916,0.614192,0.323626,-0.119314,0.624022,0.273391,-0.134987,0.567247,0.422137,-0.053698,0.532376,0.465932,-0.09733,0.51641,0.53021,-0.104818,0.520202,0.571327,-0.103609,0.526571,0.414551,-0.055811,0.492862,0.47663,-0.093094,0.49071,0.537652,-0.08364,0.502534,0.577199,-0.070639,0.490383,0.42703,-0.062362,0.466828,0.477656,-0.090782,0.466367,0.531027,-0.086736,0.477777,0.564705,-0.076631
G,0.471451,0.59084,0,0.548005,0.618076,-0.030225,0.594586,0.583659,-0.051712,0.604391,0.525029,-0.070797,0.603219,0.473512,-0.086161,0.619366,0.478561,-0.050878,0.630119,0.399703,-0.091777,0.631251,0.336867,-0.118949,0.6349,0.282549,-0.135625,0.583452,0.441138,-0.050611,0.538338,0.471545,-0.094948,0.518594,0.532991,-0.106892,0.515348,0.575416,-0.109847,0.541021,0.429778,-0.05344,0.500978,0.47674,-0.091729,0.496053,0.542178,-0.084771,0.50027,0.587508,-0.073574,0.502247,0.438752,-0.06029,0.479398,0.473245,-0.088895,0.476899,0.528722,-0.084976,0.483348,0.569661,-0.07529
G,0.476767,0.596231,0,0.547759,0.617216,-0.03045,0.591132,0.583928,-0.051619,0.598123,0.525014,-0.069793,0.596177,0.477429,-0.084114,0.614002,0.479816,-0.054186,0.621719,0.402025,-0.094483,0.624893,0.338513,-0.121079,0.631992,0.284486,-0.138305,0.576929,0.441923,-0.053601,0.533961,0.481103,-0.098061,0.516349,0.543464,-0.109252,0.514985,0.587507,-0.1116,0.535165,0.431407,-0.055792,0.496645,0.484842,-0.092863,0.492896,0.547434,-0.085257,0.499014,0.591501,-0.074146,0.497495,0.440059,-0.062185,0.472783,0.483521,-0.090205,0.470395,0.536633,-0.086592,0.478777,0.574339,-0.077352
G,0.48194,0.595651,0,0.550033,0.613179,-0.029427,0.591179,0.578727,-0.050202,0.598292,0.520389,-0.067993,0.596484,0.472744,-0.08275,0.609054,0.471037,-0.056275,0.619131,0.392938,-0.093577,0.624704,0.33408,-0.11803,0.634344,0.282703,-0.134801,0.57083,0.43428,-0.055919,0.534683,0.48078,-0.099314,0.518739,0.543904,-0.108694,0.517993,0.586423,-0.110038,0.529359,0.425167,-0.057916,0.496539,0.487173,-0.092627,0.494074,0.546307,-0.084169,0.501438,0.586783,-0.073474,0.492718,0.435641,-0.064231,0.47015,0.487082,-0.090684,0.470456,0.539009,-0.087589,0.480633,0.573787,-0.079519
G,0.478552,0.589397,0,0.548579,0.607224,-0.028491,0.590541,0.572676,-0.049828,0.596493,0.512617,-0.068411,0.595144,0.464602,-0.083657,0.609254,0.467483,-0.05454,0.61678,0.388976,-0.093477,0.621522,0.329724,-0.119501,0.630122,0.276774,-0.13704,0.570677,0.433635,-0.055,0.534175,0.467406,-0.098121,0.518023,0.529801,-0.108249,0.516685,0.569614,-0.110221,0.530275,0.425853,-0.057844,0.49661,0.475422,-0.092746,0.493979,0.539239,-0.083275,0.500632,0.581196,-0.071598,0.494401,0.43619,-0.06478,0.471451,0.477552,-0.091334,0.469611,0.531146,-0.086654,0.479022,0.566857,-0.077182
G,0.472074,0.583042,0,0.546154,0.602509,-0.031348,0.588317,0.568765,-0.053297,0.596224,0.51346,-0.072272,0.5908,0.464297,-0.087181,0.60914,0.466528,-0.052179,0.614991,0.38675,-0.094771,0.615915,0.325194,-0.12284,0.62299,0.272407,-0.14029,0.571397,0.432727,-0.051754,0.530576,0.463782,-0.095777,0.513446,0.526234,-0.106527,0.515624,0.56809,-0.108501,0.530256,0.425047,-0.054812,0.49544,0.472675,-0.091849,0.491929,0.536644,-0.083591,0.499875,0.578573,-0.071649,0.493849,0.435553,-0.062185,0.471953,0.474612,-0.089133,0.469899,0.529035,-0.084104,0.478851,0.565706,-0.073738
G,0.483902,0.59308,0,0.552445,0.607263,-0.026886,0.593759,0.572418,-0.047929,0.600157,0.512575,-0.067367,0.597991,0.464595,-0.084158,0.61269,0.462396,-0.0502,0.621706,0.3828,-0.085541,0.627772,0.325853,-0.108349,0.636862,0.275467,-0.123931,0.575397,0.428801,-0.051653,0.540335,0.469266,-0.094324,0.522539,0.532987,-0.10378,0.520543,0.57301,-0.104613,0.535211,0.421044,-0.055382,0.500647,0.480239,-0.090952,0.495823,0.540229,-0.082804,0.501706,0.577941,-0.071302,0.499327,0.431528,-0.063016,0.476232,0.479933,-0.088647,0.474593,0.531902,-0.084364,0.482934,0.563793,-0.075203
G,0.473425,0.578715,0,0.545942,0.604533,-0.030031,0.589372,0.571171,-0.050492,0.598493,0.512894,-0.067751,0.597191,0.466293,-0.080952,0.609023,0.469583,-0.051972,0.620989,0.392242,-0.091905,0.626545,0.32876,-0.119703,0.634649,0.274845,-0.137883,0.572648,0.431283,-0.050649,0.536536,0.472429,-0.093981,0.520094,0.535355,-0.105563,0.516236,0.57911,-0.108343,0.532678,0.420126,-0.052186,0.500743,0.476961,-0.085701,0.497852,0.538491,-0.077452,0.502221,0.579527,-0.066476,0.496334,0.427286,-0.058215,0.47525,0.475177,-0.082755,0.473368,0.526776,-0.078544,0.480682,0.561695,-0.06945
G,0.47928,0.586023,0,0.550109,0.605867,-0.02687,0.59181,0.568278,-0.047046,0.600407,0.50927,-0.065163,0.601705,0.461116,-0.08035,0.614895,0.462721,-0.05231,0.623906,0.384671,-0.088253,0.630203,0.325851,-0.111901,0.639134,0.275635,-0.127684,0.578427,0.424167,-0.052597,0.540178,0.467409,-0.093562,0.524241,0.531409,-0.102331,0.521968,0.575226,-0.103317,0.537567,0.413222,-0.054936,0.501593,0.471401,-0.08851,0.496749,0.531035,-0.07948,0.501661,0.573118,-0.067878,0.501512,0.422664,-0.061274,0.47656,0.467839,-0.086309,0.475367,0.52078,-0.081925,0.483612,0.557841,-0.072595
G,0.480021,0.595904,0,0.547787,0.614506,-0.028076,0.589701,0.577842,-0.049839,0.598104,0.516111,-0.069495,0.599159,0.465892,-0.086558,0.611623,0.468291,-0.055293,0.623283,0.387993,-0.091727,0.629912,0.331366,-0.115711,0.638606,0.280201,-0.132181,0.575484,0.430477,-0.056016,0.539481,0.474221,-0.097768,0.521939,0.539377,-0.10642,0.519706,0.579123,-0.10783,0.535522,0.420024,-0.058871,0.500097,0.479771,-0.092663,0.494215,0.539341,-0.082836,0.499573,0.577303,-0.071531,0.499856,0.429697,-0.065935,0.475609,0.476457,-0.091369,0.474194,0.529572,-0.086811,0.482661,0.563979,-0.077977
G,0.477255,0.588455,0,0.54658,0.610417,-0.028829,0.589308,0.573276,-0.049799,0.597406,0.512631,-0.067898,0.596565,0.462924,-0.082775,0.612384,0.465127,-0.055249,0.622583,0.384704,-0.091773,0.629186,0.325828,-0.116145,0.638683,0.275867,-0.132647,0.574513,0.428656,-0.055029,0.534579,0.474038,-0.096047,0.515049,0.53791,-0.104875,0.512288,0.578151,-0.106285,0.533314,0.419716,-0.056948,0.49871,0.480182,-0.090261,0.492375,0.539601,-0.080971,0.496872,0.576999,-0.069819,0.497108,0.429779,-0.06302,0.475279,0.475386,-0.088709,0.472751,0.52821,-0.083921,0.480623,0.562517,-0.074455
G,0.483292,0.583941,0,0.545123,0.600838,-0.028548,0.587094,0.563529,-0.046951,0.594552,0.500825,-0.06241,0.593443,0.453047,-0.075377,0.609014,0.454898,-0.05278,0.619955,0.377742,-0.08657,0.628407,0.321201,-0.10703,0.640887,0.273435,-0.121208,0.572501,0.417929,-0.053345,0.534489,0.459773,-0.09454,0.51519,0.522195,-0.101881,0.515062,0.564662,-0.100942,0.531565,0.410049,-0.056172,0.4947,0.4683,-0.090685,0.488484,0.527515,-0.081205,0.496162,0.56883,-0.068879,0.494607,0.421671,-0.06308,0.470355,0.468158,-0.090404,0.468717,0.5214,-0.086446,0.479481,0.557404,-0.076769
G,0.484302,0.585282,0,0.546136,0.601768,-0.02868,0.587593,0.565632,-0.047612,0.5961,0.504919,-0.064043,0.595121,0.458472,-0.077823,0.610287,0.455144,-0.051369,0.622408,0.377682,-0.085971,0.631494,0.322218,-0.106572,0.643932,0.274182,-0.120495,0.57357,0.418217,-0.052189,0.539558,0.459741,-0.093974,0.519284,0.523141,-0.100529,0.518872,0.563509,-0.098413,0.532749,0.410097,-0.0556,0.498406,0.471614,-0.091162,0.491112,0.530655,-0.080941,0.498684,0.568829,-0.067358,0.495624,0.421602,-0.063138,0.473114,0.469351,-0.08998,0.471921,0.523038,-0.085002,0.48256,0.558246,-0.074382
G,0.481037,0.590277,0,0.548251,0.610377,-0.027117,0.590606,0.57521,-0.047068,0.602221,0.520056,-0.065024,0.602165,0.472003,-0.080261,0.61319,0.46853,-0.051375,0.625977,0.38649,-0.086233,0.632655,0.331389,-0.109202,0.641879,0.284079,-0.124484,0.577014,0.434212,-0.05241,0.542506,0.473663,-0.0937,0.522225,0.536624,-0.102868,0.518087,0.577456,-0.103779,0.537282,0.425077,-0.055608,0.50522,0.482076,-0.089003,0.49804,0.539458,-0.080707,0.50235,0.576906,-0.069795,0.502221,0.434412,-0.062803,0.479767,0.475527,-0.087167,0.476557,0.526197,-0.082402,0.483221,0.560747,-0.073232
G,0.481137,0.595405,0,0.550732,0.614708,-0.02722,0.593549,0.578786,-0.048414,0.603326,0.519319,-0.067875,0.60522,0.471111,-0.084622,0.616745,0.473081,-0.052134,0.629331,0.393557,-0.086871,0.6351,0.338685,-0.110015,0.642555,0.288607,-0.125945,0.580983,0.434771,-0.053034,0.544228,0.4794,-0.093605,0.526605,0.544023,-0.102253,0.524306,0.582458,-0.103895,0.540622,0.423349,-0.056004,0.504369,0.485636,-0.088668,0.498578,0.542919,-0.078859,0.503867,0.577583,-0.067796,0.504325,0.431766,-0.063157,0.480471,0.480643,-0.086955,0.478919,0.531853,-0.081706,0.486752,0.563177,-0.07276
G,0.484874,0.595535,0,0.547239,0.611636,-0.027468,0.590899,0.577079,-0.047083,0.600172,0.517359,-0.064543,0.601013,0.46938,-0.080066,0.609953,0.467216,-0.054948,0.626896,0.389155,-0.088382,0.637329,0.334623,-0.109747,0.648885,0.28581,-0.124898,0.57456,0.429165,-0.055567,0.543657,0.476084,-0.096329,0.525449,0.539411,-0.103768,0.522225,0.578444,-0.104006,0.535479,0.418745,-0.057995,0.502849,0.481116,-0.090601,0.496061,0.538078,-0.080741,0.500823,0.575543,-0.069513,0.499813,0.427696,-0.064605,0.476872,0.476152,-0.089698,0.475495,0.529448,-0.085665,0.483745,0.565467,-0.07722
G,0.485335,0.255029,0,0.404836,0.271216,-0.04708,0.347149,0.332562,-0.070246,0.321337,0.389816,-0.091401,0.326574,0.41443,-0.106167,0.362278,0.477255,-0.031023,0.362984,0.524558,-0.083266,0.383436,0.451903,-0.111123,0.397329,0.387737,-0.120368,0.412236,0.493513,-0.029782,0.408463,0.543893,-0.095081,0.427637,0.446509,-0.117967,0.436312,0.372793,-0.118532,0.465527,0.501081,-0.038539,0.465918,0.543413,-0.103368,0.468985,0.445097,-0.11695,0.468758,0.370483,-0.107634,0.517452,0.496645,-0.050746,0.519989,0.582817,-0.086988,0.517008,0.632621,-0.100923,0.508602,0.685477,-0.104054
G,0.490498,0.251817,0,0.412708,0.260961,-0.054509,0.354936,0.315653,-0.081087,0.328859,0.369754,-0.104029,0.335204,0.396256,-0.120422,0.370232,0.463379,-0.041756,0.37171,0.51702,-0.096103,0.391288,0.445613,-0.124796,0.404374,0.382853,-0.134353,0.421732,0.481823,-0.037151,0.420831,0.539514,-0.105068,0.438498,0.441806,-0.129775,0.444623,0.368688,-0.131593,0.474338,0.49118,-0.042674,0.477855,0.542997,-0.107934,0.479301,0.447523,-0.123105,0.477129,0.374672,-0.115317,0.524496,0.487009,-0.052249,0.527462,0.574894,-0.08795,0.52371,0.623791,-0.102819,0.515302,0.675885,-0.107062
G,0.494618,0.244888,0,0.410999,0.258493,-0.05564,0.35613,0.318989,-0.083824,0.337213,0.382566,-0.109142,0.354252,0.414436,-0.127993,0.370566,0.460824,-0.036291,0.378672,0.514783,-0.092785,0.395361,0.444044,-0.123831,0.405682,0.376864,-0.134444,0.424031,0.476412,-0.031877,0.427449,0.53306,-0.101987,0.443025,0.436258,-0.127989,0.448572,0.361341,-0.129626,0.478764,0.484871,-0.038488,0.484389,0.533788,-0.106922,0.485959,0.436014,-0.122434,0.485103,0.359911,-0.113039,0.530948,0.481415,-0.049377,0.535214,0.569742,-0.086259,0.531702,0.619168,-0.100873,0.523465,0.670005,-0.103882
G,0.499167,0.256104,0,0.424187,0.262927,-0.059392,0.376002,0.322282,-0.091258,0.368936,0.386734,-0.118902,0.390562,0.419203,-0.140536,0.372238,0.459499,-0.045731,0.378875,0.50796,-0.100793,0.399613,0.440619,-0.132273,0.412763,0.378085,-0.144619,0.426613,0.47526,-0.040357,0.429091,0.531782,-0.108149,0.447486,0.440367,-0.136369,0.452603,0.370253,-0.141654,0.481353,0.482856,-0.044977,0.488499,0.538004,-0.108916,0.491021,0.445386,-0.125036,0.487514,0.373166,-0.118946,0.532111,0.476286,-0.05432,0.534882,0.549956,-0.086836,0.528328,0.581527,-0.098918,0.516197,0.617294,-0.102011
G,0.49925,0.244325,0,0.419297,0.260131,-0.053872,0.369979,0.331683,-0.078331,0.358099,0.410822,-0.099479,0.374503,0.459269,-0.114059,0.377149,0.458303,-0.033242,0.384152,0.509335,-0.087545,0.404882,0.438756,-0.117753,0.417742,0.3738,-0.128164,0.429654,0.473407,-0.028056,0.434885,0.529523,-0.096136,0.452784,0.434052,-0.122681,0.45797,0.360659,-0.125421,0.483602,0.482143,-0.033606,0.49035,0.531804,-0.10034,0.493148,0.43665,-0.117033,0.491544,0.362177,-0.109217,0.534868,0.479219,-0.043168,0.539005,0.56536,-0.079749,0.535616,0.612887,-0.095499,0.526514,0.662626,-0.099785
G,0.496183,0.245107,0,0.416201,0.268669,-0.042881,0.36698,0.347348,-0.060601,0.35748,0.425142,-0.076453,0.372815,0.467273,-0.086541,0.380813,0.465285,-0.02521,0.387618,0.518322,-0.073019,0.407056,0.446965,-0.098753,0.417485,0.380668,-0.106863,0.431856,0.480331,-0.023708,0.435874,0.53881,-0.085128,0.453198,0.444268,-0.108155,0.457866,0.369753,-0.109271,0.484675,0.487537,-0.031383,0.490514,0.538747,-0.092278,0.494204,0.443441,-0.106335,0.492787,0.369952,-0.097755,0.535961,0.481794,-0.042051,0.541077,0.572023,-0.074933,0.537717,0.619025,-0.087979,0.528571,0.668628,-0.090802
G,0.485324,0.249593,0,0.411178,0.25345,-0.059163,0.360037,0.308826,-0.090541,0.339525,0.369608,-0.117114,0.338602,0.400693,-0.136136,0.381813,0.459058,-0.055136,0.381321,0.509425,-0.109515,0.400914,0.435517,-0.13456,0.414824,0.372712,-0.141278,0.433933,0.479939,-0.048404,0.433617,0.53676,-0.115116,0.447556,0.440602,-0.13512,0.454308,0.369236,-0.134094,0.486084,0.487972,-0.05128,0.490432,0.538316,-0.114411,0.488063,0.441705,-0.123051,0.484179,0.369956,-0.111715,0.535196,0.482513,-0.058814,0.54126,0.569981,-0.09271,0.536435,0.619797,-0.10421,0.526536,0.674737,-0.106552
G,0.49141,0.238961,0,0.416274,0.252537,-0.05428,0.36765,0.320851,-0.080094,0.3589,0.39606,-0.102238,0.38003,0.435522,-0.1181,0.377598,0.449747,-0.038728,0.382708,0.507219,-0.092462,0.401013,0.43642,-0.120763,0.411209,0.369597,-0.129656,0.429729,0.466209,-0.033636,0.431471,0.526968,-0.100441,0.447207,0.431869,-0.124172,0.451717,0.358345,-0.12474,0.483478,0.474337,-0.03883,0.488754,0.524921,-0.10429,0.490123,0.429368,-0.118779,0.486646,0.356567,-0.109502,0.534492,0.472247,-0.048007,0.538198,0.561473,-0.083295,0.536113,0.609684,-0.097144,0.528329,0.660751,-0.100136
G,0.490552,0.242649,0,0.41414,0.251006,-0.058069,0.359764,0.305425,-0.088013,0.338597,0.364842,-0.114378,0.353089,0.386758,-0.134353,0.371238,0.445919,-0.041498,0.379343,0.500116,-0.0972,0.397419,0.432437,-0.127647,0.409473,0.365802,-0.138107,0.423987,0.463852,-0.035891,0.428048,0.522197,-0.103239,0.444681,0.430243,-0.127366,0.45067,0.358021,-0.129005,0.477334,0.472777,-0.041095,0.484811,0.522723,-0.106058,0.487515,0.430944,-0.119724,0.485934,0.358012,-0.110699,0.528625,0.471278,-0.051068,0.533195,0.559477,-0.084866,0.530223,0.610257,-0.097609,0.521134,0.661692,-0.100532
G,0.48686,0.24169,0,0.411986,0.24942,-0.058398,0.360479,0.306223,-0.088373,0.345331,0.37281,-0.113873,0.360982,0.411094,-0.132376,0.373584,0.456703,-0.046646,0.378991,0.509372,-0.10093,0.397863,0.436571,-0.128675,0.410561,0.370919,-0.136979,0.425247,0.475946,-0.039795,0.427784,0.53077,-0.105538,0.444094,0.433887,-0.127799,0.450887,0.362961,-0.128169,0.477813,0.484788,-0.043036,0.484979,0.534157,-0.105896,0.48563,0.437579,-0.117598,0.4824,0.365078,-0.107785,0.529156,0.481325,-0.050895,0.53271,0.571626,-0.083683,0.528223,0.621015,-0.095566,0.517826,0.674236,-0.097896
G,0.491094,0.256064,0,0.415653,0.260531,-0.055067,0.363928,0.313304,-0.083683,0.345178,0.374601,-0.1085,0.354791,0.404682,-0.126857,0.375,0.459462,-0.044531,0.378615,0.509919,-0.098996,0.397048,0.441144,-0.128361,0.409572,0.375936,-0.138638,0.426719,0.478299,-0.039586,0.428595,0.537229,-0.105426,0.444688,0.444081,-0.12877,0.45085,0.372033,-0.130774,0.479245,0.488145,-0.044561,0.485847,0.539368,-0.107533,0.487479,0.445697,-0.119944,0.484922,0.373279,-0.111294,0.529546,0.486337,-0.053968,0.533591,0.573202,-0.087635,0.528665,0.622433,-0.100467,0.517294,0.674507,-0.103977
G,0.487687,0.242071,0,0.414623,0.248658,-0.056466,0.359605,0.303979,-0.084944,0.337928,0.358024,-0.109669,0.345461,0.378672,-0.12732,0.374609,0.444068,-0.042881,0.381473,0.496744,-0.096878,0.400822,0.42556,-0.124013,0.411298,0.361591,-0.132079,0.42634,0.463525,-0.037008,0.430492,0.518441,-0.103039,0.445712,0.425914,-0.124561,0.450191,0.356865,-0.124151,0.4788,0.472764,-0.041538,0.486888,0.521008,-0.105169,0.487502,0.427811,-0.116766,0.482985,0.357582,-0.106319,0.528373,0.470871,-0.050532,0.532915,0.559148,-0.083811,0.530612,0.608977,-0.095757,0.522257,0.661233,-0.097767
G,0.514978,0.248414,0,0.451547,0.245248,-0.069742,0.409255,0.288163,-0.106884,0.404606,0.350903,-0.137664,0.427918,0.388066,-0.161049,0.402158,0.438613,-0.057462,0.416015,0.498885,-0.113324,0.438317,0.430977,-0.141314,0.449426,0.367504,-0.14977,0.455291,0.45785,-0.046525,0.462956,0.522539,-0.115407,0.481673,0.432885,-0.140499,0.484372,0.365213,-0.142665,0.505871,0.470397,-0.046387,0.518067,0.525733,-0.112239,0.521653,0.437663,-0.129065,0.516991,0.369696,-0.122243,0.552287,0.473199,-0.051458,0.557575,0.562994,-0.084144,0.555325,0.610715,-0.097957,0.545269,0.660153,-0.10208
G,0.493274,0.242861,0,0.431677,0.244644,-0.06701,0.390189,0.28737,-0.107089,0.389431,0.343034,-0.141369,0.410148,0.368893,-0.16821,0.389203,0.443119,-0.063678,0.394572,0.489047,-0.12255,0.41498,0.420434,-0.152147,0.428136,0.358878,-0.161263,0.441951,0.464632,-0.055244,0.444669,0.51954,-0.126665,0.46026,0.423603,-0.150133,0.467414,0.35189,-0.150185,0.493068,0.474226,-0.056891,0.499367,0.520161,-0.122541,0.499249,0.425679,-0.133609,0.496008,0.357945,-0.122951,0.541925,0.472451,-0.063769,0.54792,0.556176,-0.095748,0.542541,0.603677,-0.106404,0.530834,0.659853,-0.108362
G,0.508313,0.245433,0,0.432929,0.248355,-0.064644,0.383015,0.30349,-0.099488,0.371089,0.369984,-0.129462,0.389158,0.408753,-0.152918,0.37327,0.445294,-0.05145,0.383471,0.496447,-0.110631,0.408583,0.426745,-0.14397,0.424961,0.36182,-0.156331,0.427768,0.463779,-0.043188,0.435825,0.517497,-0.11357,0.458635,0.424853,-0.141226,0.466622,0.354149,-0.145742,0.482806,0.47432,-0.045838,0.492066,0.523361,-0.111403,0.499592,0.433253,-0.127276,0.501859,0.360072,-0.120458,0.534741,0.473126,-0.053789,0.537522,0.555801,-0.087672,0.530878,0.601601,-0.102108,0.519017,0.645933,-0.106449
G,0.506969,0.235433,0,0.435833,0.237846,-0.062118,0.386655,0.282997,-0.097875,0.374262,0.341251,-0.127796,0.388502,0.366857,-0.150639,0.381038,0.426565,-0.060755,0.386459,0.474372,-0.119165,0.410015,0.403739,-0.148912,0.427581,0.34021,-0.158598,0.433521,0.446926,-0.05289,0.438577,0.496178,-0.123508,0.45421,0.399554,-0.147148,0.46205,0.329195,-0.148587,0.486435,0.457036,-0.055085,0.495207,0.501493,-0.12093,0.494546,0.407353,-0.135433,0.492013,0.3379,-0.128194,0.537026,0.455739,-0.061771,0.543042,0.53822,-0.097968,0.538754,0.587983,-0.113651,0.529181,0.643576,-0.118946
G,0.494662,0.220779,0,0.428648,0.222434,-0.062278,0.38375,0.275875,-0.095264,0.388442,0.343069,-0.121669,0.414256,0.382331,-0.141059,0.379115,0.417546,-0.058771,0.382082,0.45949,-0.112155,0.400884,0.386966,-0.138038,0.415371,0.327911,-0.14557,0.42942,0.436325,-0.049311,0.429061,0.483152,-0.112522,0.443648,0.389917,-0.133798,0.449747,0.327758,-0.134634,0.481002,0.443328,-0.04951,0.485027,0.482989,-0.109168,0.485947,0.390572,-0.122111,0.484498,0.325774,-0.114811,0.529882,0.437875,-0.054166,0.532044,0.514465,-0.086527,0.529194,0.559512,-0.100738,0.523821,0.610838,-0.105233
G,0.497704,0.217326,0,0.432302,0.221485,-0.060215,0.386554,0.273328,-0.09356,0.383558,0.339463,-0.120487,0.40194,0.379987,-0.139706,0.390332,0.414565,-0.063329,0.390703,0.459192,-0.118589,0.411932,0.388621,-0.143152,0.426864,0.333802,-0.149273,0.441626,0.434653,-0.0552,0.442649,0.479932,-0.12193,0.456451,0.383931,-0.140341,0.462469,0.320766,-0.138206,0.492167,0.442298,-0.056544,0.496479,0.480354,-0.119552,0.494511,0.385543,-0.129813,0.490857,0.321284,-0.119828,0.539222,0.437447,-0.062136,0.545172,0.521177,-0.09736,0.543378,0.570413,-0.111897,0.536736,0.628977,-0.116139
G,0.510026,0.226093,0,0.443181,0.221383,-0.062802,0.398359,0.263795,-0.097721,0.399358,0.323452,-0.126156,0.424597,0.35738,-0.148127,0.390935,0.411131,-0.063451,0.39932,0.454095,-0.118171,0.417029,0.381797,-0.14522,0.430702,0.322783,-0.153775,0.443271,0.430174,-0.05439,0.449539,0.47663,-0.120086,0.461218,0.37814,-0.141997,0.467271,0.314282,-0.143215,0.494932,0.437739,-0.05462,0.505037,0.479824,-0.116027,0.504382,0.385613,-0.128614,0.501801,0.324021,-0.121093,0.543862,0.43392,-0.059235,0.551926,0.512047,-0.092142,0.550614,0.550506,-0.10519,0.545805,0.597997,-0.108862
G,0.500025,0.236615,0,0.435149,0.231902,-0.059603,0.386836,0.276116,-0.09273,0.382804,0.33623,-0.120615,0.404667,0.371498,-0.142357,0.371466,0.417774,-0.054432,0.380076,0.462631,-0.107895,0.397908,0.397173,-0.136024,0.410974,0.338737,-0.145504,0.424653,0.438435,-0.047909,0.428666,0.488148,-0.112803,0.442757,0.395003,-0.137211,0.449607,0.330429,-0.139754,0.477605,0.44761,-0.050489,0.486589,0.493432,-0.111588,0.489191,0.400639,-0.124456,0.488331,0.33654,-0.116518,0.528655,0.443532,-0.05747,0.531484,0.515691,-0.08865,0.527813,0.548061,-0.098755,0.521222,0.587783,-0.099889
G,0.499291,0.233199,0,0.430894,0.234464,-0.051505,0.381134,0.287593,-0.078659,0.379917,0.356757,-0.101477,0.401751,0.399274,-0.117965,0.374497,0.419834,-0.048119,0.376334,0.466612,-0.099811,0.397704,0.398339,-0.125778,0.412798,0.341877,-0.133749,0.426058,0.44035,-0.043522,0.428515,0.488185,-0.105604,0.444789,0.393357,-0.126207,0.451121,0.330289,-0.126619,0.478073,0.448952,-0.047734,0.485695,0.495319,-0.106311,0.488334,0.403745,-0.117107,0.486137,0.340359,-0.108548,0.5281,0.444949,-0.055731,0.532393,0.520464,-0.08713,0.530128,0.557473,-0.098186,0.52412,0.601321,-0.10013
G,0.49418,0.218204,0,0.423753,0.225213,-0.049874,0.373926,0.285392,-0.074916,0.368179,0.356832,-0.09562,0.387661,0.403722,-0.109473,0.380638,0.418363,-0.04469,0.37408,0.462959,-0.094582,0.394066,0.39398,-0.117509,0.408689,0.339066,-0.123094,0.428794,0.438073,-0.03974,0.423022,0.483232,-0.100102,0.438798,0.387791,-0.117144,0.4462,0.323836,-0.114576,0.478157,0.446765,-0.044089,0.476046,0.487414,-0.103443,0.478605,0.391705,-0.113722,0.478839,0.326074,-0.103852,0.525019,0.442657,-0.051792,0.52828,0.526706,-0.085762,0.527043,0.573158,-0.099663,0.521959,0.626158,-0.103096
G,0.498509,0.22621,0,0.426381,0.224765,-0.054266,0.375046,0.266702,-0.08609,0.365085,0.328779,-0.112361,0.382931,0.366056,-0.132108,0.370164,0.416025,-0.054962,0.371611,0.460334,-0.106099,0.391071,0.395178,-0.131315,0.408122,0.338831,-0.13969,0.417771,0.435647,-0.049709,0.416425,0.481421,-0.111204,0.432592,0.38791,-0.131021,0.442414,0.32493,-0.132102,0.468236,0.445132,-0.05334,0.470306,0.486098,-0.113495,0.469874,0.39008,-0.126479,0.469838,0.322247,-0.12057,0.519157,0.442109,-0.060466,0.526338,0.524581,-0.096773,0.523581,0.572742,-0.112773,0.515321,0.629042,-0.119053
G,0.487551,0.227208,0,0.421138,0.234696,-0.047534,0.373649,0.28841,-0.072755,0.363985,0.354115,-0.09399,0.375144,0.403008,-0.108413,0.383189,0.423507,-0.048461,0.37152,0.47142,-0.097877,0.391158,0.39915,-0.119791,0.408577,0.346414,-0.124944,0.430257,0.443827,-0.044273,0.419029,0.492936,-0.104596,0.433175,0.39325,-0.120804,0.441638,0.331701,-0.118009,0.478329,0.45244,-0.04856,0.474022,0.495451,-0.107811,0.47332,0.397042,-0.116611,0.472792,0.333425,-0.106356,0.52482,0.449871,-0.055851,0.529438,0.535512,-0.092093,0.5266,0.58387,-0.107229,0.520365,0.641498,-0.111673
G,0.483132,0.228409,0,0.406989,0.232547,-0.048385,0.344997,0.280495,-0.074597,0.310117,0.331045,-0.097798,0.300063,0.356163,-0.113995,0.37572,0.424092,-0.048318,0.363962,0.476388,-0.098575,0.384264,0.402915,-0.11972,0.401687,0.34716,-0.12464,0.423078,0.443895,-0.045921,0.41225,0.497042,-0.109072,0.427298,0.397883,-0.126266,0.438219,0.331673,-0.124125,0.47225,0.452178,-0.052182,0.466529,0.499306,-0.114649,0.465092,0.400148,-0.122514,0.465324,0.332487,-0.111362,0.519926,0.449272,-0.061769,0.524512,0.534307,-0.098637,0.520384,0.583499,-0.111973,0.513455,0.639858,-0.115497
G,0.497505,0.245397,0,0.421118,0.227438,-0.057319,0.362545,0.267511,-0.090636,0.337968,0.326474,-0.118359,0.342533,0.364261,-0.141805,0.354536,0.400784,-0.062402,0.352583,0.452027,-0.116,0.372729,0.398027,-0.145324,0.389994,0.342865,-0.157932,0.404579,0.430622,-0.058213,0.398103,0.47917,-0.124881,0.420318,0.382812,-0.14985,0.435068,0.307557,-0.15417,0.457405,0.445446,-0.06233,0.452557,0.496343,-0.12785,0.460445,0.39871,-0.140978,0.465174,0.324397,-0.134324,0.509594,0.445108,-0.070216,0.509344,0.517977,-0.110658,0.503597,0.542968,-0.124,0.493868,0.571165,-0.127256
G,0.484081,0.237971,0,0.419586,0.228173,-0.060783,0.372418,0.265349,-0.096904,0.365084,0.327602,-0.127552,0.388014,0.372216,-0.15275,0.353015,0.411373,-0.06241,0.353967,0.461742,-0.118287,0.375624,0.397652,-0.148455,0.391615,0.338351,-0.159811,0.401778,0.435498,-0.056381,0.400052,0.484502,-0.123788,0.418568,0.389471,-0.148418,0.428497,0.322091,-0.151435,0.453577,0.447647,-0.059695,0.456152,0.495656,-0.123994,0.459403,0.400128,-0.139478,0.459292,0.331112,-0.133522,0.503945,0.445404,-0.067084,0.508625,0.527594,-0.103417,0.505293,0.569264,-0.118678,0.498088,0.615378,-0.123693
H,0.456147,0.227853,0.000001,0.522564,0.212575,-0.043467,0.577065,0.237792,-0.07114,0.580486,0.310668,-0.097087,0.564359,0.377626,-0.121778,0.60198,0.370196,-0.057522,0.626394,0.455703,-0.097772,0.628495,0.510163,-0.126196,0.629039,0.567714,-0.146254,0.558554,0.403748,-0.060431,0.574199,0.486097,-0.107264,0.573455,0.554852,-0.135974,0.572097,0.622343,-0.153669,0.510423,0.410635,-0.066722,0.510678,0.420199,-0.117181,0.515598,0.335336,-0.127962,0.520167,0.277683,-0.126944,0.465184,0.39657,-0.076755,0.46419,0.382651,-0.11621,0.479457,0.318012,-0.122034,0.493541,0.269438,-0.120465
H,0.448945,0.258758,0.000001,0.525836,0.217095,-0.04873,0.582496,0.232073,-0.080408,0.589382,0.30225,-0.10847,0.581199,0.370782,-0.135407,0.618077,0.373742,-0.070987,0.646115,0.4684,-0.116605,0.648152,0.53115,-0.152377,0.648937,0.5941,-0.177985,0.577508,0.4123,-0.072105,0.587797,0.498352,-0.124656,0.589453,0.571682,-0.159826,0.593571,0.643166,-0.182913,0.53316,0.421004,-0.075928,0.526717,0.425523,-0.123877,0.525942,0.340688,-0.13603,0.532427,0.280937,-0.139067,0.494441,0.401399,-0.084504,0.48229,0.387239,-0.121029,0.491775,0.321983,-0.126748,0.508293,0.271718,-0.126489
H,0.458825,0.234247,0.000001,0.529133,0.218261,-0.04136,0.581007,0.248135,-0.068197,0.589492,0.322436,-0.094233,0.58373,0.390877,-0.118672,0.615367,0.380958,-0.050411,0.640258,0.470437,-0.090037,0.645291,0.528843,-0.119338,0.64891,0.590896,-0.140523,0.571667,0.417762,-0.055527,0.586204,0.503832,-0.101701,0.590615,0.574064,-0.131823,0.594255,0.642796,-0.151235,0.523088,0.425438,-0.064319,0.52377,0.44798,-0.114779,0.528958,0.354293,-0.123768,0.534475,0.285596,-0.121645,0.47773,0.409127,-0.077015,0.477577,0.396474,-0.11779,0.49229,0.328111,-0.12307,0.506654,0.273161,-0.120646
H,0.436612,0.262509,0.000001,0.513954,0.228461,-0.043894,0.573445,0.246314,-0.071594,0.588438,0.320338,-0.097741,0.583309,0.395121,-0.122118,0.611356,0.383303,-0.050564,0.63991,0.471061,-0.091324,0.643729,0.530943,-0.12345,0.647212,0.59298,-0.146992,0.567784,0.421289,-0.054237,0.580477,0.510151,-0.10086,0.580541,0.579877,-0.131297,0.583268,0.647075,-0.151352,0.520089,0.430055,-0.062217,0.520473,0.445751,-0.11205,0.523491,0.358016,-0.1236,0.528575,0.295483,-0.124347,0.476612,0.412521,-0.074265,0.475676,0.400234,-0.112777,0.487508,0.334203,-0.118357,0.500469,0.282908,-0.117304
H,0.476621,0.24086,0.000001,0.538533,0.237274,-0.042894,0.584429,0.279475,-0.070767,0.586141,0.354803,-0.096999,0.575433,0.419163,-0.121457,0.604271,0.403945,-0.054148,0.625003,0.491022,-0.096608,0.62889,0.551531,-0.125325,0.628788,0.614543,-0.144769,0.560782,0.435214,-0.058347,0.579671,0.529332,-0.107642,0.579654,0.600169,-0.136498,0.578622,0.670254,-0.152862,0.512386,0.439261,-0.066145,0.515509,0.472441,-0.123915,0.517606,0.377709,-0.127102,0.522059,0.313097,-0.116518,0.463974,0.424365,-0.077471,0.471224,0.432169,-0.122676,0.483318,0.364809,-0.122498,0.496855,0.312016,-0.113536
H,0.470661,0.258014,0.000001,0.535052,0.254203,-0.041285,0.583598,0.295512,-0.068563,0.582908,0.374522,-0.094596,0.56741,0.44279,-0.118963,0.598947,0.424398,-0.049168,0.61875,0.516324,-0.088385,0.621544,0.57613,-0.114908,0.622335,0.63916,-0.133131,0.55772,0.456419,-0.053426,0.576423,0.556097,-0.096664,0.57583,0.627388,-0.121507,0.57523,0.698366,-0.136123,0.510542,0.458899,-0.061732,0.51392,0.492621,-0.1151,0.520546,0.400126,-0.120164,0.526897,0.336173,-0.112679,0.46252,0.439557,-0.07357,0.468957,0.445312,-0.117524,0.484569,0.37584,-0.120274,0.500064,0.321345,-0.114621
H,0.441238,0.282561,0.000001,0.513418,0.260649,-0.039466,0.571478,0.287671,-0.065688,0.578193,0.362245,-0.091153,0.561999,0.43254,-0.11487,0.593311,0.414681,-0.048923,0.614933,0.511633,-0.086019,0.61693,0.570751,-0.111552,0.617536,0.630084,-0.129083,0.551599,0.446197,-0.052846,0.569401,0.548636,-0.095106,0.571593,0.621843,-0.120041,0.574105,0.691452,-0.13509,0.506725,0.451629,-0.060338,0.511231,0.482467,-0.10937,0.513804,0.396097,-0.115927,0.516591,0.334945,-0.110716,0.463425,0.436988,-0.071254,0.469423,0.438827,-0.109888,0.482836,0.374195,-0.112676,0.494771,0.320716,-0.108082
H,0.458026,0.267395,0.000001,0.52486,0.254324,-0.03616,0.575351,0.28667,-0.060665,0.579321,0.361936,-0.084568,0.564333,0.427953,-0.106991,0.59804,0.410629,-0.044966,0.618244,0.501679,-0.080168,0.621577,0.560282,-0.104682,0.623024,0.619067,-0.121962,0.556445,0.442132,-0.049934,0.573397,0.536469,-0.09079,0.573112,0.607472,-0.115719,0.572873,0.674234,-0.130628,0.511071,0.447085,-0.058119,0.513904,0.47594,-0.10546,0.517394,0.394492,-0.112185,0.522017,0.335204,-0.107332,0.467129,0.432893,-0.06943,0.470793,0.433609,-0.107697,0.484209,0.373935,-0.111375,0.497616,0.324394,-0.107234
H,0.449894,0.277132,0.000001,0.519256,0.255719,-0.039052,0.575133,0.28428,-0.064897,0.581041,0.361245,-0.089826,0.567209,0.430521,-0.113396,0.59684,0.412326,-0.052441,0.622506,0.502381,-0.089021,0.625735,0.55971,-0.114092,0.628336,0.618182,-0.132228,0.55523,0.447948,-0.057043,0.575995,0.539177,-0.099598,0.576978,0.607266,-0.125184,0.578072,0.672962,-0.141172,0.507158,0.454909,-0.064627,0.516355,0.479303,-0.113393,0.51967,0.386551,-0.119665,0.522103,0.322679,-0.11528,0.459959,0.439536,-0.075573,0.470182,0.434509,-0.11576,0.488012,0.365609,-0.120125,0.501981,0.312423,-0.116974
H,0.458881,0.269579,0.000001,0.526046,0.252923,-0.036573,0.578568,0.284387,-0.060807,0.580763,0.359925,-0.084312,0.565379,0.425355,-0.106622,0.599818,0.408169,-0.047106,0.622444,0.496686,-0.081892,0.626324,0.552579,-0.106136,0.628174,0.609429,-0.123424,0.557897,0.441198,-0.051557,0.57505,0.533136,-0.092356,0.575164,0.601083,-0.11717,0.575221,0.666375,-0.132432,0.512425,0.447378,-0.059062,0.516092,0.475575,-0.106219,0.519434,0.390847,-0.113327,0.52347,0.331096,-0.109357,0.468739,0.433709,-0.069648,0.473979,0.433049,-0.108144,0.488943,0.370729,-0.112509,0.502834,0.320776,-0.109314
H,0.462818,0.269471,0.000001,0.528872,0.256982,-0.037417,0.578193,0.292534,-0.061355,0.581014,0.366446,-0.084216,0.566768,0.427696,-0.106244,0.598372,0.413591,-0.05095,0.620695,0.500297,-0.087327,0.625125,0.557503,-0.113045,0.627794,0.615395,-0.131656,0.556407,0.445127,-0.056259,0.574606,0.535659,-0.099175,0.577628,0.603794,-0.127055,0.579378,0.668505,-0.144653,0.508798,0.448508,-0.064159,0.512592,0.478748,-0.113895,0.521192,0.38921,-0.123204,0.528501,0.32526,-0.120626,0.464064,0.429204,-0.074984,0.469209,0.428338,-0.116449,0.487134,0.364726,-0.122327,0.501867,0.314505,-0.120024
H,0.477048,0.269705,0.000001,0.536391,0.256429,-0.03517,0.58568,0.290941,-0.058151,0.587871,0.365596,-0.080246,0.573488,0.427668,-0.101709,0.604565,0.412266,-0.049595,0.629533,0.495368,-0.084139,0.636488,0.551535,-0.107722,0.641124,0.609325,-0.12435,0.565645,0.447164,-0.054439,0.585316,0.536322,-0.093714,0.589278,0.602677,-0.118653,0.591414,0.66627,-0.133952,0.520967,0.452881,-0.061635,0.524489,0.475015,-0.107239,0.530386,0.390329,-0.11518,0.535466,0.331277,-0.111921,0.477377,0.437365,-0.07171,0.482905,0.434745,-0.109674,0.498342,0.373142,-0.114602,0.511449,0.324322,-0.111823
H,0.42206,0.301808,0.000001,0.500616,0.268803,-0.035223,0.564666,0.291363,-0.056692,0.585419,0.368132,-0.078393,0.579217,0.440749,-0.098161,0.595974,0.41146,-0.035223,0.628403,0.505659,-0.067049,0.634635,0.563832,-0.08915,0.639423,0.621415,-0.104807,0.555328,0.443824,-0.039432,0.578598,0.540451,-0.077819,0.584866,0.610346,-0.10104,0.590429,0.675308,-0.115472,0.51055,0.452321,-0.047785,0.522121,0.486107,-0.094406,0.52576,0.399095,-0.102766,0.528203,0.335748,-0.099468,0.466615,0.443577,-0.059182,0.480825,0.444489,-0.097138,0.494594,0.37836,-0.102418,0.507139,0.323223,-0.100042
H,0.454244,0.268855,0.000001,0.520612,0.258241,-0.040898,0.577019,0.291619,-0.065884,0.586391,0.369538,-0.089875,0.575914,0.439468,-0.111698,0.601019,0.420309,-0.042746,0.626893,0.502669,-0.079643,0.633023,0.557067,-0.103434,0.634286,0.615797,-0.119045,0.557954,0.455905,-0.044531,0.58299,0.542481,-0.087331,0.586126,0.604613,-0.111399,0.585519,0.669773,-0.124461,0.51007,0.465495,-0.050676,0.518531,0.482797,-0.102491,0.524387,0.391797,-0.106361,0.527224,0.331511,-0.096853,0.460706,0.45545,-0.060303,0.47775,0.453327,-0.098993,0.493096,0.38542,-0.099343,0.505674,0.333058,-0.091731
H,0.461402,0.267435,0.000001,0.52823,0.252204,-0.034342,0.580234,0.281677,-0.058069,0.58618,0.352135,-0.082082,0.57506,0.416194,-0.104946,0.604246,0.407877,-0.043102,0.632102,0.49163,-0.078426,0.639562,0.546537,-0.103216,0.64381,0.602823,-0.120512,0.563482,0.440286,-0.04931,0.588129,0.526777,-0.090973,0.594427,0.593621,-0.117085,0.598533,0.658133,-0.132792,0.518127,0.446335,-0.058638,0.52484,0.471031,-0.106703,0.526679,0.386694,-0.114618,0.52893,0.325866,-0.110495,0.474736,0.432186,-0.070886,0.482042,0.428053,-0.109319,0.496339,0.36541,-0.113544,0.50951,0.313501,-0.109932
H,0.421682,0.293396,0.000001,0.500518,0.255363,-0.034967,0.566359,0.272931,-0.057353,0.588103,0.347376,-0.080401,0.581451,0.420469,-0.101942,0.596298,0.396846,-0.038106,0.63214,0.487904,-0.071937,0.640447,0.544508,-0.09551,0.646509,0.600263,-0.111878,0.554913,0.431911,-0.043312,0.58676,0.525958,-0.084207,0.596937,0.594151,-0.109725,0.605476,0.660034,-0.124982,0.508295,0.442924,-0.052205,0.526934,0.467351,-0.100424,0.530193,0.37764,-0.110316,0.531136,0.314941,-0.107393,0.462879,0.434114,-0.063892,0.482617,0.428756,-0.101418,0.498979,0.361994,-0.106441,0.511892,0.308399,-0.103655
H,0.418612,0.292005,0.000001,0.498288,0.253833,-0.032468,0.562722,0.271143,-0.053944,0.583056,0.34158,-0.076353,0.576027,0.411815,-0.097319,0.591839,0.392368,-0.037479,0.626597,0.483954,-0.069517,0.63437,0.538159,-0.091261,0.639797,0.592565,-0.106285,0.549425,0.427025,-0.043489,0.582302,0.519115,-0.0826,0.590914,0.58753,-0.105998,0.59801,0.653104,-0.12002,0.502916,0.43826,-0.052817,0.521286,0.463402,-0.099959,0.523267,0.374596,-0.108242,0.523326,0.310436,-0.104297,0.458742,0.428967,-0.064733,0.478142,0.426267,-0.101465,0.492596,0.35851,-0.104958,0.503444,0.301716,-0.10112
H,0.441704,0.282949,0.000001,0.516706,0.257648,-0.034226,0.575382,0.281749,-0.056786,0.586564,0.354741,-0.079902,0.575905,0.423901,-0.101684,0.599232,0.404041,-0.041454,0.630768,0.492642,-0.075327,0.63734,0.547632,-0.098721,0.641753,0.60221,-0.115194,0.558146,0.438557,-0.047385,0.584254,0.525969,-0.087935,0.592809,0.593036,-0.113565,0.599192,0.657221,-0.129425,0.511497,0.44699,-0.056574,0.523714,0.46839,-0.103196,0.527364,0.381909,-0.113024,0.528491,0.319872,-0.111091,0.466659,0.434562,-0.068676,0.478559,0.426175,-0.105774,0.496332,0.363069,-0.111669,0.510338,0.311882,-0.109975
H,0.45511,0.288156,0.000001,0.523348,0.267205,-0.034726,0.578143,0.293725,-0.058054,0.590323,0.364736,-0.081671,0.58422,0.430391,-0.103802,0.605912,0.417964,-0.041297,0.63542,0.503302,-0.074801,0.643061,0.558561,-0.09784,0.647871,0.614738,-0.113888,0.565752,0.448391,-0.046678,0.590146,0.537774,-0.085986,0.597417,0.603746,-0.109962,0.602719,0.668451,-0.124692,0.520406,0.453427,-0.055518,0.530173,0.481272,-0.10159,0.534206,0.396939,-0.108638,0.536626,0.33792,-0.104585,0.475596,0.43952,-0.067373,0.487702,0.440929,-0.104404,0.502626,0.378978,-0.10846,0.515248,0.327621,-0.10528
H,0.451805,0.284093,0.000001,0.524534,0.264642,-0.035421,0.578545,0.293847,-0.059272,0.587691,0.365564,-0.083582,0.579262,0.430758,-0.106391,0.600499,0.416543,-0.041695,0.628648,0.502818,-0.076602,0.634265,0.558645,-0.101088,0.637885,0.61587,-0.118427,0.560022,0.447877,-0.047085,0.583807,0.537154,-0.088253,0.588264,0.603131,-0.113033,0.591657,0.667681,-0.128231,0.513819,0.454197,-0.055976,0.526882,0.482736,-0.104029,0.531123,0.393101,-0.109377,0.533185,0.330381,-0.103715,0.468406,0.440269,-0.068103,0.482461,0.440931,-0.10637,0.500469,0.376254,-0.109406,0.514867,0.324222,-0.105197
H,0.450935,0.276935,0.000001,0.523931,0.260066,-0.032557,0.577956,0.288828,-0.053849,0.587932,0.363577,-0.075944,0.576341,0.433987,-0.096372,0.599062,0.414348,-0.037376,0.625015,0.505268,-0.070475,0.627839,0.561935,-0.093682,0.630346,0.617217,-0.109414,0.558719,0.442074,-0.042553,0.576826,0.535377,-0.080609,0.582241,0.60483,-0.102858,0.58795,0.670747,-0.116419,0.515813,0.443834,-0.051573,0.518804,0.46548,-0.095577,0.522607,0.38444,-0.104956,0.524566,0.327296,-0.102688,0.476735,0.423703,-0.063754,0.479837,0.426724,-0.097671,0.49707,0.367468,-0.103174,0.511076,0.31808,-0.10172
H,0.514118,0.33095,0,0.450297,0.333213,-0.066887,0.426286,0.368716,-0.114112,0.433197,0.401751,-0.153642,0.440303,0.428972,-0.187186,0.458263,0.510826,-0.085145,0.45349,0.500592,-0.134278,0.471547,0.415035,-0.160388,0.485024,0.370911,-0.176175,0.509024,0.516928,-0.079083,0.508345,0.544304,-0.150808,0.510941,0.440048,-0.174192,0.504332,0.372758,-0.176399,0.558633,0.513163,-0.080721,0.569268,0.593324,-0.137366,0.573009,0.647892,-0.160408,0.573759,0.715216,-0.167792,0.604193,0.495665,-0.085917,0.613715,0.565796,-0.11543,0.612778,0.613254,-0.126835,0.612948,0.677486,-0.135136
H,0.491531,0.306426,0,0.53441,0.315778,-0.051619,0.575672,0.35659,-0.080873,0.577591,0.417116,-0.106982,0.562478,0.479609,-0.130338,0.590584,0.468043,-0.054317,0.611932,0.552085,-0.090334,0.620313,0.601518,-0.109244,0.621624,0.654468,-0.120223,0.547859,0.494665,-0.0488,0.568516,0.590406,-0.089615,0.575652,0.648283,-0.107654,0.577384,0.704318,-0.115167,0.501573,0.49723,-0.048647,0.501816,0.513885,-0.107618,0.511928,0.423218,-0.114875,0.519537,0.361797,-0.104166,0.455654,0.481576,-0.05172,0.461253,0.479482,-0.098421,0.478811,0.408273,-0.102831,0.492287,0.355261,-0.095739
H,0.492493,0.299959,0,0.5379,0.307539,-0.054231,0.577903,0.347451,-0.08401,0.577165,0.408928,-0.109826,0.563293,0.474081,-0.132414,0.593758,0.465438,-0.056234,0.611262,0.550087,-0.091933,0.617929,0.597534,-0.109743,0.617522,0.648968,-0.119833,0.547337,0.494981,-0.049537,0.567174,0.588446,-0.089429,0.572276,0.643007,-0.105826,0.571515,0.698994,-0.112136,0.499859,0.496964,-0.048525,0.497654,0.50755,-0.108021,0.506375,0.414436,-0.114165,0.514056,0.35347,-0.10259,0.452846,0.47841,-0.051034,0.456584,0.466533,-0.098532,0.475002,0.394841,-0.10319,0.491001,0.34492,-0.096228
H,0.525966,0.331037,-0.000001,0.472074,0.324685,-0.050786,0.452826,0.350821,-0.086633,0.476322,0.39381,-0.116706,0.49967,0.436387,-0.143546,0.476458,0.475135,-0.074801,0.4612,0.475317,-0.115338,0.478124,0.400076,-0.139014,0.495578,0.360691,-0.154462,0.51481,0.49359,-0.069947,0.504335,0.526294,-0.118872,0.513769,0.455053,-0.139485,0.518865,0.417251,-0.149042,0.552104,0.501231,-0.070283,0.554082,0.570991,-0.115449,0.557719,0.593315,-0.13559,0.564595,0.625852,-0.145527,0.589704,0.496422,-0.072758,0.603479,0.566453,-0.106745,0.60859,0.601659,-0.123723,0.612149,0.652521,-0.135817
H,0.489576,0.287588,0,0.537718,0.295531,-0.047561,0.579648,0.337337,-0.075979,0.57873,0.405383,-0.102101,0.562404,0.470072,-0.125396,0.592661,0.4523,-0.048203,0.612817,0.541728,-0.085601,0.620047,0.592099,-0.106083,0.62057,0.64636,-0.118028,0.547125,0.479233,-0.045567,0.566321,0.57556,-0.08642,0.572353,0.631082,-0.105062,0.573598,0.688928,-0.113037,0.501357,0.480151,-0.048244,0.502379,0.512543,-0.105426,0.510135,0.422692,-0.109979,0.5159,0.362983,-0.098067,0.455686,0.462123,-0.05421,0.460467,0.469828,-0.09924,0.478067,0.403074,-0.101891,0.493633,0.354719,-0.093924
H,0.529406,0.337707,0,0.476492,0.321859,-0.057078,0.454076,0.337954,-0.098416,0.465421,0.36846,-0.133016,0.476543,0.404693,-0.163623,0.474073,0.474098,-0.081272,0.463273,0.463183,-0.124173,0.479233,0.387169,-0.148951,0.493375,0.349996,-0.165077,0.517378,0.491276,-0.07593,0.510157,0.528087,-0.133167,0.515626,0.448159,-0.154745,0.513351,0.403241,-0.160854,0.560752,0.499015,-0.076155,0.568658,0.572617,-0.124312,0.573691,0.615412,-0.145773,0.576677,0.669871,-0.155084,0.60336,0.491547,-0.078885,0.618107,0.553349,-0.107905,0.621917,0.591661,-0.120459,0.622298,0.648775,-0.129947
H,0.494959,0.305106,0,0.533206,0.316983,-0.052888,0.572351,0.359767,-0.081653,0.575495,0.417751,-0.106689,0.559967,0.479072,-0.129478,0.588918,0.466094,-0.057096,0.613648,0.545142,-0.091357,0.62366,0.590612,-0.108786,0.625648,0.640651,-0.118877,0.546641,0.490112,-0.049761,0.568058,0.58164,-0.087711,0.57545,0.629401,-0.10199,0.57818,0.676272,-0.107007,0.500755,0.490637,-0.04816,0.49715,0.504139,-0.107971,0.505807,0.410982,-0.117531,0.513616,0.350164,-0.108175,0.454346,0.474086,-0.049431,0.456215,0.466707,-0.099126,0.474896,0.394519,-0.107067,0.49004,0.343052,-0.102337
H,0.522,0.662396,0,0.583492,0.674969,-0.029601,0.629544,0.626592,-0.049621,0.634627,0.547504,-0.069713,0.636816,0.479137,-0.089282,0.662656,0.524043,-0.029575,0.675163,0.428968,-0.060295,0.677791,0.373979,-0.082605,0.681656,0.323956,-0.096948,0.62488,0.49703,-0.035055,0.631923,0.397326,-0.071372,0.635871,0.331856,-0.092655,0.643091,0.26744,-0.103579,0.583597,0.491954,-0.043837,0.581487,0.44694,-0.089902,0.5683,0.518216,-0.096479,0.565046,0.570282,-0.090547,0.542522,0.501211,-0.054383,0.544055,0.466713,-0.088966,0.538998,0.520737,-0.087722,0.541324,0.568492,-0.080221
H,0.521374,0.657927,0,0.582912,0.673427,-0.027816,0.632383,0.62758,-0.045426,0.638818,0.54992,-0.063154,0.638316,0.483812,-0.080781,0.665085,0.522307,-0.028153,0.675951,0.431705,-0.056595,0.679468,0.376676,-0.076722,0.684835,0.325583,-0.089825,0.627031,0.493594,-0.034563,0.633103,0.399132,-0.06993,0.636667,0.333205,-0.090656,0.643014,0.268501,-0.100733,0.585514,0.487669,-0.043851,0.580452,0.449562,-0.090819,0.564624,0.521439,-0.098472,0.560253,0.574023,-0.092436,0.544036,0.495967,-0.054467,0.544752,0.465958,-0.089579,0.538864,0.521255,-0.088469,0.541269,0.569968,-0.080562
H,0.522159,0.665865,0,0.579373,0.673507,-0.025323,0.624494,0.624389,-0.041655,0.627177,0.547816,-0.058739,0.625893,0.482934,-0.075407,0.654992,0.522647,-0.024827,0.667706,0.433577,-0.054071,0.673235,0.377281,-0.074715,0.678227,0.328689,-0.088045,0.617758,0.494901,-0.032349,0.627804,0.400769,-0.066028,0.636637,0.334469,-0.086004,0.645048,0.270883,-0.096529,0.576809,0.490802,-0.043139,0.575009,0.447027,-0.087762,0.564437,0.51707,-0.094621,0.561419,0.570177,-0.0888,0.534061,0.501016,-0.05544,0.538441,0.466046,-0.088776,0.535005,0.518321,-0.088105,0.536994,0.565108,-0.081081
H,0.515415,0.660297,0,0.575007,0.67477,-0.026945,0.623503,0.629961,-0.045114,0.629813,0.552455,-0.063857,0.632206,0.486496,-0.082796,0.658083,0.531529,-0.027402,0.670333,0.438381,-0.058879,0.673235,0.383095,-0.08186,0.67598,0.332757,-0.096136,0.621809,0.502711,-0.033962,0.629276,0.401241,-0.069619,0.634347,0.334123,-0.090707,0.64127,0.268897,-0.1013,0.580454,0.495818,-0.043738,0.577229,0.451365,-0.089428,0.562552,0.521102,-0.096033,0.557803,0.572524,-0.089814,0.538292,0.503006,-0.054946,0.540409,0.467442,-0.088658,0.535541,0.520924,-0.086701,0.537914,0.568053,-0.078472
H,0.525815,0.655198,0,0.585993,0.662465,-0.027037,0.630505,0.611997,-0.043713,0.636445,0.536455,-0.061064,0.637118,0.470323,-0.078201,0.659361,0.510155,-0.024578,0.673033,0.419956,-0.055524,0.677567,0.365037,-0.078151,0.681648,0.316233,-0.092344,0.622164,0.484205,-0.030673,0.631432,0.387,-0.066197,0.63871,0.32201,-0.087473,0.647158,0.259786,-0.098367,0.581466,0.480408,-0.040414,0.579045,0.433465,-0.086893,0.568834,0.502338,-0.095031,0.56735,0.555659,-0.089402,0.54072,0.491444,-0.051738,0.543745,0.453427,-0.086887,0.540755,0.504922,-0.087299,0.543569,0.553081,-0.080507
H,0.536417,0.663977,0,0.5914,0.668681,-0.026562,0.63291,0.613862,-0.039158,0.636527,0.540398,-0.052051,0.640696,0.479733,-0.064277,0.661069,0.517297,-0.01662,0.673932,0.432298,-0.041234,0.681365,0.376324,-0.058953,0.688513,0.328874,-0.070617,0.625669,0.492719,-0.02242,0.638651,0.397045,-0.0522,0.648359,0.332624,-0.07102,0.65639,0.272752,-0.080431,0.586374,0.489515,-0.032114,0.58668,0.443035,-0.077902,0.574861,0.513815,-0.08527,0.56886,0.566036,-0.07805,0.544282,0.500073,-0.043273,0.550319,0.460592,-0.080813,0.54565,0.513989,-0.081579,0.544341,0.559207,-0.073969
H,0.533728,0.670645,0,0.5893,0.677178,-0.02834,0.629776,0.623869,-0.044417,0.632049,0.551325,-0.060245,0.635554,0.489347,-0.075748,0.65796,0.533566,-0.02372,0.672358,0.441362,-0.050131,0.678578,0.385281,-0.068977,0.684037,0.337354,-0.080905,0.623086,0.509901,-0.028641,0.635854,0.41192,-0.06046,0.645493,0.346251,-0.079921,0.652554,0.284002,-0.089447,0.584968,0.506255,-0.037083,0.585121,0.458031,-0.081784,0.571146,0.529358,-0.088092,0.564842,0.580315,-0.080733,0.544911,0.516659,-0.04711,0.550213,0.473377,-0.082197,0.544457,0.525536,-0.080843,0.543208,0.570266,-0.072335
H,0.532757,0.670512,0,0.588885,0.692186,-0.027254,0.63388,0.644285,-0.040632,0.633925,0.564979,-0.054369,0.632722,0.502113,-0.06883,0.664698,0.541092,-0.01133,0.672519,0.454506,-0.033958,0.679838,0.396116,-0.052308,0.686233,0.347798,-0.064282,0.630878,0.510634,-0.01602,0.639131,0.423461,-0.04218,0.649795,0.364183,-0.061615,0.658853,0.306309,-0.070748,0.59375,0.5033,-0.024678,0.590725,0.464065,-0.067106,0.571565,0.535063,-0.075482,0.565949,0.583569,-0.068944,0.553394,0.510441,-0.03477,0.560675,0.480234,-0.069887,0.551851,0.53447,-0.068764,0.552169,0.577599,-0.059399
H,0.535701,0.66905,0,0.589509,0.683409,-0.026281,0.631615,0.629285,-0.038989,0.630665,0.555228,-0.051871,0.631035,0.495718,-0.065148,0.656884,0.537354,-0.014201,0.671367,0.45183,-0.03639,0.681426,0.395417,-0.053151,0.68966,0.348978,-0.064299,0.623914,0.510413,-0.019425,0.634932,0.419259,-0.045936,0.644282,0.35864,-0.064212,0.650526,0.301831,-0.072722,0.586619,0.504877,-0.028379,0.587154,0.463672,-0.070082,0.570498,0.535967,-0.076765,0.564763,0.585043,-0.069593,0.546556,0.514726,-0.038696,0.554512,0.480622,-0.073356,0.548496,0.535026,-0.071901,0.549577,0.578035,-0.062826
H,0.5415,0.669315,0,0.595746,0.677169,-0.025121,0.63781,0.622525,-0.036105,0.63744,0.55353,-0.047871,0.635026,0.493892,-0.059723,0.66008,0.523002,-0.010684,0.672295,0.440046,-0.033173,0.681146,0.382556,-0.050247,0.688665,0.333865,-0.061558,0.626136,0.497359,-0.01706,0.638701,0.408453,-0.045408,0.648704,0.344718,-0.065062,0.654837,0.285074,-0.074305,0.588375,0.493194,-0.02728,0.589427,0.452376,-0.071893,0.576809,0.525032,-0.080351,0.571674,0.575686,-0.073365,0.547681,0.504895,-0.038843,0.553998,0.473713,-0.075786,0.549386,0.528628,-0.076434,0.5495,0.572247,-0.068333
H,0.535052,0.659072,0,0.589854,0.665269,-0.025895,0.631664,0.611849,-0.038493,0.632803,0.541719,-0.05122,0.630124,0.480812,-0.06421,0.653299,0.517726,-0.018474,0.667635,0.429561,-0.042576,0.675794,0.373757,-0.060266,0.683302,0.325468,-0.072025,0.619683,0.496256,-0.023431,0.631577,0.40182,-0.05298,0.64059,0.337169,-0.072054,0.646859,0.275717,-0.081749,0.58185,0.494983,-0.031794,0.582801,0.446644,-0.075668,0.570747,0.516976,-0.08294,0.565762,0.568511,-0.076219,0.541999,0.506518,-0.041489,0.545969,0.465642,-0.077117,0.54261,0.516529,-0.077736,0.544168,0.560997,-0.070565
H,0.531072,0.661193,0,0.585798,0.66364,-0.026223,0.62608,0.608544,-0.039214,0.624636,0.538533,-0.05234,0.61835,0.478096,-0.065014,0.649862,0.513496,-0.018877,0.660385,0.427127,-0.043224,0.667743,0.370288,-0.060544,0.674864,0.321185,-0.072101,0.614611,0.489604,-0.024576,0.625127,0.396097,-0.054348,0.634165,0.333823,-0.072589,0.640506,0.275559,-0.081635,0.576586,0.487661,-0.033823,0.575525,0.442767,-0.077368,0.56521,0.514031,-0.084361,0.561468,0.565895,-0.077605,0.536266,0.500176,-0.044693,0.538051,0.467907,-0.07906,0.536513,0.518608,-0.07991,0.539508,0.560927,-0.073322
H,0.528667,0.65654,0,0.581147,0.661427,-0.030649,0.621954,0.610051,-0.044142,0.61998,0.538478,-0.056571,0.613695,0.478156,-0.068523,0.644017,0.512094,-0.021787,0.656549,0.425606,-0.046399,0.663944,0.367701,-0.063887,0.671347,0.317373,-0.075227,0.61068,0.487613,-0.024372,0.623906,0.3958,-0.054016,0.632353,0.333585,-0.072274,0.638159,0.27692,-0.080796,0.574338,0.484812,-0.030825,0.573228,0.442773,-0.075064,0.562455,0.509143,-0.08261,0.558141,0.557887,-0.07541,0.536085,0.495151,-0.039161,0.537927,0.465666,-0.074798,0.534598,0.514369,-0.076185,0.535891,0.554062,-0.069133
H,0.525719,0.651077,0,0.582739,0.662911,-0.02752,0.627453,0.610371,-0.042912,0.624173,0.530072,-0.058286,0.615703,0.46796,-0.073799,0.653186,0.512662,-0.02146,0.663548,0.424669,-0.048262,0.668681,0.369389,-0.067713,0.673258,0.321486,-0.080328,0.618142,0.486617,-0.027096,0.626393,0.389499,-0.059181,0.634146,0.324428,-0.079249,0.639016,0.262766,-0.088914,0.580281,0.484113,-0.036217,0.578465,0.436809,-0.081305,0.564752,0.509401,-0.088863,0.559116,0.561868,-0.082255,0.540827,0.495752,-0.046797,0.544845,0.461677,-0.082206,0.539152,0.514801,-0.081713,0.539583,0.55852,-0.073799
H,0.529045,0.655929,0,0.585028,0.662968,-0.026214,0.629835,0.609611,-0.039695,0.631092,0.534774,-0.053273,0.625165,0.473689,-0.067007,0.654821,0.518582,-0.020728,0.668322,0.42957,-0.046091,0.674635,0.373892,-0.064708,0.680727,0.324504,-0.077041,0.61993,0.4946,-0.026063,0.63201,0.398854,-0.056708,0.641009,0.333886,-0.07592,0.647655,0.271842,-0.085711,0.581136,0.491483,-0.034702,0.582678,0.442557,-0.078323,0.570284,0.512329,-0.085431,0.564902,0.564378,-0.079038,0.540961,0.500697,-0.044771,0.545622,0.46342,-0.079188,0.542133,0.514672,-0.079461,0.543716,0.558742,-0.072585
H,0.526188,0.65973,0,0.582734,0.663719,-0.02591,0.626645,0.610056,-0.040424,0.628307,0.536058,-0.055154,0.622744,0.472412,-0.069755,0.653131,0.519453,-0.02153,0.665822,0.430231,-0.04782,0.670043,0.37658,-0.066935,0.674358,0.327708,-0.079237,0.618075,0.49604,-0.027209,0.630278,0.399031,-0.057916,0.63914,0.334759,-0.076565,0.64659,0.271982,-0.086169,0.579154,0.493591,-0.03625,0.580267,0.442864,-0.078458,0.567622,0.512673,-0.084466,0.562634,0.563785,-0.077939,0.538729,0.503281,-0.046882,0.543407,0.462633,-0.078942,0.539992,0.512893,-0.078028,0.541844,0.556358,-0.070944
H,0.525124,0.662291,0,0.579833,0.664688,-0.025439,0.619892,0.609244,-0.038702,0.616823,0.538654,-0.052271,0.60998,0.478973,-0.065913,0.64351,0.517463,-0.019209,0.653962,0.428324,-0.044119,0.659854,0.371478,-0.061921,0.664762,0.321503,-0.073586,0.608473,0.49557,-0.02515,0.617413,0.400424,-0.055281,0.624009,0.336207,-0.0734,0.627414,0.275617,-0.082153,0.570315,0.495181,-0.034632,0.56898,0.448398,-0.077992,0.55829,0.519337,-0.085036,0.5551,0.570888,-0.078363,0.530553,0.508855,-0.04559,0.531928,0.473951,-0.079738,0.530457,0.524305,-0.080437,0.534559,0.566919,-0.073846
H,0.520545,0.660393,0,0.576774,0.669442,-0.02517,0.620159,0.616592,-0.038934,0.619614,0.544157,-0.053148,0.615388,0.482221,-0.067672,0.646969,0.523284,-0.01758,0.656619,0.436278,-0.041671,0.661528,0.381981,-0.05955,0.665978,0.334167,-0.071363,0.611907,0.499636,-0.02357,0.619715,0.40238,-0.052213,0.626579,0.340758,-0.070226,0.631698,0.282477,-0.079144,0.573018,0.497541,-0.033071,0.573793,0.450866,-0.075536,0.560955,0.522214,-0.082238,0.555905,0.57385,-0.075764,0.533289,0.50931,-0.043855,0.537043,0.473004,-0.07755,0.533018,0.524078,-0.077087,0.534815,0.56683,-0.06976
H,0.532759,0.658731,0,0.586093,0.671099,-0.026117,0.628321,0.619702,-0.039427,0.625682,0.54674,-0.053211,0.621837,0.486585,-0.067325,0.653698,0.52617,-0.014577,0.664769,0.440027,-0.039302,0.670726,0.383172,-0.057893,0.675437,0.335379,-0.069887,0.619755,0.502033,-0.020219,0.628444,0.409051,-0.050091,0.635528,0.348404,-0.069602,0.639786,0.292265,-0.078603,0.582637,0.498529,-0.02981,0.582658,0.454736,-0.074626,0.56802,0.525863,-0.082706,0.561848,0.576551,-0.075851,0.543932,0.509426,-0.040727,0.548662,0.476215,-0.077295,0.543106,0.529517,-0.077642,0.54329,0.572584,-0.069689
H,0.52928,0.664998,0,0.583613,0.672922,-0.026383,0.625597,0.621115,-0.040839,0.625014,0.548305,-0.055308,0.621104,0.487797,-0.069978,0.653886,0.531007,-0.020783,0.664076,0.443424,-0.045494,0.669866,0.388962,-0.063899,0.675692,0.341869,-0.076126,0.619574,0.507011,-0.026119,0.628305,0.411311,-0.056047,0.636402,0.347386,-0.075179,0.642124,0.286929,-0.08487,0.581098,0.504014,-0.034743,0.580929,0.457775,-0.077825,0.567205,0.529018,-0.084725,0.561324,0.580117,-0.078209,0.541185,0.515225,-0.04475,0.545749,0.476536,-0.078778,0.541449,0.527669,-0.078255,0.542464,0.57081,-0.070744
H,0.528542,0.664718,0,0.582742,0.672013,-0.025124,0.623667,0.618554,-0.038139,0.621584,0.549043,-0.051654,0.61675,0.489306,-0.065296,0.649166,0.525408,-0.016471,0.659984,0.439498,-0.040981,0.66566,0.383229,-0.059083,0.670866,0.334445,-0.070988,0.615015,0.502222,-0.022502,0.624198,0.409095,-0.052192,0.631105,0.347155,-0.070913,0.635593,0.289192,-0.079876,0.577398,0.499993,-0.032175,0.5775,0.456832,-0.075867,0.564351,0.528313,-0.083154,0.559647,0.579754,-0.07638,0.538481,0.51248,-0.043243,0.540735,0.480207,-0.078437,0.536894,0.532199,-0.078997,0.539256,0.575126,-0.071844
H,0.524747,0.662769,0,0.57984,0.673994,-0.029008,0.623187,0.62159,-0.045016,0.619668,0.542405,-0.060589,0.613422,0.480529,-0.076257,0.650217,0.525706,-0.021883,0.6588,0.438538,-0.048076,0.663196,0.384875,-0.067041,0.667801,0.337386,-0.07935,0.616026,0.500088,-0.026547,0.622506,0.404383,-0.058052,0.628561,0.340761,-0.077456,0.633029,0.279149,-0.086569,0.578603,0.49736,-0.034894,0.57481,0.451776,-0.079513,0.560129,0.525749,-0.086884,0.555643,0.577538,-0.08018,0.539949,0.508686,-0.044811,0.542206,0.473784,-0.079558,0.536081,0.527068,-0.078881,0.537791,0.569948,-0.070972
I,0.429011,0.446525,0,0.453039,0.523885,-0.025449,0.494104,0.583302,-0.040936,0.542794,0.59853,-0.056723,0.566358,0.548118,-0.068853,0.574174,0.554468,-0.022965,0.61097,0.571623,-0.056072,0.572853,0.559109,-0.071928,0.542644,0.552053,-0.075547,0.577635,0.502034,-0.026103,0.598993,0.513498,-0.069431,0.537839,0.504641,-0.082848,0.499051,0.499631,-0.081482,0.576991,0.448405,-0.034387,0.595212,0.455141,-0.076759,0.538911,0.462441,-0.085605,0.500205,0.465163,-0.079262,0.572448,0.398371,-0.044164,0.6342,0.38631,-0.064783,0.674372,0.387484,-0.072964,0.71433,0.391621,-0.07504
I,0.43312,0.456967,0,0.458505,0.539792,-0.019922,0.503537,0.6001,-0.032159,0.550904,0.617556,-0.045382,0.570372,0.566304,-0.056058,0.578132,0.572867,-0.017098,0.616298,0.592323,-0.046032,0.588411,0.585961,-0.061597,0.561428,0.578467,-0.066637,0.582591,0.521154,-0.022487,0.605637,0.53464,-0.062607,0.545612,0.525064,-0.076519,0.504987,0.517141,-0.07693,0.583064,0.4674,-0.03227,0.602834,0.474328,-0.072365,0.546508,0.479494,-0.08183,0.507486,0.478916,-0.07722,0.578738,0.415906,-0.04314,0.642902,0.405258,-0.063139,0.684002,0.408836,-0.071422,0.725336,0.414938,-0.074686
I,0.426761,0.460459,0,0.450247,0.540898,-0.023327,0.492638,0.6041,-0.037818,0.540183,0.625227,-0.052047,0.562498,0.573601,-0.062234,0.573063,0.579387,-0.023729,0.605981,0.597839,-0.054804,0.566657,0.582088,-0.068887,0.537896,0.571857,-0.072451,0.577187,0.526031,-0.027799,0.598852,0.538802,-0.068689,0.536316,0.526848,-0.079807,0.499327,0.520305,-0.078183,0.576313,0.470833,-0.036726,0.595196,0.477897,-0.076959,0.537287,0.485269,-0.084634,0.499523,0.486821,-0.079111,0.569673,0.41971,-0.046973,0.630631,0.409356,-0.06845,0.671857,0.412835,-0.07827,0.715435,0.41754,-0.082367
I,0.435944,0.464053,0,0.461149,0.544882,-0.022264,0.503844,0.604967,-0.036499,0.550983,0.622362,-0.050941,0.572201,0.573351,-0.062079,0.580205,0.580247,-0.021465,0.614212,0.597263,-0.052013,0.581037,0.58541,-0.067313,0.552391,0.575285,-0.071846,0.584511,0.527968,-0.025896,0.606965,0.540253,-0.066418,0.545808,0.528546,-0.078827,0.506208,0.520244,-0.078197,0.584099,0.473799,-0.035033,0.604772,0.479639,-0.074966,0.548179,0.4852,-0.083148,0.508916,0.485377,-0.077883,0.578181,0.422731,-0.045479,0.640153,0.413732,-0.066513,0.681828,0.417802,-0.07582,0.724214,0.422723,-0.079592
I,0.439428,0.465202,0,0.464387,0.545864,-0.021856,0.507402,0.607193,-0.03454,0.554289,0.624668,-0.047658,0.576825,0.576964,-0.057145,0.583646,0.583865,-0.015777,0.615238,0.60151,-0.045009,0.586334,0.589194,-0.059395,0.561098,0.578452,-0.063324,0.589487,0.531943,-0.020166,0.609615,0.5425,-0.060656,0.548081,0.529832,-0.0735,0.509605,0.523872,-0.072573,0.590462,0.478112,-0.029564,0.608388,0.482488,-0.069968,0.550522,0.488348,-0.078663,0.511906,0.489859,-0.073159,0.585515,0.426541,-0.04028,0.646379,0.420922,-0.061052,0.686534,0.426367,-0.069921,0.727468,0.432605,-0.073055
I,0.441286,0.465069,0,0.463477,0.545869,-0.024085,0.504951,0.609055,-0.03852,0.55227,0.630267,-0.052632,0.571753,0.578307,-0.062866,0.584044,0.583581,-0.021806,0.614857,0.600282,-0.052533,0.578048,0.585801,-0.067766,0.549256,0.576301,-0.072347,0.589391,0.532141,-0.025138,0.610308,0.544522,-0.065577,0.54844,0.531629,-0.077524,0.509647,0.524191,-0.076473,0.590057,0.478644,-0.033458,0.608768,0.48499,-0.072964,0.551633,0.490191,-0.081112,0.512409,0.490662,-0.07582,0.584782,0.428525,-0.043307,0.644204,0.421468,-0.063834,0.684725,0.426351,-0.073536,0.725952,0.431857,-0.07764
I,0.439139,0.466207,0,0.461018,0.549452,-0.02146,0.502445,0.613432,-0.034344,0.549195,0.632661,-0.047502,0.565517,0.57444,-0.057815,0.581522,0.584935,-0.018618,0.614909,0.601128,-0.04562,0.582705,0.591217,-0.059183,0.555092,0.584193,-0.063458,0.586108,0.534169,-0.022782,0.608094,0.54569,-0.059878,0.547426,0.533548,-0.071388,0.507976,0.524835,-0.070851,0.587282,0.480474,-0.03141,0.60638,0.485841,-0.068684,0.549878,0.491435,-0.077889,0.510463,0.491476,-0.074139,0.583465,0.429252,-0.041236,0.645933,0.418338,-0.06,0.685732,0.423103,-0.069356,0.72531,0.429371,-0.074049
I,0.435415,0.464048,0,0.461074,0.548404,-0.022017,0.505879,0.613674,-0.033867,0.550567,0.631999,-0.045495,0.563153,0.575346,-0.053628,0.580172,0.584853,-0.01743,0.611452,0.596546,-0.044353,0.580224,0.584938,-0.057417,0.552996,0.578482,-0.061649,0.584808,0.532422,-0.021925,0.609276,0.541857,-0.060704,0.548999,0.529872,-0.072713,0.508143,0.523805,-0.07197,0.584945,0.477367,-0.031073,0.606492,0.480192,-0.069792,0.549558,0.486987,-0.078767,0.509122,0.489948,-0.074427,0.578915,0.424426,-0.04154,0.637084,0.41637,-0.061211,0.674472,0.418282,-0.070248,0.713262,0.420468,-0.074449
I,0.431688,0.460479,0,0.460417,0.549954,-0.019807,0.505588,0.614979,-0.029986,0.545772,0.630263,-0.03919,0.548123,0.568097,-0.04428,0.578042,0.58033,-0.020437,0.601656,0.592908,-0.045241,0.557914,0.577669,-0.055608,0.52774,0.565242,-0.058521,0.581304,0.52779,-0.025201,0.605216,0.539696,-0.0599,0.542429,0.528881,-0.068743,0.504571,0.520355,-0.067433,0.580522,0.473034,-0.034224,0.603147,0.477365,-0.068592,0.544225,0.486688,-0.076659,0.505538,0.489496,-0.073785,0.573465,0.420822,-0.044382,0.630263,0.40969,-0.062722,0.66448,0.411023,-0.072986,0.702951,0.412552,-0.079277
I,0.431897,0.462736,0,0.463048,0.554319,-0.022031,0.509145,0.61605,-0.034337,0.545457,0.627768,-0.046251,0.547038,0.567333,-0.054145,0.579447,0.58023,-0.019892,0.602248,0.59479,-0.048536,0.557278,0.580329,-0.061201,0.52344,0.569558,-0.064369,0.583361,0.527311,-0.024685,0.602182,0.542754,-0.064066,0.538523,0.530911,-0.074674,0.497885,0.522845,-0.072796,0.58355,0.470197,-0.034586,0.60169,0.480558,-0.073848,0.540682,0.486563,-0.082713,0.500536,0.488863,-0.078068,0.576353,0.415125,-0.045707,0.633636,0.403574,-0.064943,0.666699,0.404092,-0.074233,0.703273,0.40771,-0.078819
I,0.433893,0.460546,0,0.463133,0.553109,-0.019516,0.510466,0.617096,-0.029807,0.549159,0.627659,-0.039511,0.55049,0.563918,-0.044908,0.581014,0.585516,-0.020913,0.607616,0.594508,-0.048692,0.560886,0.576584,-0.060287,0.52694,0.562073,-0.062799,0.584491,0.531825,-0.026103,0.610016,0.541895,-0.063757,0.545378,0.529371,-0.073169,0.505937,0.520267,-0.071151,0.585202,0.476112,-0.035859,0.609584,0.479225,-0.072388,0.548946,0.486819,-0.080642,0.509025,0.48944,-0.076819,0.580406,0.422807,-0.046712,0.64201,0.411624,-0.065175,0.677247,0.412986,-0.07502,0.716101,0.416051,-0.080633
I,0.440876,0.467487,0,0.471898,0.566607,-0.018773,0.516734,0.628438,-0.028233,0.55801,0.641822,-0.037774,0.561576,0.584538,-0.043563,0.587874,0.598469,-0.015295,0.616648,0.609047,-0.041663,0.571178,0.593762,-0.054132,0.535629,0.579529,-0.05718,0.591875,0.5453,-0.020605,0.618854,0.558169,-0.05746,0.555988,0.544751,-0.068669,0.515163,0.534366,-0.067497,0.593544,0.489273,-0.030553,0.615073,0.493339,-0.067961,0.555535,0.499202,-0.078051,0.514899,0.500745,-0.074415,0.58987,0.433641,-0.041373,0.655372,0.426604,-0.060052,0.691346,0.430056,-0.069114,0.727303,0.434733,-0.073503
I,0.436015,0.458064,0,0.467229,0.552879,-0.020751,0.516017,0.614372,-0.030901,0.557564,0.623726,-0.040592,0.559106,0.565773,-0.046562,0.587225,0.584726,-0.017508,0.616683,0.595557,-0.043449,0.574901,0.580803,-0.054889,0.541753,0.56777,-0.057685,0.590436,0.530085,-0.0221,0.616713,0.538522,-0.058847,0.553652,0.526364,-0.069384,0.51305,0.517992,-0.068056,0.589802,0.472176,-0.031444,0.613379,0.472911,-0.068485,0.553304,0.479209,-0.077242,0.512798,0.481722,-0.073202,0.583324,0.414744,-0.041921,0.646388,0.405867,-0.060394,0.680772,0.410752,-0.069195,0.717203,0.417572,-0.073646
I,0.427423,0.487782,0,0.460726,0.581931,-0.022374,0.509858,0.646346,-0.034152,0.549303,0.659734,-0.045632,0.548083,0.601352,-0.052201,0.584346,0.619514,-0.01941,0.609945,0.628658,-0.048503,0.561243,0.61065,-0.05995,0.527157,0.596693,-0.061999,0.589622,0.562459,-0.024608,0.614084,0.569764,-0.064728,0.5469,0.557152,-0.074386,0.507168,0.550781,-0.071574,0.589357,0.502185,-0.035071,0.61341,0.50408,-0.074425,0.549073,0.509821,-0.081185,0.507528,0.512851,-0.074971,0.581868,0.443694,-0.047113,0.641239,0.436055,-0.066667,0.674991,0.440013,-0.075396,0.712897,0.445542,-0.079275
I,0.431474,0.488552,0,0.460852,0.584689,-0.026429,0.509347,0.652297,-0.040023,0.551895,0.666236,-0.052842,0.555829,0.612955,-0.060531,0.587528,0.633481,-0.019362,0.613712,0.639585,-0.050052,0.565027,0.61821,-0.06397,0.529613,0.602863,-0.067674,0.596699,0.575043,-0.02295,0.622212,0.578499,-0.064895,0.553254,0.562104,-0.076798,0.511673,0.554718,-0.075051,0.599776,0.512941,-0.032305,0.626079,0.512578,-0.072246,0.559832,0.516045,-0.079389,0.516676,0.517902,-0.073281,0.594531,0.45107,-0.043742,0.651964,0.44711,-0.062847,0.683523,0.453769,-0.070724,0.720008,0.461689,-0.073783
I,0.443435,0.488421,0,0.473604,0.591665,-0.022806,0.530081,0.662541,-0.036057,0.577361,0.682763,-0.049035,0.581837,0.618023,-0.057736,0.614299,0.638934,-0.024941,0.650065,0.647275,-0.057085,0.598363,0.627215,-0.072444,0.556927,0.611978,-0.07745,0.619756,0.576241,-0.030722,0.651678,0.584535,-0.073953,0.577654,0.56759,-0.085246,0.529707,0.556177,-0.083727,0.622314,0.510642,-0.041732,0.650969,0.513455,-0.083281,0.583481,0.519786,-0.093057,0.536331,0.521493,-0.089594,0.61926,0.448117,-0.054087,0.692933,0.434264,-0.076144,0.736061,0.435728,-0.088105,0.781203,0.441395,-0.095278
I,0.429715,0.512809,0,0.464078,0.617739,-0.02788,0.522721,0.692992,-0.041899,0.574418,0.715242,-0.055446,0.583147,0.66101,-0.063868,0.61885,0.666613,-0.019951,0.651019,0.679059,-0.055336,0.596397,0.659005,-0.071932,0.553771,0.645197,-0.076508,0.62589,0.600062,-0.025074,0.656294,0.614819,-0.073396,0.577881,0.596661,-0.087981,0.528169,0.586096,-0.086155,0.625851,0.528512,-0.036653,0.655001,0.537,-0.083438,0.580932,0.54229,-0.093223,0.53075,0.544241,-0.086888,0.61577,0.45751,-0.050102,0.682897,0.450004,-0.073788,0.720598,0.456286,-0.084721,0.762452,0.464311,-0.089219
I,0.431725,0.492995,0,0.466008,0.60241,-0.023272,0.528489,0.677798,-0.037445,0.581919,0.703155,-0.05149,0.588599,0.637927,-0.06066,0.624284,0.655594,-0.026538,0.665729,0.670853,-0.060485,0.612496,0.64955,-0.075028,0.568182,0.632617,-0.079373,0.628885,0.588436,-0.03398,0.664601,0.603876,-0.081819,0.58287,0.582168,-0.093123,0.530124,0.56899,-0.090222,0.630062,0.517086,-0.047064,0.661312,0.523342,-0.094394,0.586069,0.531765,-0.105378,0.532992,0.534492,-0.101468,0.624587,0.448887,-0.061262,0.704452,0.433729,-0.089349,0.752019,0.432822,-0.104739,0.801449,0.435196,-0.113698
I,0.444351,0.485342,-0.000001,0.472751,0.592337,-0.026507,0.541054,0.670158,-0.039735,0.598515,0.692931,-0.053426,0.605684,0.622659,-0.061985,0.637142,0.637944,-0.022887,0.677147,0.648263,-0.061877,0.618348,0.62501,-0.080981,0.571308,0.610549,-0.086417,0.642963,0.568339,-0.029867,0.67769,0.57917,-0.083914,0.594731,0.562552,-0.099281,0.538889,0.551678,-0.096739,0.645917,0.495374,-0.043355,0.675137,0.499535,-0.095306,0.598623,0.507192,-0.106996,0.545271,0.510596,-0.100506,0.642509,0.427504,-0.058437,0.722695,0.411957,-0.083084,0.771998,0.413522,-0.094583,0.823578,0.420287,-0.100143
I,0.437929,0.48264,-0.000001,0.467475,0.590882,-0.028826,0.536987,0.672678,-0.042657,0.596072,0.694777,-0.056053,0.599301,0.622438,-0.063177,0.632537,0.642109,-0.021176,0.67247,0.65527,-0.059933,0.614363,0.631244,-0.076481,0.567239,0.614956,-0.079801,0.638397,0.57245,-0.026963,0.673723,0.586336,-0.082238,0.590258,0.566537,-0.096265,0.535529,0.553904,-0.091435,0.641575,0.499603,-0.04003,0.672395,0.504589,-0.093664,0.595048,0.513944,-0.10619,0.54103,0.518238,-0.099441,0.638386,0.43099,-0.05471,0.717332,0.413587,-0.081708,0.766529,0.413808,-0.095854,0.818916,0.419333,-0.10266
I,0.435521,0.484327,-0.000001,0.464673,0.595792,-0.024661,0.530833,0.673953,-0.037316,0.586444,0.701868,-0.04975,0.594906,0.633211,-0.057269,0.626711,0.650535,-0.022806,0.664486,0.663556,-0.0592,0.608595,0.640479,-0.077241,0.562282,0.624466,-0.083396,0.63269,0.581798,-0.029887,0.66859,0.596323,-0.082387,0.586439,0.575376,-0.097332,0.529448,0.561153,-0.095252,0.635734,0.5086,-0.043168,0.66711,0.51511,-0.094271,0.590576,0.523087,-0.107396,0.535074,0.525066,-0.103138,0.631268,0.4395,-0.057668,0.711373,0.422131,-0.086277,0.761083,0.420893,-0.10202,0.813428,0.42538,-0.110839
I,0.432093,0.487009,-0.000001,0.46399,0.598113,-0.023682,0.529072,0.674531,-0.03753,0.582387,0.700657,-0.051238,0.591275,0.635602,-0.059963,0.62705,0.657769,-0.026884,0.665989,0.670152,-0.064054,0.609182,0.645151,-0.081591,0.563222,0.628992,-0.087624,0.631176,0.587745,-0.034786,0.666293,0.601932,-0.087036,0.583054,0.578997,-0.100512,0.527974,0.565079,-0.098249,0.632751,0.513016,-0.048548,0.663681,0.518855,-0.099572,0.585574,0.527034,-0.111145,0.530049,0.530382,-0.106692,0.627266,0.442635,-0.063367,0.707986,0.425253,-0.092662,0.757499,0.4232,-0.107761,0.810449,0.427079,-0.116394
I,0.431982,0.478169,-0.000001,0.461295,0.590519,-0.020041,0.528672,0.668195,-0.030114,0.583736,0.695583,-0.040569,0.590178,0.631069,-0.046515,0.624861,0.647699,-0.021605,0.662596,0.660189,-0.055952,0.607479,0.636044,-0.071911,0.561307,0.619475,-0.077244,0.629642,0.578601,-0.030041,0.664767,0.592717,-0.081036,0.582617,0.570807,-0.094669,0.526221,0.556013,-0.092531,0.631833,0.506016,-0.043937,0.664375,0.512267,-0.093719,0.586951,0.520252,-0.105859,0.530631,0.522391,-0.10202,0.627045,0.43765,-0.058603,0.707635,0.420356,-0.087819,0.757098,0.419756,-0.104064,0.809212,0.425504,-0.113708
I,0.432138,0.478753,-0.000001,0.46502,0.588609,-0.021006,0.530627,0.663404,-0.032938,0.585054,0.68982,-0.045401,0.591349,0.625831,-0.053187,0.62837,0.642946,-0.023709,0.66732,0.656379,-0.057983,0.613533,0.632904,-0.072758,0.568316,0.615821,-0.077212,0.632994,0.574253,-0.032479,0.66811,0.58835,-0.083431,0.5862,0.566302,-0.095917,0.530557,0.552416,-0.093014,0.634837,0.501614,-0.046746,0.664951,0.507861,-0.097101,0.587957,0.514697,-0.108106,0.532619,0.516497,-0.10319,0.630047,0.43288,-0.061911,0.710585,0.417182,-0.091123,0.760329,0.416779,-0.106273,0.812376,0.422332,-0.114933
I,0.435691,0.477192,-0.000001,0.461737,0.584522,-0.02513,0.528709,0.664828,-0.036919,0.583991,0.691722,-0.049225,0.59193,0.623203,-0.056253,0.62702,0.636254,-0.021936,0.664977,0.652036,-0.059585,0.607437,0.625667,-0.076761,0.561116,0.608129,-0.081357,0.63354,0.567666,-0.02918,0.666905,0.582552,-0.083512,0.584963,0.562205,-0.098318,0.529504,0.548308,-0.095532,0.637189,0.495294,-0.04288,0.664645,0.504047,-0.095551,0.587414,0.509198,-0.107734,0.533558,0.509659,-0.101869,0.634136,0.428679,-0.057966,0.712302,0.414379,-0.084992,0.761751,0.416257,-0.098944,0.814597,0.42419,-0.106325
I,0.441847,0.46544,-0.000001,0.468663,0.568239,-0.027574,0.530291,0.649009,-0.040155,0.586471,0.675344,-0.053853,0.594007,0.607521,-0.061893,0.629365,0.616841,-0.020165,0.66976,0.628604,-0.058328,0.607632,0.60331,-0.074333,0.562063,0.586847,-0.07632,0.636641,0.548302,-0.026696,0.671305,0.5602,-0.080944,0.589673,0.541339,-0.095703,0.537303,0.528204,-0.09115,0.639859,0.477314,-0.039936,0.667,0.485494,-0.09294,0.591422,0.487259,-0.103268,0.540667,0.485599,-0.093555,0.637495,0.41149,-0.054913,0.71784,0.404635,-0.07915,0.768066,0.411379,-0.088982,0.818499,0.42275,-0.091554
I,0.443824,0.459495,-0.000001,0.471668,0.565612,-0.028853,0.534104,0.644862,-0.042383,0.588861,0.66928,-0.055651,0.596505,0.598511,-0.063131,0.628888,0.614662,-0.025681,0.670669,0.626365,-0.062725,0.612305,0.604574,-0.077712,0.568322,0.588435,-0.080244,0.637238,0.54613,-0.030835,0.673891,0.557277,-0.084702,0.590696,0.538508,-0.098218,0.538867,0.525576,-0.093844,0.6415,0.475183,-0.042524,0.673426,0.480967,-0.094823,0.596827,0.484539,-0.105154,0.546186,0.48386,-0.096851,0.638845,0.409218,-0.055996,0.719554,0.402544,-0.083053,0.770648,0.410541,-0.096548,0.825223,0.422092,-0.102413
I,0.446625,0.445036,-0.000001,0.470432,0.551135,-0.029054,0.535447,0.63652,-0.041791,0.591493,0.66635,-0.054885,0.596773,0.598096,-0.062022,0.629918,0.607802,-0.021894,0.670573,0.617543,-0.060336,0.608128,0.589819,-0.077574,0.561609,0.572623,-0.081301,0.640862,0.53865,-0.027575,0.675909,0.548302,-0.08249,0.590896,0.528552,-0.09716,0.535441,0.515263,-0.093158,0.647833,0.467085,-0.040274,0.678704,0.470518,-0.093741,0.599665,0.475321,-0.104751,0.544575,0.475251,-0.09647,0.649071,0.398695,-0.054856,0.730106,0.390064,-0.080197,0.780147,0.393528,-0.091759,0.832606,0.401606,-0.09653
I,0.400794,0.559071,-0.000001,0.436745,0.477386,-0.028094,0.501488,0.405801,-0.048374,0.561689,0.392483,-0.073912,0.59879,0.447429,-0.092587,0.582005,0.450419,-0.007692,0.63459,0.431465,-0.05533,0.576999,0.440876,-0.076807,0.532907,0.461086,-0.078929,0.582327,0.509153,-0.010732,0.622907,0.492551,-0.068868,0.551098,0.500054,-0.086243,0.504808,0.507632,-0.080981,0.577461,0.570359,-0.02152,0.620613,0.55463,-0.07622,0.547895,0.551752,-0.078775,0.495262,0.553292,-0.059531,0.570071,0.629956,-0.034509,0.645377,0.634236,-0.059307,0.694381,0.63789,-0.063189,0.74133,0.638776,-0.056552
I,0.399176,0.555982,-0.000001,0.434069,0.476697,-0.030323,0.498094,0.404024,-0.05089,0.558428,0.388283,-0.075968,0.594523,0.44471,-0.093661,0.58278,0.451463,-0.009325,0.631968,0.426625,-0.057745,0.571472,0.437274,-0.07945,0.528387,0.459861,-0.081715,0.582872,0.510221,-0.010596,0.619902,0.488666,-0.07015,0.546975,0.496403,-0.086776,0.500976,0.504904,-0.080351,0.577256,0.571066,-0.019822,0.618301,0.55236,-0.075991,0.545179,0.547534,-0.077554,0.492551,0.548263,-0.056842,0.569107,0.629543,-0.031395,0.643755,0.631783,-0.05777,0.69347,0.632972,-0.062142,0.74073,0.632572,-0.055036
I,0.401959,0.5509,-0.000001,0.438253,0.470088,-0.029621,0.50219,0.399776,-0.050137,0.562242,0.382976,-0.076307,0.599885,0.43663,-0.095709,0.582696,0.444525,-0.004938,0.638638,0.421749,-0.055018,0.582312,0.429144,-0.078414,0.537857,0.448676,-0.080648,0.583222,0.502652,-0.007017,0.62613,0.482621,-0.066668,0.555066,0.489411,-0.085138,0.509228,0.497864,-0.079524,0.579103,0.563146,-0.017458,0.623247,0.545296,-0.074071,0.549677,0.5413,-0.077757,0.496522,0.543384,-0.057613,0.572962,0.62226,-0.030158,0.650246,0.626672,-0.054467,0.699597,0.628846,-0.057652,0.746227,0.62883,-0.049627
I,0.40247,0.558396,-0.000001,0.438311,0.478265,-0.032151,0.504741,0.407149,-0.05353,0.566125,0.391856,-0.079947,0.602746,0.447059,-0.099236,0.585412,0.45444,-0.006721,0.638487,0.43223,-0.056474,0.581309,0.438537,-0.079774,0.536367,0.459277,-0.082334,0.585202,0.51109,-0.007772,0.626443,0.491873,-0.067521,0.554639,0.498094,-0.085801,0.508893,0.506947,-0.080424,0.580284,0.570518,-0.017479,0.624473,0.55373,-0.074211,0.551574,0.549331,-0.077975,0.49924,0.549724,-0.058362,0.573064,0.629389,-0.029753,0.65111,0.632503,-0.054631,0.700325,0.636272,-0.058335,0.747417,0.636815,-0.051
I,0.40263,0.559624,-0.000001,0.436485,0.482323,-0.028475,0.504183,0.409945,-0.047973,0.566519,0.393635,-0.073069,0.598173,0.451528,-0.091124,0.584555,0.454668,-0.005579,0.638231,0.432521,-0.054525,0.579821,0.441013,-0.076096,0.536244,0.462662,-0.077865,0.58505,0.512546,-0.007966,0.626818,0.493318,-0.068027,0.552902,0.500885,-0.084461,0.50757,0.509465,-0.077499,0.580579,0.573625,-0.018577,0.626674,0.556284,-0.075418,0.551354,0.552639,-0.077181,0.498389,0.553257,-0.056154,0.573472,0.633245,-0.031472,0.649284,0.636185,-0.05695,0.698377,0.63966,-0.060952,0.746394,0.640136,-0.053834
I,0.400682,0.559433,-0.000001,0.434881,0.482135,-0.029409,0.502092,0.409641,-0.049117,0.564841,0.391574,-0.074429,0.596932,0.448543,-0.09269,0.58267,0.453176,-0.004617,0.636846,0.431856,-0.053819,0.580775,0.439883,-0.0756,0.537471,0.461035,-0.077187,0.583655,0.511171,-0.006546,0.625218,0.492038,-0.066739,0.552555,0.499649,-0.083014,0.507031,0.508406,-0.075588,0.579561,0.572611,-0.017007,0.626322,0.555722,-0.074591,0.551537,0.552562,-0.076504,0.498443,0.553396,-0.054983,0.572857,0.632638,-0.029805,0.649471,0.635432,-0.055405,0.698673,0.638255,-0.059148,0.746569,0.638177,-0.051471
I,0.398827,0.561008,-0.000001,0.434899,0.481182,-0.026122,0.502718,0.410208,-0.044448,0.564334,0.396791,-0.068675,0.598552,0.453091,-0.086149,0.582498,0.457951,-0.003399,0.637831,0.435097,-0.050912,0.581108,0.441457,-0.072597,0.537332,0.461422,-0.074841,0.582525,0.515273,-0.007046,0.624587,0.495672,-0.066127,0.552805,0.501992,-0.083612,0.506582,0.510954,-0.077745,0.577739,0.575314,-0.018489,0.622798,0.558256,-0.074189,0.548688,0.553206,-0.076143,0.495094,0.55422,-0.055646,0.570611,0.633633,-0.032048,0.646265,0.635646,-0.057306,0.696219,0.637662,-0.061047,0.744441,0.638458,-0.053833
I,0.397409,0.561051,-0.000001,0.434946,0.483947,-0.032262,0.504584,0.411666,-0.05322,0.568129,0.393169,-0.079193,0.598544,0.452503,-0.097335,0.586776,0.458324,-0.00697,0.636942,0.435295,-0.056904,0.577635,0.44253,-0.077625,0.535917,0.464878,-0.078371,0.586247,0.516262,-0.008051,0.62327,0.496353,-0.069862,0.548739,0.503319,-0.085263,0.505377,0.513441,-0.07683,0.57986,0.577076,-0.018029,0.620227,0.55904,-0.078025,0.544119,0.554997,-0.079754,0.491927,0.55623,-0.057285,0.57095,0.635829,-0.03051,0.648058,0.639692,-0.057652,0.696692,0.643243,-0.06133,0.743618,0.64438,-0.052992
I,0.402889,0.558775,-0.000001,0.438695,0.482032,-0.032969,0.506875,0.411935,-0.05452,0.570356,0.39501,-0.081016,0.604599,0.4518,-0.100368,0.586506,0.456866,-0.006318,0.638858,0.439094,-0.055836,0.583834,0.444291,-0.078436,0.53958,0.462619,-0.080379,0.587154,0.514098,-0.006517,0.62632,0.498686,-0.066109,0.55543,0.503258,-0.083387,0.510221,0.510338,-0.07701,0.582252,0.574204,-0.015521,0.626098,0.560889,-0.073065,0.552709,0.554975,-0.076267,0.499682,0.553476,-0.055734,0.574709,0.632539,-0.027079,0.652242,0.636227,-0.052458,0.701241,0.639942,-0.05607,0.748012,0.640924,-0.048311
I,0.400387,0.548063,-0.000001,0.441169,0.467178,-0.029136,0.50783,0.399573,-0.049182,0.568909,0.386839,-0.075261,0.606489,0.441684,-0.094362,0.586283,0.446345,-0.001882,0.641139,0.42536,-0.052176,0.582712,0.432526,-0.076428,0.537377,0.451883,-0.079447,0.585477,0.503162,-0.004989,0.62832,0.485024,-0.065886,0.555582,0.491339,-0.085582,0.508824,0.500357,-0.080946,0.580599,0.562213,-0.016701,0.626928,0.548782,-0.074036,0.552747,0.543784,-0.077455,0.498468,0.544271,-0.057367,0.573188,0.619799,-0.030875,0.650177,0.624927,-0.055256,0.699758,0.627569,-0.058168,0.746983,0.627645,-0.050343
I,0.394761,0.544883,-0.000001,0.436474,0.461359,-0.034669,0.504968,0.391097,-0.057409,0.569938,0.374023,-0.085427,0.611025,0.427775,-0.105482,0.587553,0.434997,-0.004519,0.645194,0.414828,-0.057134,0.58635,0.421092,-0.081827,0.541923,0.439586,-0.084442,0.586758,0.491674,-0.005573,0.632515,0.475335,-0.06911,0.559793,0.48138,-0.088741,0.515616,0.490044,-0.083237,0.582323,0.551377,-0.016011,0.631457,0.538812,-0.076455,0.554716,0.533052,-0.078671,0.500003,0.532698,-0.056715,0.575722,0.60893,-0.029365,0.653536,0.60995,-0.054135,0.70304,0.612627,-0.055587,0.750732,0.614712,-0.046295
I,0.404364,0.520523,-0.000001,0.441773,0.438849,-0.032873,0.51089,0.369676,-0.054232,0.573849,0.352204,-0.081173,0.609074,0.405779,-0.10043,0.591332,0.421702,-0.006216,0.642651,0.398303,-0.056578,0.582399,0.403558,-0.078675,0.535493,0.425159,-0.080071,0.590388,0.475944,-0.008372,0.633035,0.452162,-0.069357,0.558739,0.459504,-0.086752,0.514706,0.469047,-0.080733,0.586145,0.534049,-0.019549,0.632497,0.507768,-0.078585,0.554135,0.506907,-0.080535,0.50058,0.510281,-0.059479,0.579792,0.590437,-0.033497,0.661284,0.589322,-0.058969,0.709135,0.589945,-0.060157,0.756271,0.587807,-0.051042
I,0.40877,0.522854,-0.000001,0.451548,0.439861,-0.03016,0.519857,0.371951,-0.052446,0.580357,0.354451,-0.081279,0.617073,0.407972,-0.103134,0.603683,0.424378,-0.00491,0.655288,0.397354,-0.053327,0.593644,0.402137,-0.075565,0.546258,0.423349,-0.07801,0.60055,0.478145,-0.009535,0.643037,0.45095,-0.069234,0.568055,0.45846,-0.088559,0.523089,0.465817,-0.084999,0.594331,0.537393,-0.022582,0.645079,0.510192,-0.079726,0.566369,0.511557,-0.083172,0.511002,0.515367,-0.064539,0.586338,0.595741,-0.038183,0.669967,0.595303,-0.062447,0.717891,0.596797,-0.063652,0.765312,0.594787,-0.055455
I,0.408007,0.52408,-0.000001,0.445138,0.442648,-0.031465,0.514238,0.370605,-0.052488,0.577303,0.349942,-0.079405,0.614698,0.40351,-0.098848,0.595869,0.42308,-0.004677,0.64776,0.395651,-0.054381,0.588455,0.402074,-0.076492,0.541088,0.42463,-0.078089,0.595743,0.476717,-0.007328,0.638289,0.448668,-0.067667,0.564547,0.458186,-0.085912,0.520302,0.468423,-0.080802,0.59214,0.535025,-0.018752,0.640065,0.505845,-0.077081,0.561472,0.508364,-0.079776,0.506552,0.514007,-0.059662,0.585745,0.592243,-0.03279,0.667102,0.588549,-0.058019,0.714742,0.588304,-0.059686,0.761425,0.585263,-0.051147
I,0.39774,0.53229,-0.000001,0.437848,0.451646,-0.032509,0.505296,0.379661,-0.054472,0.567155,0.35652,-0.082195,0.606246,0.408991,-0.102392,0.587941,0.431067,-0.00334,0.638713,0.401541,-0.054122,0.580951,0.408718,-0.078093,0.538116,0.433437,-0.080709,0.587385,0.484372,-0.005398,0.62724,0.457534,-0.06743,0.555285,0.467701,-0.086477,0.512047,0.480536,-0.080826,0.583124,0.542011,-0.016565,0.627136,0.517923,-0.076133,0.550856,0.519605,-0.079796,0.497436,0.524782,-0.058863,0.576806,0.599387,-0.030399,0.657368,0.596398,-0.055746,0.707158,0.595175,-0.057945,0.754859,0.590389,-0.048869
I,0.385907,0.530595,-0.000001,0.427926,0.447822,-0.035945,0.496968,0.376294,-0.060553,0.559348,0.354023,-0.090997,0.598695,0.409237,-0.112855,0.584243,0.425236,-0.005302,0.636219,0.399511,-0.060145,0.572187,0.403594,-0.084561,0.524396,0.425913,-0.086202,0.581795,0.481575,-0.007188,0.624489,0.458966,-0.072653,0.54585,0.464774,-0.091268,0.500904,0.47572,-0.0845,0.576083,0.541707,-0.018938,0.620988,0.516252,-0.082152,0.538941,0.512571,-0.083621,0.484119,0.515366,-0.060231,0.56884,0.599624,-0.033668,0.651462,0.598235,-0.059642,0.700628,0.595113,-0.059303,0.749525,0.589521,-0.048019
I,0.393127,0.540209,-0.000001,0.43602,0.454204,-0.034215,0.505795,0.378937,-0.056309,0.569242,0.355189,-0.084263,0.606703,0.407948,-0.104142,0.591808,0.425766,-0.003218,0.644421,0.399588,-0.053579,0.585594,0.405579,-0.076037,0.54593,0.428907,-0.078019,0.591539,0.482638,-0.005482,0.631444,0.461715,-0.068523,0.556051,0.470121,-0.086545,0.51511,0.482711,-0.080117,0.58772,0.542859,-0.017054,0.629122,0.521472,-0.079462,0.548603,0.520508,-0.081516,0.495917,0.523597,-0.058768,0.582026,0.601284,-0.031319,0.661553,0.598472,-0.057177,0.709268,0.596874,-0.056609,0.758427,0.592335,-0.045313
I,0.39854,0.535367,-0.000001,0.438481,0.450373,-0.033669,0.506421,0.376153,-0.0553,0.571343,0.353269,-0.082886,0.612091,0.404812,-0.102622,0.589545,0.422478,-0.001709,0.645211,0.393406,-0.053417,0.586492,0.404507,-0.078479,0.543429,0.429307,-0.082027,0.591307,0.478787,-0.003377,0.634352,0.453993,-0.066795,0.56117,0.468102,-0.087077,0.516622,0.482003,-0.082092,0.588987,0.538913,-0.014414,0.636205,0.515869,-0.074624,0.559439,0.51795,-0.078308,0.504966,0.523304,-0.05737,0.583327,0.597245,-0.028399,0.660836,0.594783,-0.053838,0.711255,0.593946,-0.056742,0.760461,0.590244,-0.048421
I,0.40104,0.531028,-0.000001,0.44018,0.449332,-0.031855,0.507251,0.377129,-0.053408,0.570435,0.352342,-0.081272,0.609067,0.403404,-0.101834,0.590929,0.42482,-0.002808,0.644491,0.398472,-0.055552,0.588343,0.408163,-0.08094,0.545371,0.431273,-0.084174,0.591831,0.479891,-0.005396,0.633625,0.457391,-0.068924,0.561202,0.469378,-0.088479,0.517314,0.482406,-0.082757,0.588266,0.540135,-0.017095,0.631517,0.518135,-0.078174,0.554574,0.519578,-0.081354,0.501119,0.524703,-0.059486,0.581833,0.598877,-0.031392,0.660925,0.59574,-0.057062,0.710714,0.594543,-0.058492,0.759653,0.591248,-0.048665
I,0.399098,0.535414,-0.000001,0.442336,0.45054,-0.031161,0.509062,0.377482,-0.052848,0.570175,0.352187,-0.081099,0.608168,0.403474,-0.101961,0.591253,0.429681,-0.000618,0.64364,0.400824,-0.052629,0.586328,0.406703,-0.077872,0.54306,0.429354,-0.080898,0.590948,0.483338,-0.004005,0.633098,0.457798,-0.06789,0.559766,0.467437,-0.088244,0.515081,0.48039,-0.08291,0.587985,0.541578,-0.016571,0.632044,0.51763,-0.077687,0.553901,0.519177,-0.081424,0.499269,0.524467,-0.059785,0.583172,0.598654,-0.031738,0.664067,0.595329,-0.056571,0.714335,0.592154,-0.057329,0.763293,0.585672,-0.047094
I,0.400127,0.534547,-0.000001,0.441614,0.44578,-0.031888,0.50979,0.372098,-0.052832,0.573813,0.351243,-0.080134,0.616087,0.402493,-0.099916,0.591585,0.421816,0.000572,0.646395,0.393786,-0.051722,0.588218,0.402907,-0.077211,0.542983,0.426702,-0.080314,0.59161,0.476626,-0.002251,0.63526,0.450473,-0.065655,0.56243,0.463249,-0.086407,0.518343,0.476303,-0.081814,0.589072,0.535604,-0.014582,0.635987,0.51179,-0.075017,0.557944,0.514909,-0.079058,0.503024,0.519805,-0.05837,0.584601,0.594663,-0.029716,0.665739,0.589475,-0.055081,0.715601,0.58687,-0.056988,0.763909,0.580822,-0.047926
I,0.40379,0.518204,-0.000001,0.443108,0.437811,-0.033968,0.510471,0.36508,-0.057093,0.572022,0.337835,-0.086099,0.610078,0.389101,-0.10745,0.594555,0.412463,-0.004367,0.643843,0.387831,-0.056229,0.583856,0.393724,-0.081037,0.537271,0.413336,-0.083833,0.594229,0.465961,-0.006664,0.635766,0.443019,-0.069605,0.560581,0.451978,-0.09052,0.515849,0.462862,-0.086077,0.591743,0.524712,-0.01816,0.634026,0.500048,-0.079514,0.556007,0.499653,-0.084792,0.501919,0.502941,-0.06448,0.586929,0.582721,-0.032257,0.669419,0.578278,-0.057276,0.718665,0.575182,-0.058027,0.766507,0.56907,-0.048056
K,0.289399,0.590731,0.000001,0.342934,0.514233,-0.0306,0.427368,0.500347,-0.046784,0.485703,0.546584,-0.064573,0.538084,0.580886,-0.079463,0.506706,0.539407,-0.025262,0.592618,0.504801,-0.064955,0.649928,0.486803,-0.088062,0.697819,0.476984,-0.099873,0.496787,0.618048,-0.034145,0.593598,0.648567,-0.081805,0.660214,0.679186,-0.108443,0.713069,0.711191,-0.118037,0.465245,0.684326,-0.046867,0.498482,0.657392,-0.104245,0.436692,0.606969,-0.102548,0.390441,0.585721,-0.082458,0.422764,0.740796,-0.061952,0.45507,0.70599,-0.099856,0.411272,0.655764,-0.086744,0.375843,0.63461,-0.0649
K,0.312107,0.583556,0,0.369172,0.507346,-0.029501,0.448827,0.494043,-0.044299,0.505047,0.540758,-0.060834,0.557117,0.574789,-0.074644,0.526246,0.529928,-0.019742,0.606585,0.497857,-0.056011,0.66048,0.482143,-0.077435,0.705976,0.473194,-0.087939,0.517627,0.604957,-0.027298,0.611344,0.63921,-0.069101,0.675796,0.668771,-0.091887,0.726258,0.697371,-0.099631,0.487339,0.668057,-0.039177,0.519372,0.651351,-0.092008,0.460804,0.600622,-0.090681,0.415671,0.575613,-0.071807,0.445776,0.721755,-0.053358,0.478583,0.697577,-0.087371,0.439058,0.649187,-0.074466,0.40573,0.624869,-0.053896
K,0.33211,0.538767,0,0.392892,0.471313,-0.034394,0.47058,0.457055,-0.049555,0.523705,0.500785,-0.064923,0.570098,0.543943,-0.077681,0.539922,0.492198,-0.019966,0.619486,0.465892,-0.051736,0.672085,0.449654,-0.071015,0.717776,0.443222,-0.079914,0.531169,0.560815,-0.023186,0.625686,0.596476,-0.057653,0.686819,0.628655,-0.075101,0.733891,0.660914,-0.080482,0.502766,0.62012,-0.031706,0.535325,0.617406,-0.082542,0.481095,0.574768,-0.085557,0.437496,0.549843,-0.070458,0.464183,0.670376,-0.042667,0.499584,0.662092,-0.07574,0.463046,0.616513,-0.065653,0.4295,0.589188,-0.048439
K,0.342563,0.508217,0,0.399823,0.448442,-0.034372,0.475683,0.435035,-0.046917,0.526487,0.480422,-0.060083,0.575952,0.521704,-0.071368,0.544947,0.473725,-0.017533,0.619708,0.454464,-0.046525,0.668736,0.440915,-0.065267,0.709909,0.435663,-0.07471,0.535963,0.542157,-0.02084,0.626976,0.57859,-0.051029,0.684492,0.605191,-0.067934,0.727841,0.627847,-0.074616,0.507437,0.598935,-0.029949,0.541855,0.594268,-0.079631,0.488406,0.55406,-0.087868,0.446639,0.529562,-0.07778,0.468207,0.646002,-0.041207,0.508745,0.642695,-0.075419,0.474142,0.597296,-0.069248,0.440507,0.565649,-0.05601
K,0.338669,0.487416,0,0.390989,0.421841,-0.036326,0.46594,0.405366,-0.05072,0.51973,0.451984,-0.065221,0.573324,0.486513,-0.076893,0.535697,0.442721,-0.018859,0.60817,0.422013,-0.050919,0.655383,0.406992,-0.071255,0.696864,0.397769,-0.081359,0.52726,0.511045,-0.020836,0.612876,0.54506,-0.056545,0.670904,0.571841,-0.076901,0.716527,0.598131,-0.085337,0.499785,0.567974,-0.028572,0.532328,0.566077,-0.080001,0.478866,0.521947,-0.084807,0.437247,0.497655,-0.071646,0.461667,0.616691,-0.038887,0.499814,0.614787,-0.073124,0.463821,0.571069,-0.06558,0.430702,0.545081,-0.05064
K,0.349047,0.467237,0,0.408874,0.418534,-0.03583,0.486898,0.408251,-0.047105,0.540454,0.445814,-0.059708,0.592591,0.478016,-0.070062,0.556513,0.448151,-0.011486,0.631271,0.423263,-0.041798,0.681392,0.406542,-0.06259,0.723764,0.399064,-0.073039,0.546273,0.513579,-0.013506,0.635302,0.547231,-0.044941,0.691331,0.576029,-0.063429,0.734797,0.601076,-0.07183,0.517667,0.56746,-0.022478,0.553976,0.567701,-0.073847,0.498889,0.526003,-0.084042,0.455624,0.497108,-0.075369,0.480193,0.614016,-0.034034,0.517556,0.616804,-0.067388,0.48531,0.572163,-0.062847,0.454938,0.539305,-0.051554
K,0.358445,0.46592,0,0.420781,0.414224,-0.032497,0.496338,0.404092,-0.043558,0.549551,0.442485,-0.056484,0.601154,0.470424,-0.067216,0.563899,0.440447,-0.010384,0.639533,0.41578,-0.041656,0.689747,0.398205,-0.063543,0.731786,0.388726,-0.07425,0.555121,0.501284,-0.013573,0.643173,0.537063,-0.045127,0.69899,0.567209,-0.064579,0.742377,0.592909,-0.073472,0.529,0.553282,-0.02317,0.566312,0.554911,-0.07258,0.511698,0.518274,-0.082553,0.469158,0.495426,-0.073986,0.49346,0.599772,-0.035149,0.531384,0.605031,-0.06553,0.499041,0.566189,-0.059654,0.469554,0.539302,-0.047645
K,0.378112,0.472777,0,0.433781,0.425102,-0.030799,0.507442,0.418445,-0.041783,0.560406,0.456294,-0.05335,0.611246,0.481729,-0.063298,0.571247,0.448198,-0.017692,0.644138,0.416884,-0.046509,0.694514,0.396952,-0.066799,0.735556,0.389424,-0.077756,0.561385,0.50796,-0.019798,0.652304,0.535272,-0.049972,0.710781,0.562296,-0.069572,0.755343,0.583109,-0.079843,0.53564,0.559024,-0.026439,0.574102,0.556756,-0.071273,0.524237,0.52046,-0.081192,0.483821,0.496169,-0.07508,0.502967,0.604676,-0.035067,0.541162,0.60003,-0.066095,0.510744,0.561941,-0.062398,0.482532,0.535493,-0.052618
K,0.381015,0.478743,0,0.437541,0.425474,-0.028395,0.511452,0.416559,-0.038877,0.564333,0.455221,-0.050254,0.615737,0.476695,-0.059929,0.570066,0.44679,-0.018751,0.644771,0.415563,-0.048689,0.694137,0.393332,-0.069965,0.733495,0.383456,-0.08151,0.560714,0.504883,-0.022014,0.649126,0.531208,-0.054497,0.707014,0.5599,-0.076191,0.751017,0.582052,-0.088034,0.536889,0.556378,-0.029249,0.576383,0.554687,-0.074486,0.525699,0.51885,-0.082965,0.483365,0.495504,-0.075933,0.50554,0.603416,-0.03832,0.545492,0.599235,-0.0693,0.513565,0.561629,-0.064147,0.483364,0.535381,-0.053138
K,0.377902,0.47982,0,0.435685,0.425689,-0.031578,0.508755,0.412997,-0.043364,0.562154,0.449465,-0.055261,0.615436,0.471014,-0.064842,0.570817,0.435963,-0.020579,0.647179,0.409735,-0.050417,0.698114,0.391175,-0.070662,0.741092,0.383957,-0.081372,0.561749,0.496482,-0.022225,0.651438,0.525542,-0.05457,0.708817,0.555788,-0.074568,0.753281,0.581127,-0.084832,0.538073,0.550667,-0.02831,0.576643,0.549539,-0.074914,0.525841,0.51603,-0.083046,0.48372,0.494212,-0.075014,0.507145,0.599773,-0.036541,0.543572,0.597178,-0.068628,0.510788,0.55828,-0.06363,0.480682,0.530765,-0.052213
K,0.376787,0.464533,0,0.434964,0.405217,-0.03145,0.510981,0.394191,-0.042521,0.566511,0.431689,-0.053589,0.622096,0.449448,-0.062083,0.57128,0.418378,-0.019629,0.6471,0.388931,-0.048499,0.700298,0.373027,-0.067278,0.745532,0.368635,-0.077521,0.561658,0.479747,-0.021846,0.649029,0.510991,-0.054185,0.705479,0.542102,-0.073469,0.748677,0.571217,-0.083219,0.537399,0.533521,-0.028451,0.575981,0.532401,-0.075307,0.524419,0.494711,-0.080904,0.480491,0.473083,-0.070997,0.504584,0.581206,-0.037329,0.540311,0.575352,-0.070336,0.507601,0.534195,-0.064767,0.476559,0.507293,-0.052626
K,0.373154,0.454706,0,0.430042,0.397801,-0.029685,0.503842,0.385305,-0.04114,0.556031,0.422231,-0.053173,0.608908,0.441791,-0.063014,0.56435,0.416943,-0.02085,0.642174,0.390852,-0.049652,0.692212,0.370661,-0.069161,0.73314,0.363182,-0.07972,0.554443,0.475149,-0.023701,0.642264,0.505087,-0.057107,0.70064,0.536236,-0.078913,0.744383,0.562554,-0.090649,0.53038,0.526744,-0.030321,0.568102,0.523771,-0.075461,0.518971,0.489284,-0.083308,0.476323,0.468571,-0.075946,0.498016,0.574744,-0.039004,0.535111,0.569772,-0.069726,0.503484,0.529276,-0.064349,0.472784,0.502119,-0.05316
K,0.367301,0.462858,0,0.426411,0.403015,-0.029701,0.504657,0.393991,-0.037717,0.561156,0.434327,-0.045903,0.614834,0.456862,-0.051524,0.558256,0.417651,-0.01418,0.635053,0.391573,-0.041178,0.686254,0.37538,-0.057251,0.731198,0.368601,-0.065216,0.549487,0.477193,-0.016663,0.638763,0.501572,-0.049915,0.696975,0.523951,-0.069006,0.742272,0.5443,-0.077167,0.526111,0.528595,-0.023603,0.559401,0.516264,-0.071803,0.506577,0.482585,-0.077075,0.46476,0.467251,-0.065646,0.495265,0.5743,-0.03264,0.529124,0.556643,-0.065667,0.492305,0.516658,-0.05965,0.460889,0.495183,-0.04667
K,0.361942,0.458217,0,0.421191,0.396442,-0.030191,0.499009,0.383706,-0.039429,0.555414,0.418678,-0.04918,0.608155,0.442092,-0.056309,0.557189,0.405212,-0.012385,0.634059,0.376015,-0.041509,0.684152,0.359277,-0.059215,0.727289,0.350961,-0.06732,0.549137,0.4666,-0.015111,0.636738,0.48889,-0.049529,0.694257,0.511396,-0.068984,0.740504,0.533582,-0.07632,0.526164,0.519479,-0.022934,0.554796,0.504673,-0.073331,0.501621,0.473447,-0.079603,0.460971,0.458747,-0.067461,0.495758,0.566031,-0.032745,0.525792,0.54974,-0.065716,0.488183,0.511506,-0.058739,0.456706,0.490049,-0.044374
K,0.363002,0.458097,0,0.424064,0.399082,-0.030507,0.504733,0.391095,-0.038781,0.561868,0.432858,-0.047168,0.616211,0.456218,-0.052736,0.557122,0.418485,-0.013587,0.632948,0.39201,-0.041599,0.683127,0.373555,-0.060091,0.727438,0.365242,-0.069767,0.547338,0.479361,-0.015221,0.633564,0.507463,-0.047629,0.688126,0.53764,-0.067965,0.731308,0.56567,-0.078149,0.524064,0.531395,-0.021545,0.558285,0.520952,-0.068367,0.506103,0.484135,-0.074388,0.464669,0.464566,-0.064606,0.493363,0.577928,-0.030185,0.526219,0.56315,-0.061679,0.491082,0.520432,-0.055662,0.461505,0.494991,-0.043617
K,0.355989,0.470213,0,0.41628,0.40867,-0.031155,0.497978,0.400518,-0.039524,0.555373,0.440856,-0.048283,0.608095,0.46522,-0.054564,0.551487,0.424037,-0.011353,0.626258,0.397283,-0.040571,0.674028,0.378973,-0.06011,0.715222,0.367597,-0.069538,0.542266,0.486009,-0.012949,0.628908,0.521592,-0.043544,0.683573,0.552947,-0.061982,0.728024,0.581138,-0.070384,0.519492,0.538076,-0.020204,0.554353,0.532229,-0.067855,0.501244,0.498259,-0.074813,0.458323,0.479306,-0.064799,0.489412,0.584176,-0.029708,0.522621,0.574384,-0.061836,0.486688,0.536267,-0.055936,0.454646,0.513771,-0.043571
K,0.358265,0.468947,0,0.418876,0.407157,-0.030721,0.497732,0.399532,-0.038697,0.553838,0.440356,-0.047245,0.606539,0.464363,-0.053347,0.553866,0.423984,-0.008521,0.626477,0.39657,-0.037719,0.673733,0.377281,-0.057692,0.714426,0.364636,-0.067133,0.544381,0.486999,-0.010033,0.627859,0.523521,-0.040331,0.681574,0.553733,-0.059072,0.725233,0.581494,-0.06729,0.521162,0.538656,-0.017373,0.551937,0.533315,-0.064677,0.499329,0.498953,-0.071963,0.456953,0.480581,-0.06182,0.49095,0.583718,-0.026939,0.520814,0.572976,-0.05812,0.485019,0.534824,-0.051992,0.45368,0.512848,-0.039226
K,0.359112,0.466255,0,0.418729,0.405052,-0.032192,0.495657,0.3963,-0.041821,0.551098,0.435705,-0.051722,0.604182,0.460494,-0.059078,0.55242,0.416266,-0.012521,0.62544,0.388585,-0.042517,0.673881,0.371087,-0.062179,0.715379,0.360831,-0.071599,0.543311,0.479986,-0.013992,0.62742,0.514796,-0.046837,0.682583,0.544191,-0.06661,0.727043,0.571335,-0.075144,0.520399,0.532681,-0.021061,0.551837,0.52669,-0.07028,0.498673,0.492803,-0.077434,0.456445,0.475682,-0.066668,0.490561,0.57897,-0.030369,0.521751,0.567999,-0.06297,0.485763,0.531011,-0.057019,0.454707,0.510138,-0.043993
K,0.352203,0.463654,0,0.414627,0.404137,-0.037517,0.490117,0.390788,-0.050011,0.548111,0.428325,-0.062722,0.603243,0.458226,-0.072402,0.556904,0.421432,-0.011673,0.631976,0.389628,-0.041194,0.681709,0.369013,-0.059761,0.72588,0.358817,-0.067917,0.547389,0.4868,-0.010839,0.6308,0.517087,-0.044539,0.686041,0.546745,-0.06325,0.729986,0.57642,-0.070018,0.522543,0.53952,-0.016627,0.547717,0.530604,-0.06935,0.494178,0.492545,-0.078424,0.452519,0.470537,-0.067018,0.491349,0.585817,-0.024962,0.518113,0.57398,-0.058453,0.484678,0.533952,-0.053878,0.455715,0.509648,-0.041039
K,0.351627,0.503879,0,0.406676,0.457186,-0.030854,0.485713,0.455947,-0.038595,0.537528,0.500299,-0.047045,0.585277,0.53243,-0.054186,0.540498,0.493445,-0.01637,0.617665,0.466248,-0.044359,0.669974,0.449368,-0.063607,0.713553,0.445848,-0.074279,0.527746,0.558962,-0.018809,0.614021,0.595729,-0.047326,0.67054,0.631093,-0.065608,0.716269,0.659039,-0.075315,0.498871,0.610737,-0.026462,0.529588,0.612244,-0.073124,0.474297,0.57507,-0.084923,0.432004,0.5494,-0.079578,0.463108,0.652979,-0.036001,0.494137,0.647268,-0.0705,0.461376,0.609766,-0.069812,0.431799,0.583919,-0.061958
K,0.30636,0.517526,0,0.369199,0.44714,-0.04326,0.45236,0.430084,-0.056783,0.516058,0.477158,-0.069283,0.576797,0.510591,-0.078271,0.523502,0.457351,-0.01676,0.607836,0.433443,-0.048727,0.659392,0.41509,-0.068461,0.70436,0.405215,-0.077263,0.515586,0.534046,-0.014288,0.611137,0.569559,-0.04844,0.671466,0.60151,-0.06659,0.719162,0.632529,-0.072613,0.487456,0.597956,-0.019173,0.515132,0.593177,-0.073346,0.456869,0.553308,-0.081591,0.411665,0.530295,-0.068774,0.449999,0.651936,-0.027192,0.479499,0.641432,-0.063978,0.439777,0.601852,-0.059297,0.404136,0.578789,-0.045258
K,0.292818,0.530216,0,0.360719,0.445178,-0.044516,0.45501,0.436621,-0.057102,0.522868,0.496529,-0.068715,0.591104,0.533049,-0.077346,0.528213,0.467443,-0.019279,0.625276,0.443513,-0.054948,0.685326,0.428095,-0.077423,0.737267,0.421673,-0.088147,0.516634,0.550465,-0.019089,0.62371,0.602207,-0.059054,0.694102,0.646533,-0.082234,0.749496,0.686784,-0.091411,0.483861,0.618985,-0.026053,0.523122,0.625156,-0.087159,0.457059,0.579972,-0.095995,0.40436,0.554049,-0.082249,0.441435,0.677283,-0.03615,0.481032,0.674529,-0.081408,0.436876,0.625935,-0.077061,0.397877,0.597593,-0.0619
K,0.275049,0.529999,0,0.344685,0.446028,-0.044373,0.44176,0.440338,-0.057734,0.509172,0.501725,-0.069957,0.576366,0.536295,-0.079603,0.514684,0.466749,-0.023472,0.612003,0.441098,-0.061126,0.673697,0.424143,-0.084496,0.7261,0.41682,-0.09559,0.501315,0.551741,-0.023777,0.604404,0.602426,-0.066485,0.673435,0.648881,-0.091107,0.727171,0.69183,-0.100604,0.46879,0.622496,-0.030862,0.506004,0.620357,-0.094076,0.439638,0.574882,-0.103371,0.386529,0.552079,-0.089334,0.426587,0.683362,-0.040777,0.46816,0.672318,-0.087425,0.421066,0.622379,-0.082175,0.379411,0.595723,-0.065708
K,0.253075,0.526822,0.000001,0.317408,0.440416,-0.052314,0.414958,0.433231,-0.067659,0.490068,0.491321,-0.080627,0.562232,0.518741,-0.089293,0.49144,0.45111,-0.020282,0.589279,0.430999,-0.055279,0.647956,0.421435,-0.075912,0.699636,0.422555,-0.086455,0.480774,0.540585,-0.016745,0.576437,0.590997,-0.062576,0.642064,0.639221,-0.089545,0.698583,0.687513,-0.099874,0.448476,0.612337,-0.020992,0.483886,0.61692,-0.088735,0.412942,0.5691,-0.097137,0.362172,0.544787,-0.080705,0.406586,0.674102,-0.028718,0.441795,0.665953,-0.080667,0.3919,0.616585,-0.078282,0.353162,0.590501,-0.062215
K,0.301035,0.477998,0,0.369327,0.406466,-0.029231,0.457658,0.394591,-0.039299,0.521228,0.438148,-0.051182,0.579896,0.459468,-0.06106,0.526152,0.421538,-0.010965,0.61583,0.395445,-0.042017,0.666644,0.37688,-0.060596,0.710408,0.366355,-0.06809,0.513278,0.497958,-0.015886,0.609524,0.537993,-0.049338,0.66587,0.573649,-0.067378,0.711854,0.606763,-0.072688,0.483353,0.560748,-0.026336,0.510727,0.544471,-0.077198,0.453722,0.506509,-0.083696,0.409967,0.487112,-0.070617,0.444836,0.610678,-0.038725,0.475603,0.587449,-0.071033,0.434807,0.543104,-0.062481,0.398059,0.518377,-0.046371
K,0.366859,0.476074,0,0.422903,0.404717,-0.031171,0.497949,0.387712,-0.041057,0.555611,0.428303,-0.051235,0.606653,0.454308,-0.058942,0.551032,0.411649,-0.011391,0.62868,0.382471,-0.037234,0.677066,0.365929,-0.052224,0.718879,0.358497,-0.058699,0.544718,0.475721,-0.012443,0.626204,0.508216,-0.045268,0.681047,0.538206,-0.063714,0.723091,0.56642,-0.070082,0.52298,0.529777,-0.01857,0.55006,0.522935,-0.067464,0.50054,0.492706,-0.074522,0.459283,0.478057,-0.062672,0.493769,0.57745,-0.026575,0.526228,0.564626,-0.059767,0.49008,0.529084,-0.054551,0.455895,0.509994,-0.041026
K,0.374691,0.48589,0,0.427079,0.410076,-0.029722,0.500331,0.394196,-0.038193,0.557361,0.43599,-0.046806,0.607483,0.464562,-0.052542,0.552011,0.417952,-0.009384,0.628322,0.393581,-0.031775,0.67662,0.380049,-0.043642,0.71889,0.373357,-0.048838,0.546355,0.481714,-0.010367,0.627051,0.514328,-0.041315,0.682054,0.540568,-0.058188,0.724653,0.564831,-0.063848,0.525002,0.534117,-0.0161,0.55866,0.530338,-0.062993,0.508961,0.50107,-0.068013,0.469427,0.48803,-0.055432,0.497509,0.58028,-0.023649,0.530858,0.567589,-0.05687,0.494055,0.534494,-0.052742,0.462145,0.518581,-0.040168
K,0.38168,0.503023,0,0.438437,0.436669,-0.028558,0.514662,0.424982,-0.03536,0.568858,0.469209,-0.042898,0.618788,0.493021,-0.048035,0.566392,0.448778,-0.004807,0.639479,0.427589,-0.029795,0.685475,0.412719,-0.046539,0.725875,0.403889,-0.054533,0.558755,0.509042,-0.006974,0.641616,0.543204,-0.036044,0.692397,0.574206,-0.05368,0.733442,0.602782,-0.060671,0.537294,0.561178,-0.014652,0.571754,0.55876,-0.061091,0.521222,0.529734,-0.068686,0.480722,0.51405,-0.058625,0.508644,0.608504,-0.024272,0.542851,0.600902,-0.056307,0.507989,0.564712,-0.051424,0.476167,0.543092,-0.039177
K,0.378038,0.508938,0,0.438561,0.443542,-0.027901,0.515502,0.432495,-0.034269,0.569094,0.474509,-0.041817,0.618919,0.499365,-0.046899,0.567264,0.454503,-0.003179,0.641249,0.430864,-0.028012,0.688713,0.416497,-0.04419,0.729629,0.409034,-0.051422,0.55937,0.516962,-0.005782,0.642,0.549787,-0.035455,0.693264,0.581734,-0.053276,0.733953,0.612186,-0.059615,0.537796,0.570864,-0.013968,0.569046,0.564815,-0.061145,0.51716,0.535985,-0.069028,0.47685,0.521752,-0.058225,0.50877,0.620427,-0.023961,0.543006,0.611283,-0.054583,0.506599,0.574859,-0.048419,0.474556,0.554123,-0.034975
K,0.376639,0.509488,0,0.437518,0.445474,-0.028033,0.51508,0.435819,-0.03459,0.568872,0.477933,-0.042512,0.619317,0.503581,-0.047843,0.568185,0.458073,-0.001876,0.64214,0.434857,-0.027328,0.689342,0.420725,-0.043915,0.729742,0.413334,-0.051304,0.559713,0.520761,-0.004512,0.640673,0.552661,-0.035971,0.692144,0.586305,-0.055114,0.732945,0.618602,-0.061925,0.537639,0.574081,-0.012827,0.566644,0.567999,-0.061582,0.514288,0.53748,-0.069616,0.47339,0.521352,-0.05829,0.508024,0.623196,-0.022961,0.540042,0.614425,-0.054814,0.503732,0.575895,-0.048985,0.471768,0.55218,-0.035297
K,0.476139,0.416739,0,0.514548,0.477972,-0.028809,0.579781,0.49588,-0.038284,0.635662,0.473873,-0.04815,0.680674,0.460923,-0.056712,0.629413,0.472159,-0.013611,0.696613,0.49225,-0.033402,0.737516,0.507723,-0.045235,0.774017,0.519553,-0.052055,0.626157,0.423298,-0.015342,0.694738,0.402215,-0.045515,0.74206,0.384635,-0.062973,0.780729,0.366651,-0.069442,0.611402,0.378522,-0.021019,0.628296,0.38676,-0.067327,0.579164,0.408342,-0.075727,0.545155,0.41891,-0.066953,0.588622,0.339747,-0.028283,0.610344,0.348508,-0.063942,0.576016,0.372507,-0.064724,0.545377,0.387693,-0.055853
K,0.476043,0.420289,0,0.516258,0.481532,-0.028568,0.581117,0.499234,-0.038565,0.635634,0.476491,-0.049288,0.680755,0.463177,-0.058801,0.63283,0.475082,-0.01306,0.699286,0.494392,-0.032546,0.739281,0.50879,-0.044649,0.775893,0.521208,-0.052153,0.628028,0.426282,-0.015449,0.695804,0.404919,-0.046119,0.743221,0.387753,-0.064556,0.782783,0.370838,-0.072251,0.612307,0.381388,-0.021782,0.630947,0.388871,-0.068629,0.581738,0.411451,-0.077375,0.546879,0.422486,-0.06911,0.589502,0.341941,-0.029689,0.612563,0.350249,-0.065856,0.578366,0.375932,-0.067065,0.547407,0.392202,-0.058764
K,0.479033,0.418768,0,0.517655,0.480798,-0.029421,0.583003,0.49686,-0.03889,0.637602,0.472325,-0.048545,0.683473,0.457199,-0.056485,0.630968,0.471513,-0.013114,0.697903,0.491452,-0.03245,0.738848,0.506088,-0.043579,0.77481,0.517516,-0.050007,0.627657,0.421935,-0.014506,0.699867,0.399161,-0.045586,0.747444,0.384783,-0.063615,0.786256,0.370393,-0.070718,0.611825,0.376926,-0.019741,0.635375,0.383555,-0.067478,0.584604,0.4072,-0.074632,0.549806,0.419651,-0.064668,0.588928,0.337639,-0.026486,0.61646,0.346652,-0.062966,0.581073,0.370811,-0.062538,0.550635,0.385344,-0.052768
K,0.477448,0.41627,0,0.516017,0.476976,-0.02952,0.581137,0.493804,-0.039373,0.636411,0.470015,-0.049342,0.681476,0.454351,-0.057758,0.629921,0.468148,-0.014052,0.697394,0.487375,-0.033277,0.738443,0.501255,-0.044578,0.77489,0.51195,-0.051362,0.625706,0.419542,-0.015424,0.696459,0.396058,-0.045988,0.743781,0.380276,-0.063449,0.782427,0.364678,-0.07029,0.609868,0.375209,-0.020676,0.63289,0.382374,-0.067435,0.583276,0.405305,-0.074639,0.548869,0.416734,-0.065143,0.587026,0.336307,-0.027539,0.613554,0.344834,-0.063812,0.578773,0.368865,-0.064008,0.54814,0.383783,-0.054804
K,0.478168,0.41665,0,0.518366,0.477323,-0.028705,0.582327,0.493124,-0.038788,0.635968,0.469784,-0.049504,0.680726,0.45404,-0.058789,0.632983,0.467808,-0.012651,0.699881,0.485445,-0.031762,0.74036,0.497898,-0.043636,0.777052,0.508664,-0.051105,0.628192,0.420045,-0.014725,0.694949,0.397826,-0.045365,0.741878,0.381097,-0.063776,0.780938,0.364925,-0.071741,0.611976,0.376055,-0.020697,0.632507,0.383657,-0.067092,0.584506,0.406583,-0.0751,0.550326,0.417866,-0.066627,0.589087,0.337314,-0.028296,0.612874,0.346421,-0.063968,0.579208,0.371766,-0.064764,0.549119,0.387121,-0.056379
K,0.482787,0.415562,0,0.522681,0.47476,-0.028225,0.586587,0.490724,-0.038075,0.640332,0.466955,-0.048586,0.684114,0.44999,-0.057807,0.638826,0.465346,-0.01315,0.705277,0.48132,-0.032371,0.744612,0.493377,-0.044172,0.780092,0.50411,-0.05138,0.634347,0.417012,-0.015477,0.700516,0.394201,-0.045253,0.745777,0.377754,-0.062851,0.783208,0.362668,-0.070237,0.618435,0.372737,-0.021711,0.635967,0.381185,-0.067415,0.588627,0.40419,-0.075532,0.554596,0.415919,-0.067312,0.5951,0.334299,-0.029554,0.61605,0.342633,-0.064797,0.582296,0.367555,-0.065584,0.551593,0.383181,-0.057212
K,0.48628,0.415193,0,0.524986,0.474273,-0.027974,0.588195,0.49153,-0.038394,0.642003,0.467904,-0.04937,0.685266,0.449869,-0.059192,0.640569,0.464456,-0.013881,0.707367,0.481212,-0.033476,0.747538,0.493059,-0.045555,0.78378,0.502292,-0.052984,0.635834,0.417335,-0.016567,0.702609,0.395872,-0.047725,0.748927,0.376846,-0.065923,0.787072,0.357413,-0.07321,0.620262,0.374151,-0.022973,0.640162,0.38184,-0.069168,0.593905,0.406561,-0.077523,0.560866,0.419068,-0.069268,0.597615,0.335988,-0.030885,0.622134,0.343472,-0.066503,0.588549,0.369077,-0.067115,0.557826,0.384951,-0.058418
K,0.482388,0.414437,0,0.522563,0.474173,-0.026457,0.586901,0.49241,-0.035467,0.64122,0.469402,-0.045609,0.684231,0.45168,-0.054688,0.64036,0.467481,-0.01044,0.706914,0.484032,-0.028495,0.746639,0.494664,-0.039764,0.782588,0.503297,-0.046874,0.635557,0.419703,-0.013531,0.701712,0.395433,-0.042049,0.74763,0.376488,-0.05962,0.78564,0.358256,-0.067214,0.61981,0.375993,-0.02045,0.637559,0.383365,-0.065002,0.591174,0.407065,-0.074255,0.557588,0.41916,-0.067257,0.597057,0.337579,-0.028823,0.618202,0.345622,-0.063603,0.585131,0.371393,-0.065338,0.554494,0.388014,-0.057863
K,0.477973,0.414544,0,0.519337,0.476876,-0.025052,0.582747,0.497177,-0.033423,0.637662,0.473636,-0.043303,0.680459,0.455655,-0.052127,0.637622,0.471733,-0.009889,0.70456,0.48914,-0.027985,0.743609,0.500396,-0.039295,0.779403,0.510097,-0.046411,0.632954,0.42185,-0.013742,0.700037,0.397641,-0.041998,0.74515,0.380825,-0.059356,0.783378,0.365383,-0.066936,0.616761,0.37705,-0.021317,0.633517,0.384218,-0.065533,0.587327,0.407373,-0.074731,0.554341,0.419595,-0.067721,0.593479,0.339012,-0.030204,0.614872,0.346368,-0.063698,0.582327,0.372468,-0.064794,0.551712,0.38961,-0.057042
K,0.469981,0.421416,0,0.508164,0.481591,-0.027424,0.571907,0.498553,-0.036771,0.624449,0.474936,-0.046813,0.666521,0.458315,-0.05561,0.619998,0.473266,-0.014213,0.685922,0.489564,-0.033952,0.726338,0.501907,-0.045868,0.761812,0.511496,-0.052831,0.61631,0.425164,-0.01641,0.682661,0.403798,-0.045794,0.729976,0.38851,-0.063001,0.76843,0.373865,-0.070117,0.601734,0.380745,-0.022362,0.619364,0.390388,-0.067261,0.572716,0.412824,-0.0753,0.53859,0.423523,-0.067053,0.580117,0.341142,-0.029867,0.600056,0.353332,-0.06452,0.567196,0.378068,-0.065447,0.537396,0.392293,-0.057171
K,0.462644,0.415055,0,0.50358,0.474933,-0.025615,0.565456,0.493321,-0.035166,0.618683,0.473154,-0.04593,0.661318,0.454398,-0.055622,0.617049,0.469275,-0.011408,0.683108,0.484723,-0.030246,0.721964,0.495171,-0.042165,0.758079,0.504883,-0.049794,0.61265,0.421957,-0.01504,0.678339,0.400115,-0.044799,0.723209,0.382667,-0.062999,0.761105,0.366872,-0.071066,0.597115,0.377631,-0.022258,0.613968,0.385384,-0.06727,0.567825,0.407522,-0.076264,0.534321,0.418807,-0.069063,0.574474,0.339185,-0.030866,0.593516,0.347236,-0.065463,0.560821,0.373382,-0.06719,0.531139,0.38987,-0.059834
K,0.464155,0.415295,0,0.504488,0.475053,-0.02625,0.566092,0.493698,-0.035471,0.619784,0.471657,-0.045785,0.661894,0.454585,-0.055004,0.618436,0.468064,-0.012293,0.685313,0.483766,-0.031534,0.72451,0.495108,-0.043593,0.760687,0.50585,-0.051091,0.613981,0.420193,-0.015395,0.678721,0.398298,-0.045577,0.72295,0.381991,-0.063812,0.760651,0.367684,-0.071678,0.598488,0.37621,-0.022103,0.613689,0.3839,-0.067207,0.567999,0.406143,-0.076123,0.534942,0.417818,-0.068698,0.576148,0.338649,-0.030263,0.593824,0.346203,-0.064321,0.561372,0.372213,-0.065649,0.531849,0.388965,-0.057933
K,0.464471,0.416839,0,0.504047,0.476426,-0.028061,0.566342,0.493693,-0.038319,0.619176,0.470691,-0.049275,0.662086,0.45347,-0.058969,0.617629,0.467072,-0.014824,0.68504,0.482252,-0.034471,0.724883,0.493156,-0.046541,0.761147,0.502915,-0.053993,0.61258,0.419779,-0.017184,0.677677,0.398673,-0.048134,0.723005,0.382612,-0.066572,0.761086,0.367815,-0.074574,0.596674,0.375863,-0.023202,0.614508,0.385498,-0.069456,0.568125,0.409052,-0.077915,0.534236,0.420851,-0.069908,0.574258,0.337584,-0.030773,0.594798,0.347313,-0.066326,0.561812,0.373698,-0.06754,0.531584,0.389865,-0.059464
K,0.463077,0.419401,0,0.503743,0.478399,-0.026522,0.565984,0.496228,-0.036206,0.619298,0.473839,-0.046929,0.661761,0.457263,-0.056489,0.617921,0.470632,-0.013583,0.685168,0.485389,-0.033591,0.724623,0.49666,-0.045997,0.761051,0.507003,-0.053709,0.612881,0.422936,-0.016827,0.677096,0.40141,-0.04795,0.721435,0.384751,-0.066461,0.759663,0.369786,-0.074362,0.596846,0.378917,-0.023667,0.612525,0.386194,-0.069532,0.566483,0.409712,-0.07828,0.533302,0.422526,-0.070568,0.573944,0.340986,-0.031968,0.591741,0.348717,-0.066717,0.559256,0.37562,-0.06814,0.529998,0.393214,-0.060353
K,0.459908,0.417642,0,0.500845,0.477209,-0.025824,0.563333,0.495579,-0.03511,0.61654,0.473952,-0.045592,0.658453,0.454607,-0.055048,0.614774,0.470222,-0.01154,0.681421,0.484854,-0.030343,0.720955,0.495309,-0.042036,0.756972,0.50466,-0.049356,0.609626,0.422331,-0.015141,0.675677,0.398775,-0.045061,0.720824,0.380254,-0.063156,0.758276,0.363435,-0.070865,0.593378,0.377843,-0.022352,0.609242,0.38669,-0.06777,0.563548,0.409461,-0.076907,0.530615,0.421037,-0.069537,0.570302,0.339181,-0.030926,0.589647,0.348092,-0.065706,0.557193,0.374672,-0.067225,0.527642,0.391436,-0.059559
K,0.446023,0.433895,0,0.486583,0.496735,-0.026571,0.553625,0.5152,-0.034426,0.608338,0.48884,-0.043577,0.651075,0.471976,-0.051513,0.606355,0.486579,-0.012571,0.677129,0.504212,-0.03181,0.719087,0.517269,-0.042987,0.75621,0.527488,-0.049333,0.601488,0.43542,-0.01567,0.669889,0.415678,-0.04537,0.715525,0.401458,-0.063415,0.7536,0.387422,-0.07063,0.585001,0.389051,-0.022424,0.598976,0.401436,-0.068377,0.551263,0.427151,-0.078409,0.516735,0.439835,-0.070942,0.561549,0.349682,-0.030537,0.578201,0.363008,-0.065365,0.543632,0.392016,-0.066919,0.511627,0.409619,-0.058797
K,0.414135,0.456109,0,0.453858,0.537306,-0.025221,0.523878,0.569879,-0.034188,0.587875,0.54633,-0.045074,0.634732,0.524484,-0.055197,0.585152,0.539858,-0.015178,0.660763,0.558354,-0.03679,0.705228,0.573639,-0.048865,0.745931,0.588264,-0.055767,0.586367,0.481423,-0.020613,0.654722,0.460566,-0.055758,0.707481,0.446249,-0.074763,0.752528,0.431235,-0.080843,0.571932,0.429184,-0.029529,0.567058,0.445454,-0.080795,0.514828,0.471718,-0.092993,0.478522,0.486863,-0.085247,0.547474,0.38725,-0.039564,0.548347,0.403892,-0.075641,0.512334,0.433852,-0.078106,0.480822,0.4554,-0.070136
K,0.385057,0.474297,0,0.427507,0.551828,-0.028572,0.503952,0.580243,-0.03834,0.569959,0.551884,-0.049662,0.618501,0.530165,-0.059456,0.565256,0.544964,-0.01739,0.645774,0.565224,-0.040753,0.693535,0.580798,-0.053887,0.736207,0.594656,-0.061564,0.563801,0.483568,-0.02256,0.639238,0.463907,-0.057534,0.692244,0.450322,-0.077226,0.736448,0.435448,-0.08455,0.546997,0.42979,-0.031602,0.552406,0.455483,-0.0852,0.49617,0.48515,-0.096363,0.457776,0.499659,-0.087764,0.519549,0.387702,-0.042179,0.527265,0.414893,-0.082326,0.487131,0.447563,-0.085015,0.452288,0.467725,-0.076653
K,0.392948,0.459555,0,0.437328,0.537707,-0.027819,0.51401,0.566193,-0.035943,0.580276,0.537736,-0.045834,0.629129,0.51736,-0.05438,0.578203,0.534096,-0.01383,0.65875,0.553809,-0.035423,0.706133,0.568703,-0.047568,0.74802,0.582977,-0.054415,0.576035,0.471858,-0.018808,0.649167,0.450878,-0.052767,0.702548,0.437245,-0.073399,0.746226,0.423174,-0.081503,0.559373,0.416966,-0.027625,0.560989,0.434049,-0.079746,0.505768,0.464309,-0.092676,0.465817,0.480811,-0.085575,0.533235,0.37285,-0.037949,0.537856,0.392339,-0.076441,0.498464,0.424342,-0.079612,0.463414,0.445011,-0.071846
K,0.39535,0.445651,0,0.437911,0.519312,-0.029378,0.513532,0.546852,-0.038015,0.578694,0.515355,-0.047871,0.626653,0.49337,-0.056301,0.574751,0.514202,-0.016647,0.655881,0.533749,-0.038615,0.702751,0.549964,-0.050422,0.743641,0.565145,-0.05677,0.5714,0.45334,-0.020654,0.648637,0.43208,-0.054519,0.701159,0.419364,-0.074343,0.74425,0.407062,-0.081966,0.554886,0.399671,-0.028505,0.562813,0.416033,-0.081214,0.508327,0.444621,-0.093334,0.46955,0.459221,-0.08537,0.530307,0.355065,-0.037762,0.539577,0.373833,-0.077232,0.499142,0.404622,-0.079747,0.464069,0.422686,-0.071238
L,0.549812,0.500994,0,0.524915,0.556366,-0.024403,0.50969,0.596864,-0.043946,0.506845,0.61291,-0.061116,0.514833,0.606146,-0.079503,0.57498,0.616693,-0.052794,0.556543,0.588713,-0.0826,0.530841,0.568252,-0.100557,0.507887,0.565905,-0.111616,0.594684,0.564006,-0.056489,0.56925,0.535881,-0.085915,0.531819,0.525865,-0.09527,0.501015,0.530924,-0.101174,0.604079,0.51218,-0.061967,0.580355,0.485672,-0.093009,0.542319,0.484346,-0.097535,0.510305,0.496739,-0.098047,0.602784,0.4695,-0.068948,0.588226,0.4338,-0.091561,0.566441,0.421713,-0.094243,0.54767,0.423693,-0.094554
L,0.465106,0.528302,0,0.488719,0.498912,-0.033994,0.517658,0.484655,-0.053551,0.541912,0.481287,-0.07062,0.562441,0.472671,-0.084052,0.587209,0.58917,-0.027256,0.586685,0.529962,-0.058448,0.551855,0.503265,-0.079682,0.521013,0.509145,-0.090625,0.589712,0.612171,-0.024211,0.584896,0.535531,-0.059667,0.542018,0.512756,-0.075782,0.507012,0.511189,-0.080403,0.583321,0.627016,-0.02585,0.582661,0.552639,-0.059173,0.537625,0.534032,-0.067508,0.499009,0.534154,-0.065382,0.56786,0.639862,-0.031,0.580563,0.58817,-0.054004,0.554925,0.570514,-0.059299,0.528511,0.569696,-0.05727
L,0.522137,0.518418,0,0.506827,0.566309,-0.011856,0.504188,0.602234,-0.02194,0.507699,0.611231,-0.032238,0.517521,0.597383,-0.04278,0.569759,0.639177,-0.023829,0.538941,0.588387,-0.045588,0.509679,0.569991,-0.061727,0.490109,0.571211,-0.071711,0.592302,0.603686,-0.029287,0.554534,0.542605,-0.049781,0.5148,0.532111,-0.057208,0.489081,0.534882,-0.061651,0.604118,0.561883,-0.036398,0.573107,0.514362,-0.060096,0.531151,0.508695,-0.063002,0.50209,0.514598,-0.061544,0.603798,0.524491,-0.044533,0.60218,0.494117,-0.06151,0.596816,0.488922,-0.063966,0.59517,0.493737,-0.063648
L,0.513097,0.554082,0,0.526407,0.501806,-0.035614,0.550109,0.464292,-0.066582,0.571931,0.433553,-0.093819,0.591576,0.400971,-0.120883,0.573707,0.491865,-0.077445,0.612528,0.469241,-0.110391,0.616042,0.452212,-0.123197,0.621002,0.46062,-0.130634,0.566907,0.543293,-0.07633,0.603418,0.535305,-0.114064,0.562086,0.518105,-0.11845,0.531945,0.52372,-0.117507,0.555277,0.595665,-0.076254,0.590966,0.583236,-0.112161,0.547607,0.559709,-0.107889,0.515904,0.563644,-0.100262,0.540133,0.645855,-0.078609,0.568357,0.628401,-0.103973,0.541752,0.600214,-0.100741,0.518975,0.591324,-0.095404
L,0.557429,0.505434,0,0.538158,0.514853,-0.021523,0.524262,0.533619,-0.038272,0.514077,0.549049,-0.053774,0.513106,0.559578,-0.067609,0.579639,0.593795,-0.028406,0.561097,0.584122,-0.052369,0.535794,0.561579,-0.067817,0.518892,0.555211,-0.076866,0.598218,0.586042,-0.029411,0.574171,0.568972,-0.052089,0.5383,0.54934,-0.059917,0.516029,0.546632,-0.063491,0.606896,0.570118,-0.03314,0.581435,0.554905,-0.057039,0.54389,0.541694,-0.057626,0.519716,0.540652,-0.054347,0.606809,0.551446,-0.038571,0.584701,0.544493,-0.052931,0.557048,0.539111,-0.051208,0.537971,0.540688,-0.047536
L,0.498657,0.646941,0,0.508806,0.612981,-0.023589,0.53115,0.571546,-0.057858,0.549659,0.537078,-0.088881,0.562362,0.520824,-0.120749,0.585005,0.574892,-0.094367,0.593361,0.537454,-0.136234,0.58542,0.523685,-0.161264,0.581386,0.512072,-0.174165,0.580211,0.608105,-0.094324,0.570115,0.5845,-0.121332,0.542852,0.586491,-0.124625,0.526333,0.593254,-0.131756,0.561918,0.650195,-0.092927,0.543234,0.629975,-0.110992,0.523155,0.627114,-0.104915,0.514551,0.630873,-0.103313,0.538124,0.692605,-0.09358,0.523365,0.67418,-0.102996,0.509953,0.665488,-0.096891,0.505641,0.663958,-0.094891
L,0.540575,0.551634,0,0.523549,0.574,-0.028465,0.527144,0.606466,-0.046738,0.539468,0.629582,-0.061328,0.551969,0.644419,-0.073734,0.589875,0.642229,-0.047561,0.597017,0.635231,-0.081254,0.563593,0.612443,-0.097764,0.535474,0.613971,-0.107188,0.60491,0.629256,-0.049176,0.613329,0.623369,-0.086798,0.567837,0.603566,-0.095982,0.535616,0.607945,-0.097825,0.609981,0.610571,-0.054511,0.623962,0.600879,-0.094076,0.578509,0.58781,-0.097514,0.545654,0.597262,-0.093964,0.606218,0.592762,-0.061348,0.619414,0.561658,-0.091377,0.600221,0.54007,-0.096783,0.585087,0.538212,-0.09687
L,0.512608,0.580362,0,0.525533,0.565515,-0.034764,0.558063,0.56576,-0.054928,0.594843,0.56002,-0.070381,0.625163,0.551471,-0.082169,0.593784,0.641137,-0.045675,0.60116,0.623687,-0.079079,0.568744,0.597004,-0.096687,0.541681,0.601407,-0.106306,0.596453,0.657856,-0.04232,0.605819,0.625035,-0.077536,0.562676,0.599595,-0.086459,0.531505,0.604119,-0.087895,0.592109,0.670031,-0.043398,0.612007,0.63468,-0.078298,0.568561,0.613421,-0.080616,0.535909,0.61895,-0.076779,0.580812,0.682462,-0.047389,0.603297,0.639675,-0.072786,0.583681,0.608776,-0.075669,0.565955,0.602323,-0.073606
L,0.524336,0.602182,0,0.547717,0.550131,-0.040374,0.585556,0.517944,-0.065987,0.614594,0.494395,-0.08701,0.638406,0.471605,-0.105398,0.624947,0.595786,-0.053323,0.631342,0.569794,-0.088609,0.596541,0.553767,-0.107688,0.568798,0.559735,-0.116765,0.621012,0.64646,-0.047381,0.621917,0.610722,-0.081817,0.576902,0.593524,-0.090936,0.545215,0.598802,-0.092214,0.609241,0.686704,-0.045487,0.615335,0.647756,-0.076937,0.570467,0.627641,-0.079493,0.538187,0.630254,-0.075846,0.591337,0.720004,-0.04739,0.600173,0.682929,-0.068793,0.573552,0.658486,-0.070392,0.551243,0.652861,-0.067472
L,0.557839,0.568872,0,0.550215,0.57024,-0.031622,0.557732,0.589387,-0.05013,0.57407,0.608242,-0.065228,0.588958,0.621002,-0.076999,0.612476,0.651896,-0.039006,0.610486,0.63903,-0.069685,0.578163,0.613587,-0.085584,0.554401,0.611129,-0.093245,0.619173,0.652527,-0.036449,0.616684,0.637949,-0.070225,0.573922,0.612664,-0.078366,0.547264,0.608503,-0.078579,0.618112,0.647334,-0.038076,0.616318,0.638192,-0.072973,0.574961,0.618505,-0.073758,0.548047,0.613675,-0.066979,0.609467,0.643206,-0.041918,0.607511,0.641386,-0.064361,0.583454,0.629683,-0.0648,0.566372,0.626895,-0.060494
L,0.563391,0.574857,0,0.567201,0.547714,-0.03764,0.572913,0.550315,-0.06148,0.57359,0.575187,-0.080128,0.578805,0.599977,-0.095699,0.62419,0.606348,-0.056312,0.619806,0.591118,-0.091649,0.588402,0.58045,-0.110047,0.560507,0.585736,-0.119224,0.61936,0.641062,-0.051172,0.615143,0.635908,-0.088303,0.575684,0.615369,-0.097194,0.547155,0.608864,-0.098275,0.606149,0.667489,-0.04977,0.603288,0.662871,-0.086408,0.567286,0.641742,-0.088458,0.542619,0.631067,-0.082947,0.587438,0.689293,-0.051083,0.585142,0.687207,-0.075685,0.563521,0.672147,-0.078346,0.547251,0.664968,-0.075787
L,0.531143,0.594566,0,0.554526,0.544288,-0.037656,0.59161,0.512708,-0.062677,0.620573,0.489152,-0.083929,0.64257,0.468197,-0.102514,0.627944,0.590417,-0.050063,0.630594,0.570053,-0.08472,0.595421,0.553051,-0.102888,0.569249,0.55827,-0.111531,0.622843,0.63753,-0.045802,0.620847,0.606604,-0.07979,0.576372,0.58982,-0.087578,0.547752,0.595946,-0.088115,0.611229,0.676022,-0.045703,0.616037,0.643509,-0.076986,0.572139,0.623293,-0.077901,0.54343,0.625523,-0.073148,0.594113,0.70988,-0.049269,0.604495,0.680532,-0.069652,0.578839,0.656226,-0.069625,0.559004,0.649225,-0.06576
L,0.59476,0.616166,0,0.592065,0.563976,-0.033028,0.586372,0.537472,-0.059151,0.571209,0.540364,-0.081505,0.561962,0.549524,-0.103096,0.627438,0.573727,-0.057708,0.614575,0.55716,-0.089281,0.591004,0.557927,-0.107664,0.567273,0.570222,-0.118271,0.625891,0.620791,-0.054599,0.613639,0.60973,-0.085111,0.57847,0.600944,-0.09373,0.550805,0.602631,-0.097748,0.616979,0.661724,-0.053756,0.609129,0.655778,-0.082329,0.579226,0.642886,-0.084023,0.556711,0.638284,-0.081499,0.603285,0.698822,-0.055563,0.59956,0.691592,-0.073603,0.581887,0.677018,-0.073992,0.567162,0.669018,-0.072235
L,0.552362,0.569494,0,0.551634,0.54663,-0.038642,0.559881,0.548161,-0.061597,0.567535,0.569935,-0.079618,0.581285,0.586955,-0.093817,0.615397,0.607122,-0.050989,0.624096,0.594774,-0.085631,0.591344,0.577794,-0.103175,0.563228,0.581356,-0.111598,0.614327,0.635361,-0.045438,0.623129,0.626978,-0.082187,0.582459,0.604944,-0.090918,0.554439,0.601814,-0.091668,0.606467,0.656604,-0.044324,0.615543,0.647567,-0.081586,0.576261,0.627091,-0.08283,0.548607,0.619787,-0.076382,0.592578,0.676027,-0.046108,0.59964,0.669625,-0.071502,0.576569,0.655683,-0.074035,0.557894,0.650921,-0.071045
L,0.505806,0.559187,0,0.530346,0.519966,-0.029162,0.562975,0.506291,-0.045024,0.583072,0.516738,-0.060841,0.592881,0.52191,-0.073195,0.613911,0.582777,-0.014604,0.638599,0.555618,-0.04429,0.603811,0.528452,-0.062261,0.570977,0.529967,-0.070489,0.615925,0.620661,-0.013764,0.637324,0.587817,-0.049387,0.592677,0.564335,-0.063676,0.558011,0.561005,-0.065457,0.610701,0.653783,-0.018519,0.635962,0.61746,-0.05195,0.587404,0.594741,-0.058974,0.547256,0.5892,-0.055001,0.598129,0.685034,-0.026537,0.621976,0.649621,-0.04838,0.596071,0.627962,-0.053253,0.569161,0.620333,-0.051061
L,0.495431,0.579071,0,0.530825,0.529095,-0.017106,0.578434,0.480993,-0.030734,0.606585,0.436303,-0.046136,0.61954,0.388953,-0.063299,0.638669,0.527236,-0.024691,0.704987,0.5015,-0.048819,0.749455,0.489344,-0.065584,0.782692,0.485987,-0.076993,0.635659,0.578235,-0.027663,0.649155,0.548449,-0.063534,0.599885,0.544653,-0.076202,0.558869,0.546643,-0.077061,0.624315,0.624701,-0.032412,0.628576,0.590247,-0.061757,0.58181,0.581949,-0.062791,0.543404,0.583598,-0.055922,0.607593,0.669552,-0.03903,0.617662,0.639197,-0.058259,0.585479,0.618866,-0.056091,0.55695,0.61293,-0.049491
L,0.504888,0.584794,0,0.536165,0.533204,-0.019854,0.577978,0.490473,-0.033045,0.612056,0.452646,-0.047851,0.635648,0.409947,-0.061288,0.633566,0.557134,-0.007463,0.654117,0.530167,-0.033559,0.617599,0.518715,-0.050912,0.586501,0.522106,-0.057607,0.633312,0.59899,-0.008113,0.640987,0.564519,-0.03458,0.593893,0.558723,-0.045743,0.56062,0.563059,-0.046951,0.62529,0.639145,-0.012991,0.63419,0.598051,-0.037057,0.584774,0.588708,-0.041232,0.548156,0.592156,-0.037065,0.61112,0.67711,-0.020369,0.625365,0.639084,-0.03519,0.59498,0.623394,-0.035574,0.568542,0.621831,-0.030883
L,0.508982,0.584653,0,0.540209,0.533235,-0.016011,0.581243,0.49251,-0.028362,0.613587,0.455371,-0.042721,0.637205,0.416618,-0.056117,0.637467,0.56025,-0.005585,0.656263,0.52092,-0.030553,0.624824,0.506044,-0.04768,0.599793,0.509738,-0.055126,0.637679,0.601314,-0.008512,0.646602,0.558597,-0.035914,0.599692,0.550933,-0.047684,0.566524,0.555675,-0.049181,0.630468,0.641406,-0.015101,0.637304,0.593764,-0.03869,0.588474,0.585731,-0.04353,0.552735,0.590119,-0.040279,0.616724,0.679107,-0.023916,0.629021,0.637476,-0.037962,0.59962,0.621522,-0.038839,0.574363,0.619748,-0.034886
L,0.501931,0.586041,0,0.533346,0.544779,-0.019795,0.578793,0.512228,-0.035011,0.617673,0.479103,-0.052821,0.644564,0.442571,-0.068539,0.621139,0.577833,-0.010029,0.653341,0.568868,-0.04213,0.614647,0.553516,-0.060836,0.579927,0.552521,-0.067227,0.617191,0.613471,-0.01258,0.650563,0.602556,-0.047325,0.603268,0.587433,-0.058729,0.56857,0.583463,-0.058222,0.610907,0.651075,-0.020204,0.647401,0.63414,-0.049968,0.597674,0.616449,-0.052882,0.559031,0.610338,-0.04641,0.600665,0.687177,-0.030215,0.636841,0.669233,-0.04778,0.610583,0.653104,-0.04849,0.584139,0.646314,-0.043742
L,0.527875,0.576619,0,0.548563,0.539778,-0.023853,0.588517,0.514412,-0.041368,0.623243,0.483019,-0.059503,0.643917,0.448816,-0.07541,0.622631,0.579406,-0.023053,0.661004,0.572317,-0.054008,0.626764,0.547432,-0.069903,0.594054,0.540395,-0.074978,0.617087,0.618936,-0.024027,0.655953,0.613446,-0.057265,0.613365,0.589434,-0.066498,0.580598,0.580582,-0.065187,0.607893,0.6582,-0.029384,0.65075,0.649411,-0.057417,0.608167,0.622438,-0.059191,0.574172,0.610496,-0.053224,0.594867,0.693628,-0.037321,0.632168,0.681897,-0.055015,0.612808,0.659637,-0.05605,0.59146,0.646088,-0.052191
L,0.505976,0.588409,0,0.538567,0.54141,-0.018728,0.583841,0.506691,-0.032486,0.622746,0.476673,-0.048448,0.649646,0.439263,-0.062725,0.62193,0.568749,-0.009376,0.651245,0.563367,-0.038709,0.613585,0.553318,-0.056603,0.579014,0.553935,-0.063468,0.618437,0.607426,-0.011674,0.648171,0.598777,-0.04396,0.600985,0.587217,-0.055519,0.565913,0.583994,-0.056024,0.612578,0.647023,-0.018579,0.646299,0.630734,-0.046822,0.597373,0.613764,-0.049615,0.559376,0.60719,-0.043908,0.602169,0.683972,-0.02772,0.635189,0.664393,-0.04521,0.609092,0.645782,-0.045644,0.583841,0.637404,-0.041172
L,0.507653,0.588106,0,0.539027,0.541189,-0.015961,0.584741,0.507022,-0.028179,0.621126,0.476683,-0.042747,0.64646,0.441776,-0.05564,0.623562,0.562171,-0.007218,0.654023,0.549672,-0.036591,0.616204,0.538584,-0.053551,0.582939,0.539599,-0.059298,0.619785,0.600997,-0.010616,0.650408,0.586721,-0.043062,0.60145,0.577981,-0.053946,0.566755,0.579202,-0.053462,0.61303,0.642113,-0.018399,0.646008,0.622407,-0.047899,0.594814,0.608795,-0.049925,0.557705,0.606545,-0.04303,0.602642,0.681235,-0.027856,0.636257,0.662794,-0.046381,0.607279,0.644432,-0.045498,0.581132,0.638065,-0.039445
L,0.509785,0.590515,0,0.5396,0.542631,-0.0122,0.588153,0.505542,-0.023786,0.621018,0.462582,-0.038104,0.640384,0.417994,-0.054287,0.636191,0.547083,-0.0171,0.698381,0.534019,-0.039573,0.735284,0.524995,-0.053879,0.762947,0.523625,-0.063557,0.632864,0.590159,-0.022385,0.658238,0.57257,-0.056694,0.609075,0.56436,-0.066671,0.57245,0.564707,-0.065589,0.623044,0.634123,-0.029399,0.647841,0.614959,-0.05937,0.596876,0.601038,-0.056271,0.558681,0.60006,-0.046182,0.608959,0.676367,-0.037666,0.637361,0.660924,-0.060351,0.60541,0.63916,-0.056605,0.576563,0.633357,-0.047731
L,0.511006,0.59037,0,0.543843,0.543767,-0.019442,0.58738,0.505274,-0.034876,0.619967,0.464271,-0.0526,0.640217,0.419688,-0.068969,0.631739,0.563279,-0.009832,0.662883,0.545214,-0.038234,0.631006,0.531371,-0.055242,0.604029,0.533183,-0.062132,0.628137,0.603901,-0.012495,0.655222,0.584232,-0.04512,0.606855,0.57228,-0.056208,0.574344,0.574716,-0.056228,0.621354,0.645615,-0.019769,0.651353,0.621333,-0.048923,0.60048,0.605949,-0.050464,0.564461,0.604446,-0.043642,0.610639,0.684776,-0.029267,0.641102,0.66274,-0.047217,0.612537,0.643004,-0.046126,0.587433,0.63723,-0.040256
L,0.522264,0.588683,0,0.547995,0.542935,-0.025998,0.588338,0.50582,-0.044501,0.617635,0.469087,-0.063859,0.633964,0.431549,-0.081384,0.624468,0.579719,-0.022096,0.651782,0.565559,-0.052842,0.614261,0.547352,-0.069521,0.583914,0.549581,-0.075974,0.619874,0.618387,-0.022517,0.64844,0.60244,-0.056758,0.60124,0.584236,-0.066741,0.570252,0.584722,-0.066254,0.613257,0.657801,-0.027716,0.64724,0.635523,-0.058306,0.597555,0.612387,-0.060685,0.56274,0.609401,-0.054787,0.602675,0.69478,-0.035791,0.637278,0.6713,-0.055317,0.611812,0.648299,-0.056248,0.588528,0.640764,-0.052275
L,0.52163,0.597694,0,0.547676,0.551339,-0.031122,0.585674,0.516458,-0.052934,0.613287,0.486281,-0.074284,0.628692,0.456724,-0.09302,0.62044,0.595812,-0.02909,0.650962,0.581068,-0.062699,0.614238,0.559248,-0.080537,0.582943,0.558469,-0.087358,0.617203,0.635582,-0.027189,0.646759,0.618955,-0.063077,0.599142,0.597751,-0.073312,0.566932,0.597005,-0.07287,0.610799,0.675332,-0.030413,0.643414,0.652691,-0.061386,0.593924,0.627215,-0.06374,0.559128,0.624159,-0.057878,0.598956,0.712714,-0.036995,0.632261,0.688496,-0.056113,0.606156,0.663688,-0.057237,0.582633,0.655571,-0.053381
L,0.511966,0.621745,0,0.540773,0.572234,-0.015403,0.585913,0.535372,-0.028683,0.617065,0.49633,-0.043907,0.63974,0.45748,-0.06065,0.639497,0.577818,-0.016411,0.692493,0.563831,-0.039066,0.724407,0.555909,-0.054504,0.748501,0.553606,-0.064462,0.636613,0.621898,-0.020219,0.661485,0.610958,-0.055464,0.611619,0.602454,-0.06657,0.574148,0.599197,-0.065452,0.626263,0.666234,-0.026124,0.648338,0.653227,-0.057398,0.597144,0.636594,-0.055475,0.559114,0.62989,-0.045371,0.612067,0.707947,-0.033362,0.636978,0.697805,-0.05583,0.607038,0.676562,-0.052239,0.580833,0.666914,-0.0432
L,0.525447,0.303544,0,0.545299,0.375275,-0.031796,0.587294,0.438316,-0.056136,0.613952,0.499272,-0.080394,0.605044,0.5596,-0.103585,0.67712,0.418728,-0.04357,0.75078,0.428271,-0.075558,0.801619,0.436573,-0.09499,0.84116,0.442951,-0.108989,0.689114,0.360084,-0.044267,0.668811,0.35798,-0.093701,0.609604,0.350128,-0.10255,0.574257,0.347622,-0.098885,0.684544,0.303644,-0.048205,0.647441,0.299577,-0.090565,0.599463,0.304532,-0.082887,0.573066,0.313793,-0.067866,0.671728,0.252962,-0.056065,0.643828,0.254098,-0.082353,0.604611,0.265672,-0.07812,0.584648,0.278824,-0.068047
L,0.524702,0.306113,0,0.546282,0.376668,-0.031287,0.587761,0.439693,-0.055632,0.611771,0.501873,-0.080266,0.60462,0.562793,-0.103897,0.676768,0.417853,-0.043296,0.750833,0.428891,-0.075762,0.801572,0.436695,-0.095086,0.840521,0.442124,-0.108417,0.68709,0.358553,-0.044568,0.671522,0.36215,-0.095654,0.611099,0.355438,-0.104717,0.572841,0.351823,-0.100186,0.682041,0.302792,-0.049047,0.648837,0.305221,-0.092435,0.599616,0.309839,-0.084638,0.570898,0.315239,-0.068736,0.669264,0.252026,-0.057337,0.644611,0.258513,-0.083985,0.605243,0.271249,-0.079246,0.584061,0.282723,-0.06834
L,0.518194,0.31112,0,0.536084,0.383773,-0.032041,0.577757,0.448937,-0.056353,0.603578,0.513786,-0.080092,0.596916,0.576508,-0.102581,0.668865,0.436498,-0.043635,0.742715,0.443492,-0.074683,0.793743,0.450434,-0.095003,0.833665,0.45634,-0.109948,0.681483,0.379648,-0.043338,0.660156,0.374446,-0.090581,0.603185,0.366112,-0.101171,0.565516,0.363204,-0.099984,0.677106,0.324402,-0.04602,0.64101,0.31903,-0.08587,0.593288,0.323051,-0.079472,0.562682,0.330358,-0.066326,0.663799,0.275174,-0.052693,0.639137,0.276628,-0.078817,0.599001,0.286741,-0.075819,0.573692,0.299599,-0.066828
L,0.515472,0.310022,0,0.53273,0.383045,-0.03585,0.573202,0.444379,-0.063025,0.602644,0.502566,-0.089694,0.593595,0.562015,-0.115182,0.665993,0.426116,-0.045191,0.73942,0.433708,-0.077319,0.790191,0.441106,-0.097381,0.829137,0.4475,-0.111986,0.677953,0.368256,-0.044006,0.657862,0.362566,-0.093624,0.600045,0.355086,-0.103957,0.563594,0.354568,-0.101502,0.67412,0.313258,-0.04632,0.636845,0.305339,-0.088178,0.589207,0.310141,-0.081445,0.560542,0.319778,-0.067319,0.661693,0.264421,-0.053039,0.632692,0.26277,-0.079564,0.592948,0.275098,-0.076615,0.570047,0.289855,-0.067452
L,0.509841,0.302866,0,0.531414,0.376009,-0.037674,0.572751,0.43337,-0.065695,0.602336,0.489452,-0.093041,0.595173,0.550649,-0.119002,0.666706,0.415571,-0.046828,0.740684,0.417443,-0.08068,0.79,0.420412,-0.102348,0.82925,0.424036,-0.11777,0.678028,0.356477,-0.045071,0.656287,0.345711,-0.095907,0.59824,0.341654,-0.107687,0.561346,0.342886,-0.106111,0.672508,0.300438,-0.047031,0.6318,0.289359,-0.089334,0.583614,0.297634,-0.083754,0.554456,0.310117,-0.070172,0.658508,0.251433,-0.053694,0.626302,0.247378,-0.07978,0.586987,0.261792,-0.077323,0.564281,0.278678,-0.068402
L,0.503263,0.325052,0,0.525435,0.39664,-0.035503,0.567376,0.454315,-0.062362,0.595471,0.513838,-0.088536,0.588055,0.576777,-0.113473,0.65769,0.435954,-0.044564,0.729395,0.437542,-0.076027,0.778217,0.437504,-0.096729,0.81769,0.439243,-0.11187,0.66741,0.378529,-0.042768,0.645943,0.367995,-0.089704,0.588497,0.364957,-0.101037,0.551708,0.368483,-0.10068,0.661564,0.32452,-0.044315,0.624554,0.314002,-0.083549,0.576684,0.323132,-0.078014,0.545933,0.336147,-0.065698,0.64786,0.278062,-0.050326,0.62126,0.275689,-0.075859,0.581103,0.289983,-0.073696,0.555068,0.306842,-0.065418
L,0.491709,0.371159,0,0.519785,0.442512,-0.030587,0.564682,0.498345,-0.055177,0.595469,0.553755,-0.080367,0.593946,0.617338,-0.104031,0.654512,0.466369,-0.042969,0.728625,0.46218,-0.073946,0.776139,0.459265,-0.094451,0.814432,0.459408,-0.109322,0.658421,0.407894,-0.043815,0.634014,0.404709,-0.091378,0.579075,0.410502,-0.102464,0.542915,0.41753,-0.102294,0.647358,0.356026,-0.047437,0.609203,0.358915,-0.085701,0.564406,0.372307,-0.078244,0.534913,0.383577,-0.065234,0.629295,0.312263,-0.055324,0.601724,0.322354,-0.078088,0.566637,0.341324,-0.073965,0.544503,0.357877,-0.065011
L,0.490233,0.391074,0,0.514594,0.463372,-0.033173,0.559727,0.521605,-0.05901,0.591776,0.577941,-0.084409,0.592023,0.641386,-0.10797,0.650737,0.490725,-0.050817,0.725062,0.487823,-0.085229,0.774284,0.487109,-0.106402,0.813139,0.490317,-0.121269,0.659369,0.431847,-0.05094,0.634751,0.436187,-0.103638,0.576326,0.437395,-0.114158,0.537133,0.439789,-0.111624,0.650832,0.37871,-0.053819,0.608409,0.385685,-0.096528,0.560752,0.393562,-0.088131,0.530383,0.401393,-0.072761,0.634391,0.333478,-0.060997,0.600561,0.343744,-0.086672,0.563121,0.359904,-0.082698,0.541526,0.374455,-0.072821
L,0.49093,0.380199,0,0.516616,0.454349,-0.033048,0.561371,0.51065,-0.059876,0.592276,0.567392,-0.086909,0.589138,0.633393,-0.112201,0.652281,0.484513,-0.048498,0.726716,0.480111,-0.084011,0.775642,0.47704,-0.107341,0.814796,0.477938,-0.123797,0.658955,0.425468,-0.049279,0.635483,0.425634,-0.102636,0.577398,0.428064,-0.115167,0.538026,0.431885,-0.114382,0.649379,0.372341,-0.052973,0.609742,0.375881,-0.09594,0.561215,0.384814,-0.088148,0.529671,0.39265,-0.073245,0.632022,0.327702,-0.061094,0.600219,0.336386,-0.086467,0.562927,0.352145,-0.082326,0.540566,0.366327,-0.072433
L,0.493896,0.380791,0,0.518148,0.452782,-0.03213,0.561673,0.50922,-0.057985,0.591505,0.566733,-0.083832,0.588831,0.631167,-0.10802,0.652172,0.479923,-0.046328,0.724058,0.477115,-0.079697,0.772616,0.474967,-0.101153,0.810242,0.476035,-0.116234,0.65958,0.421143,-0.046815,0.635188,0.423452,-0.097408,0.578832,0.424487,-0.108751,0.540384,0.42719,-0.107293,0.650691,0.368806,-0.050188,0.607591,0.374908,-0.090882,0.561076,0.384221,-0.083757,0.531057,0.392525,-0.069673,0.633754,0.325034,-0.057854,0.60033,0.33635,-0.0818,0.563775,0.351889,-0.078046,0.54229,0.365464,-0.068692
L,0.493001,0.378751,0,0.517794,0.450982,-0.032681,0.561582,0.50772,-0.058935,0.59089,0.565613,-0.085133,0.588713,0.629384,-0.109597,0.653049,0.47841,-0.04827,0.724354,0.476654,-0.08251,0.772931,0.475249,-0.10391,0.810872,0.477198,-0.118889,0.660629,0.419096,-0.049035,0.636895,0.423773,-0.101221,0.579623,0.424679,-0.1123,0.540238,0.427145,-0.110192,0.651499,0.366476,-0.052745,0.607938,0.375045,-0.094913,0.56038,0.383969,-0.087476,0.529698,0.391938,-0.072775,0.634217,0.322225,-0.06079,0.59956,0.33494,-0.085383,0.563228,0.350804,-0.081686,0.542225,0.364752,-0.072267
L,0.48995,0.37948,0,0.516443,0.453128,-0.03224,0.560805,0.510512,-0.058438,0.591591,0.568075,-0.084752,0.589357,0.632055,-0.109223,0.651849,0.481985,-0.049561,0.725001,0.479896,-0.084212,0.77376,0.478042,-0.105937,0.813124,0.48007,-0.121331,0.65932,0.422667,-0.050495,0.635054,0.424519,-0.103181,0.576528,0.426864,-0.114273,0.536696,0.430834,-0.112438,0.649947,0.369973,-0.054192,0.607719,0.375559,-0.096176,0.560442,0.385112,-0.08815,0.529623,0.392958,-0.073385,0.632841,0.324725,-0.062292,0.597576,0.335388,-0.086978,0.561006,0.35234,-0.083318,0.539439,0.367364,-0.073996
L,0.488587,0.383717,0,0.512718,0.455678,-0.034254,0.557391,0.513458,-0.061042,0.589652,0.570449,-0.087412,0.588827,0.634673,-0.1118,0.648303,0.484027,-0.051463,0.722664,0.482303,-0.087406,0.772213,0.481585,-0.108851,0.811307,0.484837,-0.123733,0.657131,0.424455,-0.051553,0.635965,0.432096,-0.106458,0.575983,0.432231,-0.116584,0.535714,0.433568,-0.112797,0.649047,0.371744,-0.054751,0.60666,0.381001,-0.098704,0.558512,0.388753,-0.08987,0.528463,0.395631,-0.073608,0.632674,0.326476,-0.062431,0.59654,0.338749,-0.088043,0.559759,0.355146,-0.08413,0.539464,0.36938,-0.074209
L,0.4907,0.385135,0,0.515466,0.455608,-0.029395,0.560837,0.514646,-0.053287,0.590142,0.573636,-0.077203,0.588248,0.638466,-0.099512,0.651216,0.489125,-0.049193,0.725238,0.485267,-0.083258,0.773507,0.483616,-0.105649,0.813218,0.484705,-0.121767,0.660695,0.431053,-0.050927,0.629728,0.429343,-0.100647,0.574098,0.432017,-0.111248,0.53895,0.434607,-0.110387,0.651475,0.377996,-0.055086,0.60369,0.381128,-0.094434,0.558849,0.390883,-0.085704,0.532175,0.400018,-0.071778,0.634196,0.332884,-0.06353,0.59687,0.341874,-0.087281,0.561418,0.356492,-0.082705,0.54298,0.370437,-0.073212
L,0.495885,0.387158,0,0.521317,0.457677,-0.028082,0.566272,0.51631,-0.051174,0.596386,0.573685,-0.074788,0.596003,0.63619,-0.097175,0.65696,0.488898,-0.045151,0.731802,0.486576,-0.076972,0.780726,0.485197,-0.097553,0.81986,0.486047,-0.111978,0.663754,0.430611,-0.047154,0.63929,0.432576,-0.096259,0.582758,0.435007,-0.107283,0.544518,0.435975,-0.105917,0.653823,0.377712,-0.051335,0.613959,0.384676,-0.091126,0.566475,0.393775,-0.083829,0.535351,0.400126,-0.069762,0.636338,0.332201,-0.059328,0.60826,0.344819,-0.08306,0.571327,0.360203,-0.078532,0.548269,0.372872,-0.068515
L,0.496858,0.389273,0,0.51994,0.45802,-0.027841,0.565126,0.517621,-0.050848,0.595805,0.576279,-0.073998,0.594367,0.640185,-0.095707,0.655589,0.488997,-0.048847,0.729095,0.488236,-0.082561,0.778976,0.488665,-0.103696,0.817654,0.492172,-0.118539,0.664772,0.429407,-0.051065,0.636468,0.43822,-0.101787,0.580163,0.439509,-0.111494,0.542675,0.439065,-0.108918,0.655281,0.3764,-0.055446,0.609234,0.389223,-0.095959,0.563072,0.396841,-0.086998,0.534786,0.401942,-0.071866,0.637454,0.33137,-0.063728,0.603121,0.348686,-0.087867,0.567263,0.363827,-0.083003,0.547419,0.376026,-0.072784
L,0.494133,0.389512,0,0.518336,0.461546,-0.027724,0.563862,0.522022,-0.050633,0.59492,0.580948,-0.074079,0.59359,0.645596,-0.096064,0.655528,0.49277,-0.046436,0.730435,0.492736,-0.079939,0.779647,0.492734,-0.101711,0.818988,0.495049,-0.117056,0.664217,0.434464,-0.048639,0.635134,0.440888,-0.098634,0.578689,0.442758,-0.10923,0.541954,0.442289,-0.107743,0.654545,0.382269,-0.053133,0.609236,0.393251,-0.093101,0.562734,0.400926,-0.08473,0.534216,0.405326,-0.070288,0.636826,0.337436,-0.061589,0.602786,0.35387,-0.085158,0.566528,0.367796,-0.080342,0.546338,0.378586,-0.070369
L,0.490886,0.392688,0,0.513643,0.462631,-0.031472,0.560238,0.522207,-0.056152,0.594078,0.580719,-0.080446,0.59072,0.646314,-0.102916,0.651238,0.492754,-0.052562,0.726396,0.493751,-0.088639,0.77678,0.494516,-0.109862,0.816527,0.498857,-0.124698,0.660795,0.432822,-0.054028,0.638584,0.446565,-0.109578,0.57772,0.444988,-0.118902,0.537034,0.442382,-0.114322,0.651805,0.379712,-0.05813,0.607852,0.395773,-0.102558,0.558682,0.400586,-0.092602,0.52921,0.403508,-0.075312,0.634489,0.333289,-0.066422,0.598198,0.35164,-0.092477,0.561309,0.366745,-0.087923,0.542114,0.379169,-0.077422
L,0.486795,0.392374,0,0.510226,0.458487,-0.031427,0.55611,0.51603,-0.056456,0.589983,0.57277,-0.081178,0.587546,0.637408,-0.10407,0.646797,0.483687,-0.051851,0.720846,0.48649,-0.088497,0.771543,0.487133,-0.109504,0.811546,0.490055,-0.123978,0.655532,0.423302,-0.053706,0.635549,0.44128,-0.110029,0.574236,0.441448,-0.118998,0.532569,0.439106,-0.113577,0.645994,0.370857,-0.058423,0.602737,0.392968,-0.103789,0.553291,0.400468,-0.093843,0.523554,0.404878,-0.076092,0.627868,0.324972,-0.067297,0.591967,0.348834,-0.09389,0.555358,0.365985,-0.089432,0.536347,0.379527,-0.078812
L,0.484177,0.389139,0,0.508624,0.457224,-0.031318,0.555164,0.514552,-0.056354,0.588291,0.571362,-0.081165,0.584383,0.635241,-0.104083,0.645528,0.48213,-0.051921,0.720015,0.48392,-0.088408,0.770576,0.48418,-0.109322,0.810629,0.48724,-0.123798,0.654152,0.421371,-0.05378,0.63373,0.438777,-0.109947,0.57192,0.438477,-0.118659,0.530144,0.436086,-0.113166,0.644636,0.368773,-0.058478,0.600658,0.389993,-0.103183,0.551477,0.396724,-0.092833,0.52202,0.400587,-0.075017,0.626567,0.322935,-0.067412,0.589853,0.346032,-0.093165,0.55366,0.362615,-0.088434,0.535244,0.375768,-0.07782
L,0.479919,0.380992,0,0.507155,0.45243,-0.030117,0.554638,0.510664,-0.054949,0.586969,0.570071,-0.079967,0.581733,0.635362,-0.103206,0.644488,0.48025,-0.050966,0.718778,0.479782,-0.086308,0.768864,0.478159,-0.107732,0.808861,0.480381,-0.122882,0.652679,0.419535,-0.053072,0.627857,0.431574,-0.10675,0.568007,0.432902,-0.116225,0.527376,0.4327,-0.112706,0.642373,0.366131,-0.057713,0.597839,0.380919,-0.099687,0.550184,0.388396,-0.090054,0.520303,0.392844,-0.073949,0.623751,0.320177,-0.066644,0.586856,0.337396,-0.09041,0.551442,0.354371,-0.085839,0.532107,0.368122,-0.075989
L,0.481786,0.379557,0,0.507575,0.450527,-0.030331,0.554304,0.509104,-0.055148,0.58598,0.567864,-0.080155,0.581199,0.632916,-0.103371,0.645802,0.47964,-0.049638,0.719317,0.479261,-0.08476,0.768852,0.478577,-0.106687,0.808422,0.481371,-0.122285,0.654022,0.418957,-0.051616,0.628122,0.429203,-0.104802,0.568528,0.430786,-0.114952,0.529,0.4309,-0.112226,0.643784,0.365767,-0.056208,0.599326,0.379759,-0.098303,0.551403,0.387373,-0.089175,0.522159,0.391671,-0.073598,0.625283,0.320182,-0.065072,0.589334,0.337498,-0.089629,0.553011,0.353471,-0.085251,0.533363,0.366475,-0.075481
L,0.47363,0.39319,0,0.501974,0.462675,-0.024668,0.553301,0.524935,-0.045816,0.584784,0.585696,-0.067953,0.578238,0.650397,-0.088814,0.642021,0.484927,-0.048876,0.718215,0.489287,-0.082303,0.769835,0.490842,-0.102061,0.811626,0.494014,-0.116475,0.65091,0.422029,-0.053445,0.622908,0.443797,-0.104219,0.562306,0.447541,-0.11158,0.52358,0.44465,-0.107486,0.639093,0.367591,-0.059928,0.590612,0.394752,-0.100129,0.543107,0.402404,-0.089429,0.516175,0.403085,-0.073514,0.617936,0.320953,-0.070198,0.579621,0.349468,-0.093268,0.543974,0.367309,-0.087719,0.526415,0.377976,-0.077692
M,0.514108,0.431484,0,0.545804,0.531977,-0.020068,0.615573,0.580771,-0.038416,0.676349,0.544129,-0.060259,0.71358,0.494855,-0.078435,0.701409,0.581419,-0.017886,0.729739,0.616247,-0.062311,0.670585,0.594838,-0.090745,0.622674,0.572855,-0.104083,0.706651,0.514717,-0.028699,0.737752,0.553034,-0.076343,0.667135,0.545765,-0.092014,0.614177,0.53266,-0.093626,0.70248,0.447202,-0.045337,0.736665,0.490395,-0.092989,0.661452,0.493215,-0.093778,0.608862,0.483197,-0.083201,0.686165,0.381132,-0.063787,0.688857,0.425872,-0.097901,0.631876,0.441975,-0.097733,0.593277,0.442521,-0.090402
M,0.504642,0.48355,0,0.537929,0.584019,-0.022218,0.607335,0.636042,-0.040835,0.666513,0.608253,-0.061878,0.706933,0.57142,-0.078461,0.696952,0.630598,-0.019483,0.718015,0.675342,-0.064105,0.656754,0.651421,-0.091461,0.609892,0.626213,-0.103681,0.7019,0.564235,-0.028838,0.728089,0.615196,-0.076747,0.653728,0.605083,-0.090976,0.600917,0.588487,-0.090846,0.696031,0.49667,-0.044212,0.725183,0.551697,-0.092248,0.651373,0.554954,-0.091941,0.601208,0.542584,-0.08039,0.678097,0.430506,-0.061384,0.679312,0.486248,-0.096098,0.622928,0.503194,-0.095255,0.585721,0.500612,-0.087032
M,0.498824,0.476321,0,0.528057,0.573412,-0.021535,0.596652,0.635775,-0.037218,0.656076,0.625482,-0.054973,0.696673,0.612328,-0.067607,0.690312,0.628392,-0.015538,0.706046,0.677721,-0.058027,0.645975,0.65472,-0.083429,0.600699,0.630833,-0.094664,0.699286,0.562772,-0.024821,0.718134,0.618417,-0.073126,0.643274,0.60889,-0.087417,0.590584,0.592297,-0.086281,0.695997,0.49579,-0.040022,0.713322,0.556466,-0.089545,0.636874,0.556627,-0.089381,0.588244,0.542998,-0.076901,0.679314,0.430229,-0.057029,0.664154,0.487036,-0.09367,0.607294,0.497537,-0.094307,0.574135,0.492178,-0.086284
M,0.506342,0.465681,0,0.533038,0.564712,-0.023461,0.601986,0.625197,-0.042833,0.661656,0.600907,-0.064393,0.698046,0.560963,-0.081012,0.69813,0.627696,-0.021357,0.71357,0.67434,-0.066568,0.650697,0.645764,-0.093683,0.603908,0.615932,-0.105801,0.706616,0.561239,-0.031756,0.727634,0.617254,-0.080527,0.652943,0.603919,-0.094634,0.600895,0.582943,-0.093936,0.702083,0.492085,-0.048254,0.721221,0.55027,-0.095874,0.645031,0.548116,-0.094227,0.597104,0.532063,-0.08164,0.68317,0.425044,-0.067063,0.67367,0.481539,-0.099084,0.617943,0.48982,-0.096551,0.585442,0.480888,-0.087771
M,0.516349,0.464304,0,0.541411,0.564111,-0.025914,0.607437,0.622942,-0.0464,0.670465,0.589775,-0.068322,0.710951,0.544105,-0.085138,0.700638,0.6233,-0.020873,0.720107,0.672758,-0.065261,0.661467,0.646255,-0.09212,0.615948,0.616968,-0.10427,0.711025,0.556621,-0.029767,0.73614,0.613225,-0.079638,0.662757,0.600006,-0.095401,0.609445,0.578525,-0.095259,0.709746,0.488169,-0.044977,0.736049,0.551861,-0.094844,0.660951,0.550361,-0.095428,0.611654,0.533939,-0.083679,0.694691,0.420881,-0.062371,0.684098,0.482454,-0.098491,0.628093,0.490365,-0.098972,0.595337,0.480711,-0.091527
M,0.519475,0.462506,0,0.542715,0.559506,-0.028369,0.609389,0.618801,-0.049769,0.67373,0.572498,-0.07234,0.714678,0.516142,-0.089794,0.702932,0.625518,-0.01697,0.721222,0.671551,-0.063277,0.663612,0.648503,-0.092905,0.617276,0.620945,-0.106673,0.714287,0.557903,-0.02488,0.738283,0.613677,-0.075926,0.664627,0.602436,-0.094001,0.611267,0.580924,-0.095098,0.714393,0.488622,-0.039859,0.739927,0.551913,-0.091338,0.662431,0.549086,-0.093097,0.613193,0.531147,-0.081692,0.700244,0.419918,-0.057254,0.686875,0.482889,-0.095155,0.627948,0.488667,-0.096359,0.595596,0.476606,-0.089014
M,0.522677,0.470622,0,0.548213,0.562993,-0.027615,0.616377,0.61349,-0.048793,0.679766,0.555247,-0.071446,0.722284,0.498191,-0.088517,0.706354,0.619448,-0.011635,0.724296,0.674827,-0.059225,0.667441,0.651586,-0.091037,0.622118,0.622343,-0.106,0.717939,0.554115,-0.019753,0.740141,0.619194,-0.071544,0.667752,0.609482,-0.090463,0.61423,0.587779,-0.091474,0.718659,0.488269,-0.03548,0.743566,0.560203,-0.086634,0.667735,0.557548,-0.087887,0.619463,0.538668,-0.075809,0.706122,0.421868,-0.053703,0.689351,0.490989,-0.090728,0.631627,0.495478,-0.091432,0.600927,0.481945,-0.083537
M,0.527551,0.472344,0,0.551752,0.56567,-0.028327,0.619291,0.618248,-0.049161,0.684698,0.564463,-0.071357,0.728812,0.511833,-0.087867,0.707595,0.618779,-0.011856,0.724422,0.675557,-0.059636,0.667598,0.65031,-0.091405,0.622364,0.620201,-0.106141,0.718703,0.555199,-0.019539,0.741118,0.624124,-0.071125,0.670339,0.611765,-0.089344,0.617016,0.588228,-0.089602,0.719466,0.491373,-0.034922,0.743433,0.567241,-0.085781,0.668794,0.55999,-0.085561,0.620965,0.538754,-0.072184,0.707645,0.426113,-0.052924,0.691647,0.497007,-0.0891,0.634954,0.497503,-0.088253,0.604351,0.481956,-0.07913
M,0.526082,0.470171,0,0.551149,0.566685,-0.027897,0.620686,0.619086,-0.048715,0.68619,0.564748,-0.07127,0.729583,0.51036,-0.088038,0.70704,0.622585,-0.010783,0.722127,0.676834,-0.059689,0.663876,0.648752,-0.092535,0.618374,0.617015,-0.10802,0.718635,0.559417,-0.019351,0.739912,0.627931,-0.072785,0.667834,0.613125,-0.092165,0.614555,0.587264,-0.092812,0.719741,0.495287,-0.035681,0.74344,0.570387,-0.087656,0.666894,0.561501,-0.088093,0.618742,0.539282,-0.074878,0.707629,0.429944,-0.054697,0.689177,0.499215,-0.091293,0.631951,0.49862,-0.09109,0.60229,0.482541,-0.08243
M,0.525721,0.467276,0,0.548584,0.555246,-0.026419,0.61746,0.608726,-0.044278,0.680272,0.569592,-0.063719,0.722841,0.521704,-0.078118,0.702765,0.615684,-0.00729,0.721946,0.662055,-0.053489,0.667968,0.644567,-0.084927,0.622705,0.620244,-0.099436,0.715187,0.554267,-0.014996,0.740935,0.608015,-0.065955,0.67157,0.600102,-0.085174,0.619286,0.582378,-0.086091,0.715814,0.490282,-0.030316,0.742777,0.552663,-0.082722,0.667624,0.547522,-0.085355,0.619251,0.530242,-0.073256,0.702774,0.425842,-0.048044,0.68879,0.484033,-0.088871,0.632024,0.486026,-0.091961,0.600474,0.47404,-0.084654
M,0.526175,0.46049,0,0.549993,0.553298,-0.026244,0.618122,0.603997,-0.045078,0.681161,0.559974,-0.065111,0.721108,0.508287,-0.080537,0.703858,0.604344,-0.012939,0.723385,0.655417,-0.058031,0.668791,0.638796,-0.087723,0.624155,0.615461,-0.10122,0.715411,0.543746,-0.020566,0.741756,0.602138,-0.069632,0.67305,0.594781,-0.087575,0.621568,0.576901,-0.088264,0.715298,0.480344,-0.035108,0.743149,0.541373,-0.084981,0.667931,0.540372,-0.087301,0.618249,0.525036,-0.075755,0.701862,0.41543,-0.05196,0.692321,0.471238,-0.089891,0.634585,0.478806,-0.091742,0.599914,0.471123,-0.084219
M,0.526265,0.460174,0,0.550057,0.551229,-0.026407,0.617002,0.604608,-0.045175,0.679625,0.561989,-0.065391,0.720361,0.511783,-0.080595,0.707825,0.607957,-0.01038,0.725544,0.655709,-0.056463,0.669934,0.639248,-0.087632,0.62493,0.616354,-0.102292,0.7199,0.545448,-0.01826,0.743733,0.601355,-0.069365,0.673252,0.594852,-0.088684,0.620318,0.576605,-0.089928,0.720331,0.481255,-0.033416,0.744516,0.544054,-0.084807,0.668877,0.542636,-0.087821,0.619428,0.526182,-0.076452,0.706801,0.417699,-0.051086,0.688753,0.476218,-0.090407,0.631529,0.482626,-0.09387,0.599403,0.472978,-0.087261
M,0.52875,0.465619,0,0.553752,0.555623,-0.023683,0.623766,0.608294,-0.03943,0.683648,0.579728,-0.056857,0.724084,0.540934,-0.069587,0.707392,0.60369,-0.008182,0.725853,0.654719,-0.052306,0.671948,0.638906,-0.081271,0.627152,0.615148,-0.094059,0.719256,0.544231,-0.016403,0.743831,0.601928,-0.064786,0.674909,0.595025,-0.082394,0.623035,0.577819,-0.082582,0.718353,0.481125,-0.031484,0.743343,0.543156,-0.081433,0.667797,0.540509,-0.083045,0.618897,0.524652,-0.070617,0.703354,0.416853,-0.048659,0.693335,0.474501,-0.087213,0.637579,0.478209,-0.088659,0.604722,0.467328,-0.080406
M,0.531481,0.47284,0,0.553869,0.55609,-0.024971,0.622963,0.611108,-0.040337,0.68202,0.583923,-0.05715,0.72494,0.549682,-0.068423,0.70842,0.609583,-0.007348,0.727555,0.660844,-0.05209,0.672093,0.643781,-0.08019,0.626462,0.61885,-0.091759,0.719512,0.549895,-0.014467,0.742249,0.606402,-0.063087,0.67152,0.598697,-0.079081,0.620594,0.582102,-0.077954,0.718983,0.487054,-0.029,0.745194,0.550202,-0.079524,0.670027,0.546806,-0.079437,0.622566,0.530311,-0.065789,0.70522,0.422453,-0.045759,0.693777,0.48405,-0.085014,0.63723,0.488747,-0.085969,0.605183,0.477038,-0.077035
M,0.528057,0.469816,0,0.550874,0.556871,-0.025051,0.619023,0.612247,-0.041666,0.679114,0.58238,-0.059836,0.721622,0.544564,-0.072577,0.706826,0.613263,-0.008059,0.724789,0.664215,-0.053074,0.669951,0.645732,-0.082365,0.624515,0.619916,-0.095177,0.719264,0.552192,-0.015818,0.742117,0.611364,-0.065728,0.67225,0.602919,-0.083248,0.619807,0.584221,-0.082898,0.719867,0.488594,-0.030894,0.743179,0.555102,-0.081987,0.66865,0.550526,-0.083385,0.620217,0.532777,-0.070686,0.706662,0.425053,-0.048308,0.689565,0.48836,-0.087643,0.633138,0.489962,-0.089755,0.601184,0.476163,-0.081875
M,0.52971,0.475185,0,0.555337,0.56329,-0.023354,0.624003,0.620224,-0.037289,0.680134,0.60703,-0.05309,0.723457,0.590431,-0.063366,0.710481,0.611846,-0.005727,0.728113,0.663693,-0.049912,0.672427,0.646978,-0.078193,0.627887,0.622973,-0.089971,0.721117,0.551133,-0.013076,0.743755,0.609085,-0.061279,0.672328,0.60263,-0.077116,0.620154,0.586428,-0.075785,0.720458,0.48754,-0.027674,0.743789,0.553212,-0.077446,0.669123,0.551588,-0.076835,0.620869,0.534956,-0.062891,0.706781,0.4232,-0.044426,0.693995,0.487703,-0.082638,0.638002,0.492226,-0.082892,0.605242,0.479257,-0.073436
M,0.531234,0.467662,0,0.55568,0.561585,-0.025838,0.6235,0.616235,-0.044456,0.687084,0.570119,-0.064629,0.729809,0.519792,-0.079425,0.712107,0.62211,-0.008696,0.72596,0.669324,-0.053591,0.670308,0.648342,-0.083978,0.626884,0.620947,-0.098396,0.725145,0.559426,-0.016591,0.743747,0.619163,-0.066473,0.672722,0.609452,-0.085182,0.620393,0.585806,-0.086225,0.726956,0.495328,-0.031732,0.74581,0.560613,-0.080758,0.670756,0.557441,-0.082373,0.623195,0.538526,-0.070828,0.714816,0.430811,-0.049401,0.693774,0.492343,-0.084995,0.637304,0.495468,-0.086265,0.607676,0.482804,-0.079007
M,0.534233,0.474439,0,0.559358,0.564003,-0.025487,0.627817,0.614825,-0.042944,0.686507,0.58157,-0.061926,0.730496,0.543172,-0.075417,0.712933,0.616127,-0.008849,0.730566,0.670566,-0.054962,0.675208,0.651408,-0.08493,0.631436,0.623917,-0.097962,0.723804,0.555758,-0.016242,0.747514,0.618268,-0.065953,0.676927,0.608526,-0.082848,0.625294,0.587674,-0.082196,0.72434,0.492259,-0.031081,0.748493,0.559448,-0.080685,0.674605,0.556017,-0.080442,0.627726,0.536783,-0.067059,0.712715,0.426738,-0.048283,0.698561,0.491476,-0.084721,0.642962,0.495891,-0.08449,0.612265,0.48266,-0.075424
M,0.534861,0.473088,0,0.560724,0.564997,-0.026152,0.629739,0.617089,-0.044177,0.68955,0.584574,-0.063654,0.734311,0.549526,-0.077455,0.714279,0.614821,-0.010419,0.730597,0.667449,-0.058035,0.673081,0.647949,-0.089054,0.627954,0.618666,-0.102633,0.72539,0.554063,-0.01794,0.747376,0.619023,-0.069316,0.676011,0.609588,-0.087347,0.623633,0.585832,-0.087282,0.726277,0.490698,-0.032919,0.749114,0.560403,-0.083696,0.674653,0.557065,-0.084254,0.627857,0.536597,-0.071354,0.715087,0.424966,-0.050299,0.697199,0.492365,-0.087444,0.641196,0.495846,-0.087855,0.611221,0.481438,-0.079283
M,0.531268,0.468949,0,0.554033,0.564567,-0.026107,0.620458,0.621733,-0.045765,0.683894,0.57933,-0.067233,0.721406,0.524199,-0.083408,0.714021,0.626539,-0.010408,0.730772,0.673136,-0.055293,0.67549,0.656708,-0.085585,0.630777,0.63251,-0.100033,0.726965,0.562958,-0.01915,0.747737,0.621789,-0.069662,0.677218,0.615365,-0.088684,0.624882,0.593861,-0.090021,0.728451,0.498335,-0.03505,0.749995,0.566141,-0.084766,0.674955,0.562961,-0.086461,0.62694,0.543841,-0.074838,0.715298,0.434967,-0.053676,0.695267,0.497827,-0.089753,0.639285,0.499827,-0.09109,0.609418,0.485792,-0.083896
M,0.534537,0.468208,0,0.559863,0.56618,-0.026922,0.629303,0.622567,-0.046814,0.695316,0.57831,-0.068775,0.741081,0.531461,-0.085213,0.713099,0.62071,-0.009743,0.732008,0.674117,-0.058397,0.675889,0.650572,-0.091645,0.63066,0.621167,-0.107313,0.72457,0.559308,-0.018113,0.751393,0.627861,-0.071117,0.681814,0.616429,-0.091318,0.628498,0.591574,-0.09274,0.727052,0.496583,-0.034092,0.756252,0.570839,-0.085846,0.681307,0.564018,-0.087055,0.63201,0.542676,-0.074343,0.717363,0.432491,-0.05263,0.703681,0.499681,-0.089405,0.647241,0.500263,-0.089609,0.615674,0.485056,-0.081165
M,0.538455,0.461842,0,0.560355,0.552786,-0.024331,0.627271,0.611577,-0.039335,0.686785,0.597562,-0.056078,0.732174,0.577356,-0.067088,0.709016,0.606638,-0.006728,0.723778,0.66271,-0.050665,0.668414,0.642325,-0.078533,0.624973,0.614509,-0.090477,0.722226,0.549295,-0.014131,0.742257,0.612383,-0.062827,0.672083,0.600778,-0.079405,0.621877,0.579435,-0.078839,0.724182,0.488318,-0.028781,0.748783,0.55961,-0.079225,0.673917,0.552096,-0.079496,0.626768,0.531425,-0.066199,0.712756,0.425536,-0.045645,0.697432,0.490001,-0.085666,0.642555,0.489624,-0.087828,0.611965,0.473268,-0.0798
M,0.537496,0.456252,0,0.559172,0.542292,-0.025535,0.626192,0.593859,-0.043458,0.689735,0.552663,-0.063047,0.735185,0.507905,-0.076837,0.704143,0.60402,-0.008432,0.723973,0.65799,-0.052795,0.66902,0.636023,-0.081099,0.625247,0.606015,-0.093401,0.717243,0.544318,-0.015736,0.740328,0.604631,-0.064459,0.66959,0.593514,-0.080531,0.619406,0.572056,-0.079786,0.720013,0.483903,-0.030524,0.747639,0.554968,-0.079389,0.673723,0.547051,-0.078884,0.628275,0.525606,-0.065849,0.709952,0.42237,-0.047751,0.694485,0.488208,-0.08473,0.640331,0.483979,-0.085646,0.612417,0.463613,-0.077742
M,0.526409,0.434339,0,0.548795,0.53219,-0.025676,0.615224,0.587662,-0.0471,0.683074,0.539904,-0.070483,0.725383,0.483589,-0.088754,0.703686,0.598888,-0.015888,0.724279,0.646822,-0.0608,0.668745,0.626235,-0.090705,0.622891,0.599882,-0.105452,0.716334,0.534189,-0.025212,0.74093,0.592103,-0.075555,0.670526,0.583898,-0.094456,0.617787,0.562315,-0.096669,0.718236,0.469569,-0.041272,0.742971,0.538178,-0.090516,0.670439,0.535023,-0.093192,0.624158,0.515857,-0.083297,0.705416,0.407937,-0.059878,0.686646,0.474424,-0.095484,0.633119,0.473941,-0.097635,0.605554,0.455479,-0.091951
M,0.502388,0.404271,0,0.53652,0.522245,-0.025969,0.606474,0.590803,-0.048367,0.666759,0.594267,-0.073461,0.703421,0.582951,-0.092145,0.714123,0.579632,-0.026973,0.732144,0.635079,-0.076923,0.66314,0.606474,-0.106119,0.611749,0.572238,-0.118803,0.721805,0.506887,-0.037129,0.741649,0.563854,-0.091991,0.658899,0.549121,-0.107099,0.60266,0.524183,-0.10679,0.71583,0.434495,-0.053727,0.74365,0.506435,-0.106803,0.662851,0.504803,-0.103307,0.609584,0.481496,-0.088493,0.69486,0.364967,-0.073043,0.689447,0.435633,-0.111924,0.633694,0.442695,-0.11058,0.600477,0.423616,-0.100946
M,0.506622,0.426694,0,0.531086,0.527056,-0.031509,0.609466,0.582617,-0.056069,0.689315,0.519686,-0.082704,0.744935,0.457194,-0.103025,0.696039,0.605412,-0.013665,0.719176,0.663077,-0.064668,0.657845,0.626986,-0.099133,0.610537,0.590328,-0.11634,0.713075,0.535301,-0.022764,0.742938,0.604946,-0.079949,0.665137,0.58421,-0.101145,0.609947,0.555512,-0.102802,0.717249,0.463295,-0.040389,0.754994,0.54163,-0.097508,0.672449,0.529894,-0.09989,0.621754,0.504596,-0.087256,0.705836,0.390511,-0.060875,0.690257,0.463171,-0.103987,0.628466,0.464672,-0.107055,0.59704,0.447126,-0.100162
M,0.498236,0.430829,0,0.525157,0.541481,-0.031848,0.606475,0.599972,-0.057363,0.687768,0.535744,-0.085406,0.742104,0.469982,-0.107245,0.704642,0.616594,-0.013755,0.723516,0.676805,-0.067483,0.658096,0.645591,-0.104202,0.607465,0.610354,-0.122586,0.7214,0.542575,-0.024372,0.748206,0.618326,-0.084872,0.664819,0.602385,-0.108126,0.603509,0.57215,-0.110398,0.724408,0.467187,-0.043755,0.758554,0.55519,-0.104162,0.67074,0.545226,-0.107751,0.615437,0.517653,-0.094981,0.710066,0.392115,-0.066012,0.690781,0.473499,-0.110914,0.625356,0.473081,-0.114028,0.591153,0.450823,-0.106683
M,0.495418,0.442139,0,0.528633,0.54557,-0.038785,0.6127,0.603555,-0.069162,0.688481,0.532759,-0.101318,0.741255,0.458592,-0.127323,0.718549,0.635367,-0.02087,0.744224,0.677843,-0.082369,0.671739,0.639988,-0.125568,0.614265,0.603236,-0.148084,0.732469,0.553114,-0.031124,0.773841,0.60957,-0.100435,0.68242,0.588026,-0.128205,0.615624,0.562474,-0.132062,0.732333,0.469917,-0.050929,0.783358,0.536568,-0.119568,0.688138,0.527527,-0.124783,0.626638,0.508156,-0.111647,0.714143,0.38732,-0.074004,0.706747,0.450685,-0.12656,0.634661,0.456632,-0.131416,0.594855,0.447412,-0.123905
M,0.50245,0.430107,0,0.542683,0.537374,-0.038114,0.636766,0.589312,-0.065167,0.71426,0.510996,-0.093324,0.770698,0.43681,-0.115468,0.726528,0.616169,-0.017626,0.757445,0.65372,-0.077365,0.684897,0.616432,-0.118717,0.627893,0.58255,-0.140408,0.740658,0.532384,-0.026697,0.785677,0.579877,-0.095043,0.693117,0.556528,-0.122761,0.627288,0.533796,-0.127125,0.740971,0.447129,-0.045225,0.796141,0.500307,-0.113616,0.695548,0.494951,-0.119163,0.632043,0.481136,-0.10689,0.724112,0.361679,-0.066671,0.719216,0.411241,-0.121475,0.644106,0.424487,-0.128151,0.604127,0.42638,-0.121934
M,0.51301,0.451847,0,0.546388,0.544971,-0.040315,0.63846,0.590353,-0.064628,0.711058,0.507733,-0.08792,0.76206,0.429827,-0.104534,0.721363,0.616105,-0.01949,0.756329,0.655574,-0.074344,0.689399,0.619388,-0.108525,0.635444,0.587739,-0.124041,0.734867,0.536451,-0.02366,0.785088,0.586275,-0.08612,0.70351,0.561428,-0.106477,0.641979,0.537878,-0.104307,0.733564,0.456258,-0.03711,0.79468,0.50221,-0.101084,0.702209,0.495452,-0.101577,0.642393,0.484491,-0.084675,0.71651,0.376176,-0.053394,0.722877,0.421376,-0.106389,0.651321,0.435399,-0.110285,0.609861,0.439696,-0.100492
M,0.504524,0.465194,0,0.542349,0.56019,-0.043672,0.633803,0.60906,-0.069465,0.705008,0.541275,-0.093962,0.757457,0.474594,-0.111602,0.719877,0.631045,-0.021607,0.751792,0.664437,-0.081524,0.68174,0.629182,-0.121098,0.625622,0.597112,-0.140324,0.731222,0.546885,-0.025998,0.781895,0.585572,-0.093195,0.693677,0.561605,-0.11621,0.627675,0.542852,-0.115765,0.727607,0.463719,-0.04041,0.788588,0.502352,-0.108566,0.693565,0.500721,-0.109348,0.631147,0.495534,-0.092504,0.707125,0.382625,-0.058198,0.711726,0.426342,-0.114627,0.639803,0.445676,-0.118856,0.598879,0.454962,-0.109108
M,0.515551,0.482293,0,0.550414,0.580408,-0.037712,0.635957,0.63032,-0.062105,0.699288,0.570786,-0.086404,0.744326,0.50602,-0.105302,0.720961,0.650797,-0.022299,0.763331,0.679907,-0.076822,0.696157,0.644179,-0.112384,0.640652,0.615701,-0.129244,0.733016,0.568828,-0.027844,0.788525,0.602959,-0.08843,0.70403,0.580128,-0.108428,0.639829,0.565262,-0.10726,0.730515,0.486128,-0.042058,0.795611,0.525304,-0.104578,0.703234,0.521163,-0.104586,0.639989,0.51531,-0.088443,0.712182,0.404285,-0.058976,0.724748,0.444274,-0.11196,0.653644,0.460274,-0.114581,0.60905,0.468483,-0.104068
M,0.504845,0.481481,0,0.542241,0.576068,-0.039222,0.629736,0.620639,-0.06475,0.694533,0.552475,-0.089869,0.741239,0.481084,-0.108949,0.714972,0.644257,-0.023106,0.756894,0.677544,-0.078841,0.689066,0.642261,-0.115444,0.634477,0.612916,-0.133138,0.726199,0.563238,-0.028574,0.782101,0.59968,-0.090982,0.697389,0.578193,-0.112749,0.634372,0.563289,-0.112739,0.723649,0.481415,-0.042931,0.788228,0.52011,-0.105838,0.696762,0.51901,-0.107114,0.635098,0.513694,-0.092115,0.70472,0.400747,-0.060244,0.7146,0.443486,-0.112341,0.645068,0.462782,-0.115894,0.602783,0.471471,-0.106662
M,0.514806,0.485792,0,0.553746,0.581307,-0.03902,0.645153,0.625516,-0.064675,0.71512,0.545183,-0.090008,0.76236,0.465246,-0.109403,0.727272,0.646085,-0.021363,0.764862,0.68345,-0.077697,0.696467,0.648744,-0.114194,0.641802,0.618562,-0.131381,0.737413,0.564798,-0.027519,0.790798,0.608366,-0.090041,0.70785,0.588523,-0.111353,0.645364,0.572197,-0.110748,0.733103,0.483413,-0.042743,0.796515,0.526924,-0.106827,0.703983,0.526705,-0.107583,0.642431,0.520126,-0.09161,0.712763,0.401459,-0.060809,0.724167,0.447098,-0.11385,0.652406,0.466633,-0.116678,0.608408,0.474774,-0.106569
M,0.555343,0.466278,0,0.592229,0.559657,-0.036412,0.685976,0.603311,-0.058103,0.758702,0.512437,-0.079444,0.810531,0.431908,-0.094114,0.753524,0.635766,-0.015729,0.799497,0.679544,-0.065681,0.736829,0.641301,-0.097099,0.683923,0.608466,-0.111714,0.765161,0.557626,-0.021011,0.827037,0.609194,-0.07818,0.750194,0.582001,-0.096881,0.688151,0.559189,-0.095016,0.765286,0.4785,-0.034886,0.838482,0.523877,-0.093939,0.750835,0.516852,-0.093454,0.690987,0.506814,-0.077719,0.751208,0.39769,-0.051279,0.764994,0.445884,-0.101078,0.696248,0.456627,-0.103369,0.654566,0.457223,-0.093778
M,0.54583,0.470114,0,0.581452,0.563288,-0.036767,0.675048,0.611906,-0.05922,0.752481,0.53127,-0.081407,0.807284,0.456374,-0.097053,0.748372,0.646218,-0.01688,0.792589,0.690709,-0.068022,0.727326,0.651771,-0.099154,0.674368,0.616552,-0.112885,0.761668,0.566404,-0.022556,0.820208,0.620178,-0.080368,0.741061,0.593796,-0.097944,0.68058,0.570144,-0.094827,0.760868,0.484973,-0.037054,0.827989,0.535435,-0.097716,0.73894,0.5299,-0.096981,0.680093,0.519023,-0.080273,0.745083,0.401181,-0.053996,0.759641,0.454271,-0.105047,0.68862,0.467357,-0.107215,0.644976,0.469537,-0.096873
M,0.545521,0.468867,0,0.583167,0.563314,-0.037546,0.67921,0.609455,-0.059161,0.755338,0.524378,-0.08041,0.808189,0.447208,-0.09467,0.751676,0.641077,-0.012483,0.793345,0.691317,-0.064268,0.72738,0.653041,-0.096661,0.674806,0.61925,-0.111361,0.7645,0.562504,-0.017775,0.820527,0.619942,-0.075813,0.740743,0.593471,-0.094027,0.680221,0.571057,-0.091333,0.763011,0.482448,-0.032407,0.827608,0.535018,-0.092664,0.736681,0.528735,-0.090711,0.677413,0.517405,-0.073149,0.746318,0.399133,-0.049875,0.759614,0.453577,-0.099632,0.68836,0.465019,-0.100359,0.646224,0.466468,-0.089129
M,0.482171,0.541142,-0.000001,0.538803,0.44264,-0.039304,0.626818,0.402135,-0.067301,0.663074,0.449551,-0.096043,0.681936,0.537242,-0.122002,0.7104,0.40323,-0.03209,0.774059,0.338276,-0.093969,0.701945,0.34427,-0.13351,0.63868,0.3725,-0.153096,0.716261,0.478782,-0.03637,0.79412,0.430774,-0.104097,0.703028,0.43431,-0.130919,0.634222,0.45352,-0.135762,0.708434,0.56162,-0.048435,0.791767,0.513425,-0.115531,0.70052,0.501007,-0.126921,0.634586,0.511655,-0.121175,0.685356,0.642329,-0.063501,0.708318,0.574825,-0.120198,0.630118,0.556184,-0.133392,0.571938,0.572293,-0.132411
M,0.468479,0.516044,-0.000001,0.521264,0.449312,-0.046433,0.61722,0.395496,-0.076293,0.672048,0.377494,-0.107984,0.70493,0.393879,-0.134088,0.711205,0.498864,-0.031171,0.786046,0.439995,-0.099489,0.706522,0.401252,-0.137893,0.63921,0.419327,-0.156683,0.708433,0.546034,-0.036711,0.790121,0.497616,-0.1155,0.695754,0.463926,-0.143984,0.631644,0.47078,-0.148576,0.694574,0.595438,-0.052688,0.768364,0.52544,-0.12743,0.669781,0.49673,-0.137669,0.601547,0.504148,-0.128716,0.661114,0.64672,-0.073124,0.709195,0.573452,-0.126347,0.642329,0.557545,-0.13811,0.586811,0.577198,-0.136346
M,0.477006,0.533211,0,0.532371,0.44062,-0.048409,0.616213,0.379854,-0.082181,0.655444,0.379056,-0.115828,0.675407,0.41904,-0.143849,0.712479,0.440838,-0.041181,0.780832,0.379132,-0.110858,0.703256,0.364372,-0.149939,0.638268,0.389777,-0.167665,0.712182,0.510606,-0.044569,0.790561,0.47066,-0.12091,0.697302,0.459692,-0.148137,0.633611,0.474626,-0.151197,0.702083,0.582959,-0.057634,0.76748,0.525034,-0.129236,0.671649,0.510757,-0.140928,0.609384,0.524323,-0.133071,0.674591,0.654265,-0.074932,0.706603,0.580608,-0.125767,0.637809,0.562408,-0.137221,0.58593,0.577068,-0.135209
M,0.47338,0.511543,-0.000001,0.522808,0.452871,-0.041584,0.619857,0.406516,-0.065286,0.682121,0.397626,-0.090067,0.720721,0.420088,-0.108565,0.709479,0.494491,-0.02551,0.782272,0.439455,-0.09048,0.703716,0.407242,-0.125443,0.637592,0.422712,-0.140766,0.706515,0.538936,-0.029938,0.786199,0.487033,-0.104173,0.693376,0.459334,-0.129438,0.631925,0.464848,-0.131135,0.694443,0.586801,-0.044283,0.762381,0.514427,-0.114753,0.666651,0.489143,-0.123333,0.603016,0.493236,-0.112758,0.665343,0.637035,-0.062536,0.710902,0.561437,-0.112204,0.647284,0.547559,-0.12278,0.595521,0.564388,-0.119562
M,0.482387,0.531191,-0.000001,0.53943,0.43543,-0.047616,0.624819,0.373381,-0.081374,0.666289,0.377837,-0.11517,0.688713,0.427744,-0.143944,0.713149,0.425871,-0.041914,0.78246,0.359265,-0.11166,0.707218,0.347501,-0.150242,0.643771,0.375107,-0.167459,0.713156,0.496621,-0.045403,0.793374,0.450427,-0.121802,0.701496,0.440532,-0.148242,0.638095,0.458865,-0.150785,0.704122,0.571671,-0.058363,0.777889,0.515152,-0.131588,0.682771,0.499298,-0.141663,0.620262,0.515717,-0.132397,0.677613,0.645789,-0.07526,0.715313,0.572679,-0.128598,0.643646,0.553731,-0.138857,0.589794,0.570132,-0.135578
M,0.487674,0.540347,-0.000001,0.540966,0.444995,-0.036457,0.636,0.403051,-0.059818,0.685449,0.438433,-0.083399,0.710869,0.51809,-0.103611,0.713806,0.415523,-0.02857,0.778255,0.353043,-0.088326,0.707035,0.356665,-0.123223,0.646437,0.384718,-0.139173,0.716135,0.489649,-0.032464,0.794027,0.444895,-0.099325,0.70273,0.444324,-0.123822,0.638447,0.461215,-0.125894,0.707718,0.568393,-0.043784,0.785822,0.513886,-0.111113,0.693926,0.496486,-0.121767,0.632147,0.504644,-0.114343,0.684003,0.64309,-0.057518,0.708385,0.569483,-0.112764,0.629019,0.551352,-0.124967,0.571082,0.568424,-0.122788
M,0.483587,0.536725,0,0.537621,0.440866,-0.035056,0.62203,0.380633,-0.063271,0.660107,0.383254,-0.092905,0.678427,0.432156,-0.120086,0.710121,0.430901,-0.031078,0.77602,0.370606,-0.091243,0.703396,0.364682,-0.12795,0.639131,0.388053,-0.145173,0.710934,0.499125,-0.037072,0.789553,0.46038,-0.101672,0.7034,0.454111,-0.128093,0.63744,0.465516,-0.132892,0.702293,0.572406,-0.050313,0.775226,0.519746,-0.112868,0.688357,0.503047,-0.127663,0.623939,0.50775,-0.124893,0.676815,0.643695,-0.066149,0.703199,0.568806,-0.116607,0.628351,0.547202,-0.130262,0.568056,0.557327,-0.130715
M,0.485152,0.540508,-0.000001,0.539039,0.438149,-0.037958,0.63825,0.402078,-0.061982,0.687695,0.4509,-0.085883,0.710251,0.542492,-0.106726,0.71224,0.414337,-0.030808,0.775316,0.350801,-0.089323,0.703665,0.356814,-0.12492,0.640555,0.382611,-0.142278,0.713581,0.489849,-0.033708,0.789143,0.442891,-0.09899,0.699054,0.442678,-0.124637,0.635204,0.457413,-0.129248,0.704768,0.568089,-0.043844,0.783691,0.516795,-0.109369,0.692767,0.498245,-0.12007,0.630697,0.503161,-0.114527,0.681689,0.642749,-0.056763,0.701556,0.569919,-0.1123,0.620645,0.547862,-0.125709,0.56328,0.560946,-0.125532
M,0.47986,0.549206,-0.000001,0.536237,0.447443,-0.042392,0.638173,0.419705,-0.067689,0.685852,0.477592,-0.091647,0.707421,0.572457,-0.112008,0.710072,0.433045,-0.035223,0.771838,0.367061,-0.095677,0.701228,0.371882,-0.132405,0.638137,0.396151,-0.150445,0.711089,0.505228,-0.036383,0.787136,0.458794,-0.103619,0.695968,0.455569,-0.129041,0.632015,0.468324,-0.133115,0.699697,0.581219,-0.045303,0.776784,0.53138,-0.11266,0.685769,0.509302,-0.121766,0.625336,0.512423,-0.114318,0.67431,0.654162,-0.057442,0.698637,0.58439,-0.11295,0.620058,0.561802,-0.124903,0.566191,0.575802,-0.123534
M,0.484926,0.538314,0,0.533837,0.446446,-0.040905,0.620849,0.390058,-0.069911,0.662216,0.39967,-0.09882,0.681201,0.456715,-0.124493,0.708189,0.438062,-0.036852,0.775572,0.377579,-0.097111,0.705809,0.369796,-0.13348,0.64421,0.392142,-0.151087,0.709456,0.507154,-0.039614,0.789783,0.468288,-0.10399,0.704178,0.459735,-0.130181,0.641933,0.47172,-0.135604,0.70139,0.581133,-0.049917,0.776883,0.532129,-0.112794,0.689778,0.511364,-0.12725,0.628113,0.515851,-0.124548,0.676647,0.654034,-0.063251,0.71075,0.581142,-0.113952,0.63863,0.55473,-0.127764,0.58158,0.562187,-0.128645
M,0.48508,0.523731,-0.000001,0.537796,0.436165,-0.043389,0.63207,0.389016,-0.068749,0.688048,0.405015,-0.093844,0.716629,0.456992,-0.113871,0.712235,0.469365,-0.032196,0.784989,0.401402,-0.092502,0.711857,0.376714,-0.124206,0.649402,0.389374,-0.13736,0.708318,0.533265,-0.032936,0.7884,0.478735,-0.102383,0.698712,0.451473,-0.127521,0.638499,0.452429,-0.129386,0.697812,0.600889,-0.042111,0.762182,0.52723,-0.108548,0.67227,0.491904,-0.121559,0.613147,0.489615,-0.115253,0.672258,0.665066,-0.054845,0.706192,0.575909,-0.10335,0.640361,0.544846,-0.117408,0.589823,0.551888,-0.117611
M,0.487139,0.526567,0,0.545029,0.431468,-0.041911,0.629232,0.378421,-0.072678,0.667068,0.389672,-0.103414,0.683258,0.442284,-0.130339,0.716359,0.445503,-0.037089,0.779652,0.38725,-0.09905,0.70454,0.370997,-0.135916,0.639742,0.388258,-0.153525,0.713091,0.514417,-0.040832,0.789693,0.478127,-0.108044,0.701167,0.463656,-0.135043,0.636857,0.471111,-0.140466,0.701214,0.586123,-0.0525,0.770261,0.53218,-0.116621,0.680236,0.511034,-0.130954,0.616181,0.514442,-0.12772,0.673004,0.655466,-0.067539,0.707121,0.576786,-0.117146,0.637253,0.549007,-0.130557,0.580505,0.55277,-0.13113
M,0.478668,0.501377,-0.000001,0.529695,0.425345,-0.026473,0.616355,0.375141,-0.047153,0.680796,0.367095,-0.072325,0.723577,0.381703,-0.094037,0.698348,0.501298,-0.008833,0.773582,0.439817,-0.059628,0.709369,0.396763,-0.088437,0.648413,0.394386,-0.100415,0.695206,0.558748,-0.016991,0.77594,0.498468,-0.075944,0.697869,0.458083,-0.099604,0.636878,0.449393,-0.101883,0.685269,0.619199,-0.032655,0.748396,0.537049,-0.086976,0.666641,0.495985,-0.100691,0.605076,0.489248,-0.097054,0.659648,0.67679,-0.051357,0.695328,0.582463,-0.091888,0.636614,0.541032,-0.105611,0.585228,0.537569,-0.106194
N,0.412575,0.590485,-0.000001,0.480329,0.497077,-0.031544,0.582908,0.46038,-0.04754,0.661992,0.501165,-0.06455,0.720152,0.562189,-0.076573,0.670866,0.521152,-0.003571,0.722971,0.455914,-0.057156,0.656197,0.445189,-0.090008,0.595959,0.454219,-0.102568,0.669986,0.592513,-0.005882,0.724438,0.523484,-0.06323,0.643276,0.496702,-0.079351,0.578482,0.487897,-0.074471,0.652464,0.662067,-0.017175,0.678625,0.586188,-0.075134,0.588598,0.551512,-0.071259,0.523755,0.542763,-0.050644,0.619567,0.726599,-0.032138,0.637533,0.644937,-0.071363,0.574848,0.609564,-0.068839,0.527829,0.606121,-0.054533
N,0.416088,0.592548,-0.000001,0.488131,0.500507,-0.032103,0.588388,0.463521,-0.050965,0.663813,0.505328,-0.071485,0.713518,0.574343,-0.087446,0.667278,0.522057,-0.008532,0.723845,0.453091,-0.065114,0.659002,0.443548,-0.099966,0.598148,0.456269,-0.114138,0.665812,0.590845,-0.012185,0.728957,0.52239,-0.073952,0.650367,0.498853,-0.092897,0.583784,0.493586,-0.089928,0.648711,0.660386,-0.024483,0.684981,0.591861,-0.085849,0.591059,0.55927,-0.081707,0.522347,0.553118,-0.060463,0.616622,0.727281,-0.040423,0.641361,0.651527,-0.082278,0.579191,0.620096,-0.079955,0.53152,0.619834,-0.065485
N,0.4154,0.527669,-0.000001,0.485787,0.441297,-0.0339,0.584519,0.403021,-0.054256,0.662785,0.441953,-0.076379,0.717952,0.509571,-0.094057,0.666178,0.461711,-0.010987,0.727085,0.401386,-0.067985,0.660159,0.391855,-0.100843,0.597492,0.403338,-0.113071,0.663023,0.529629,-0.01417,0.730072,0.469296,-0.077254,0.64766,0.447229,-0.096504,0.578979,0.44119,-0.093175,0.645568,0.598953,-0.02611,0.685718,0.531609,-0.091349,0.590126,0.499632,-0.091079,0.519058,0.494123,-0.071175,0.612067,0.666323,-0.041154,0.646623,0.596384,-0.085555,0.58345,0.562916,-0.084941,0.532282,0.558693,-0.071289
N,0.422422,0.509066,-0.000001,0.495317,0.423561,-0.035767,0.598755,0.39175,-0.055901,0.675677,0.432112,-0.077865,0.729248,0.505461,-0.095426,0.681327,0.455492,-0.011628,0.741508,0.386033,-0.068167,0.672551,0.37251,-0.101975,0.608771,0.378754,-0.115911,0.680056,0.525284,-0.013596,0.731084,0.449826,-0.077252,0.643695,0.429678,-0.100488,0.576544,0.42424,-0.101502,0.663842,0.594928,-0.024458,0.694338,0.515415,-0.087605,0.599443,0.486921,-0.091568,0.528081,0.480504,-0.076809,0.630476,0.661921,-0.039144,0.65354,0.583505,-0.084243,0.589468,0.553218,-0.089466,0.538824,0.550631,-0.080976
N,0.444839,0.530377,-0.000001,0.50141,0.4411,-0.034518,0.598389,0.403916,-0.050788,0.674971,0.442171,-0.066622,0.738535,0.498852,-0.078656,0.670824,0.421913,-0.016169,0.724567,0.351056,-0.067106,0.667379,0.364645,-0.096494,0.608922,0.385651,-0.107129,0.675109,0.493889,-0.017523,0.740585,0.431834,-0.074741,0.666699,0.429902,-0.093628,0.602226,0.438596,-0.091818,0.663266,0.571025,-0.026459,0.702663,0.521955,-0.086517,0.611907,0.502713,-0.084393,0.544916,0.500737,-0.065286,0.63605,0.646867,-0.038365,0.665086,0.592034,-0.083526,0.601826,0.563746,-0.081374,0.553261,0.559406,-0.067166
N,0.425535,0.510838,-0.000001,0.50072,0.417195,-0.038504,0.606077,0.387937,-0.058289,0.683048,0.43655,-0.078936,0.731938,0.513,-0.094476,0.675126,0.44882,-0.013525,0.740589,0.389352,-0.070443,0.67508,0.377644,-0.101351,0.613918,0.386168,-0.11261,0.668982,0.520019,-0.01428,0.735616,0.467856,-0.082073,0.650016,0.445624,-0.103664,0.58419,0.439412,-0.101261,0.651582,0.590747,-0.024281,0.697612,0.531931,-0.092507,0.601908,0.498647,-0.093817,0.531943,0.48954,-0.074734,0.619241,0.658039,-0.037755,0.661031,0.596742,-0.085246,0.599051,0.563441,-0.087901,0.549828,0.557588,-0.076458
N,0.421379,0.5195,-0.000001,0.495152,0.430966,-0.03721,0.593022,0.406575,-0.05781,0.664181,0.466995,-0.078862,0.715935,0.54296,-0.095175,0.663787,0.443781,-0.016392,0.723633,0.385091,-0.075885,0.655204,0.378217,-0.107857,0.590761,0.390083,-0.119399,0.658192,0.514858,-0.019391,0.732949,0.470415,-0.089568,0.644298,0.452693,-0.109785,0.574038,0.455348,-0.106363,0.640042,0.591851,-0.031398,0.69706,0.553134,-0.101704,0.600883,0.51664,-0.096918,0.533905,0.508788,-0.0739,0.606396,0.668122,-0.046709,0.655795,0.616788,-0.095519,0.590557,0.576646,-0.092965,0.542085,0.569582,-0.078051
N,0.416249,0.515716,-0.000001,0.493603,0.43164,-0.041417,0.595637,0.414585,-0.06247,0.666272,0.476702,-0.083932,0.714942,0.557392,-0.100282,0.663109,0.469414,-0.016914,0.72729,0.420448,-0.074909,0.65658,0.399325,-0.106737,0.590485,0.400507,-0.118981,0.653987,0.539671,-0.017354,0.724814,0.498508,-0.085848,0.634438,0.46814,-0.106637,0.562782,0.458904,-0.104608,0.633533,0.615013,-0.027504,0.692911,0.574244,-0.09648,0.59894,0.52873,-0.09527,0.52728,0.510862,-0.075615,0.598083,0.688893,-0.041641,0.650406,0.640934,-0.091546,0.589242,0.592888,-0.09322,0.537803,0.575394,-0.081644
N,0.413664,0.523039,-0.000001,0.49133,0.435652,-0.038534,0.591075,0.41576,-0.059401,0.658717,0.481681,-0.081918,0.702847,0.565784,-0.099817,0.66001,0.475758,-0.011135,0.727172,0.435144,-0.069424,0.656134,0.413206,-0.103094,0.589738,0.41339,-0.116375,0.650358,0.545388,-0.01313,0.72462,0.512171,-0.080244,0.634606,0.479944,-0.101848,0.562228,0.469694,-0.100515,0.629559,0.620501,-0.024806,0.690868,0.585637,-0.091641,0.595361,0.537153,-0.09011,0.523085,0.518482,-0.070616,0.594253,0.695674,-0.040399,0.648969,0.649905,-0.087794,0.587218,0.600871,-0.087816,0.534873,0.582821,-0.075427
N,0.415678,0.516043,-0.000001,0.491817,0.432129,-0.032718,0.592423,0.415227,-0.049024,0.660303,0.477829,-0.068258,0.703081,0.554512,-0.083471,0.658961,0.485628,-0.003612,0.729439,0.451793,-0.055926,0.666553,0.423217,-0.085465,0.60227,0.415551,-0.095654,0.64837,0.554061,-0.005348,0.71862,0.523715,-0.067226,0.637074,0.482343,-0.086768,0.567625,0.459328,-0.083446,0.629228,0.624229,-0.016222,0.685995,0.583657,-0.078921,0.596694,0.534287,-0.081317,0.523083,0.511886,-0.063921,0.598078,0.692549,-0.03029,0.648393,0.638469,-0.074937,0.593335,0.59185,-0.078627,0.541239,0.57191,-0.068492
N,0.417365,0.523643,-0.000001,0.494716,0.443856,-0.035903,0.595115,0.433212,-0.054806,0.659994,0.500405,-0.075191,0.699604,0.583794,-0.091039,0.660769,0.469317,-0.013144,0.721111,0.419207,-0.068759,0.656002,0.401033,-0.098372,0.591348,0.399724,-0.108533,0.65308,0.539667,-0.015742,0.728741,0.497983,-0.081579,0.646553,0.468432,-0.100635,0.57622,0.456989,-0.097359,0.632746,0.616223,-0.027457,0.689501,0.577681,-0.094521,0.596721,0.535091,-0.092159,0.526937,0.517513,-0.071417,0.599541,0.692194,-0.042523,0.648482,0.646743,-0.088297,0.589964,0.605107,-0.087355,0.543681,0.591584,-0.074529
N,0.418419,0.52011,-0.000001,0.498772,0.437248,-0.02696,0.59904,0.421936,-0.042165,0.665132,0.482971,-0.061725,0.704592,0.562694,-0.07828,0.665969,0.485833,0.000866,0.728891,0.432834,-0.05047,0.660658,0.408553,-0.080846,0.594944,0.40518,-0.092719,0.655772,0.554866,-0.005382,0.725089,0.505872,-0.067706,0.636297,0.474165,-0.091162,0.564415,0.459722,-0.091508,0.635108,0.630111,-0.019708,0.694122,0.573448,-0.083411,0.596,0.532535,-0.088718,0.519772,0.51756,-0.074442,0.600427,0.703005,-0.036478,0.653138,0.640818,-0.082132,0.592324,0.601381,-0.086155,0.539784,0.592139,-0.077004
N,0.422881,0.514496,-0.000001,0.505587,0.440677,-0.022856,0.603183,0.425086,-0.03674,0.669184,0.478417,-0.056027,0.711795,0.552825,-0.072368,0.670851,0.495981,0.007134,0.734462,0.433067,-0.042274,0.667953,0.401058,-0.072159,0.604889,0.396317,-0.084737,0.661769,0.563675,-0.000964,0.725231,0.50467,-0.061331,0.63634,0.466095,-0.085748,0.568981,0.448931,-0.087569,0.642365,0.636395,-0.016682,0.697995,0.566437,-0.077084,0.601432,0.520172,-0.083776,0.529086,0.503379,-0.071566,0.608198,0.704069,-0.034724,0.657375,0.628894,-0.079143,0.595482,0.590904,-0.084967,0.542995,0.586478,-0.077027
N,0.429396,0.51053,-0.000001,0.511098,0.433949,-0.025173,0.607679,0.418498,-0.039465,0.675054,0.474188,-0.058657,0.717913,0.550331,-0.074806,0.669914,0.482699,0.004856,0.733104,0.424816,-0.045266,0.665617,0.396886,-0.075445,0.600692,0.392333,-0.087847,0.661879,0.552342,-0.002341,0.730641,0.497356,-0.063409,0.642358,0.463864,-0.088232,0.572468,0.450242,-0.090273,0.643355,0.628134,-0.017409,0.701889,0.563952,-0.079105,0.605384,0.523602,-0.085555,0.530784,0.510184,-0.072854,0.608883,0.700301,-0.034922,0.662439,0.633631,-0.079079,0.601626,0.596186,-0.083636,0.548775,0.590491,-0.075206
N,0.435142,0.506492,-0.000001,0.514557,0.434354,-0.021347,0.615839,0.414958,-0.033629,0.684115,0.463069,-0.051708,0.731281,0.531413,-0.065963,0.681405,0.500472,0.011228,0.743699,0.434686,-0.038363,0.673583,0.39837,-0.068743,0.608776,0.393117,-0.081964,0.675493,0.566653,0.001795,0.73204,0.500367,-0.059386,0.638432,0.46182,-0.085192,0.572406,0.447819,-0.08779,0.660609,0.635487,-0.01534,0.709422,0.551402,-0.073941,0.612843,0.510132,-0.08162,0.54293,0.49971,-0.070934,0.629443,0.698619,-0.035232,0.670856,0.61093,-0.078338,0.60766,0.579099,-0.086202,0.555673,0.583779,-0.080094
N,0.431555,0.52105,-0.000001,0.508847,0.434608,-0.034451,0.604754,0.409623,-0.053276,0.674974,0.456471,-0.073689,0.726713,0.526805,-0.089685,0.67814,0.478322,-0.00864,0.734413,0.411023,-0.061488,0.664262,0.390569,-0.092346,0.599993,0.392146,-0.104822,0.673887,0.547734,-0.010829,0.732057,0.478831,-0.073277,0.641736,0.450753,-0.096173,0.573916,0.443364,-0.096955,0.658308,0.619122,-0.02153,0.704251,0.544707,-0.082786,0.610017,0.511775,-0.087416,0.539924,0.504005,-0.07415,0.626301,0.686161,-0.035685,0.66286,0.611969,-0.079519,0.601376,0.578651,-0.084838,0.553265,0.576497,-0.077141
N,0.43632,0.520329,-0.000001,0.51479,0.441335,-0.025688,0.613812,0.419032,-0.040668,0.6826,0.468921,-0.06006,0.73027,0.540092,-0.075839,0.68335,0.490252,0.003869,0.743599,0.424796,-0.046172,0.674401,0.401078,-0.07563,0.610115,0.400575,-0.087344,0.676131,0.557074,-0.002934,0.733577,0.493397,-0.064889,0.641252,0.464295,-0.089604,0.573341,0.453168,-0.090679,0.658908,0.627882,-0.017434,0.706542,0.554069,-0.077906,0.609296,0.517304,-0.083977,0.538766,0.506738,-0.070855,0.62602,0.69414,-0.034549,0.669918,0.619063,-0.077023,0.608642,0.586735,-0.081578,0.55929,0.586582,-0.072692
N,0.434178,0.515966,-0.000001,0.514993,0.437912,-0.021124,0.615264,0.414366,-0.034298,0.684676,0.46201,-0.05367,0.732767,0.530511,-0.070049,0.678649,0.491938,0.006792,0.745574,0.425852,-0.043727,0.675888,0.391718,-0.073565,0.609685,0.388133,-0.086061,0.672099,0.560519,-0.002876,0.736111,0.495635,-0.066442,0.641937,0.459519,-0.092587,0.571005,0.446385,-0.094852,0.65711,0.633491,-0.019885,0.712825,0.551996,-0.081317,0.612377,0.512567,-0.088832,0.536325,0.503476,-0.077176,0.625852,0.70016,-0.039248,0.675451,0.61506,-0.084093,0.610194,0.582576,-0.09134,0.554115,0.585998,-0.08454
N,0.446546,0.56889,-0.000001,0.509625,0.477154,-0.038779,0.60843,0.440422,-0.058481,0.684933,0.490281,-0.077002,0.734381,0.565042,-0.090601,0.66931,0.459315,-0.024852,0.730518,0.415545,-0.078788,0.662567,0.425614,-0.105238,0.599698,0.446035,-0.11388,0.667408,0.53265,-0.025125,0.742997,0.502671,-0.089581,0.65872,0.505604,-0.107436,0.592458,0.516411,-0.104207,0.655178,0.610193,-0.033421,0.715323,0.58796,-0.100713,0.622607,0.568325,-0.098129,0.554833,0.562658,-0.077753,0.630732,0.687432,-0.044871,0.682858,0.65446,-0.095508,0.620012,0.624337,-0.096147,0.569124,0.615046,-0.083838
N,0.470814,0.436305,0,0.472406,0.548785,-0.026218,0.524909,0.614644,-0.047305,0.576909,0.624119,-0.07159,0.626684,0.604335,-0.094463,0.616525,0.637907,-0.02946,0.685532,0.640413,-0.082547,0.635814,0.597466,-0.114735,0.580447,0.582502,-0.131602,0.641051,0.567054,-0.041144,0.719743,0.565831,-0.103049,0.651613,0.538103,-0.129861,0.59115,0.531432,-0.13846,0.649511,0.492025,-0.058836,0.731766,0.481772,-0.115362,0.660733,0.473644,-0.124921,0.600687,0.481697,-0.120185,0.641504,0.417531,-0.07846,0.701699,0.400385,-0.117804,0.661393,0.407264,-0.125817,0.619122,0.426516,-0.125086
N,0.449084,0.487176,0,0.517308,0.400224,-0.052846,0.605034,0.376397,-0.078185,0.666471,0.415694,-0.1001,0.708021,0.473966,-0.115942,0.659412,0.431431,-0.040112,0.732489,0.404136,-0.094973,0.668754,0.386938,-0.121152,0.60794,0.392305,-0.130295,0.652987,0.499209,-0.034289,0.729077,0.489784,-0.101844,0.648181,0.464537,-0.12545,0.589811,0.456819,-0.126781,0.642632,0.56419,-0.037108,0.709919,0.539068,-0.103693,0.625984,0.507965,-0.112417,0.563635,0.494577,-0.102062,0.622041,0.622693,-0.043903,0.676467,0.590232,-0.095096,0.621584,0.556304,-0.105398,0.573059,0.54038,-0.101779
N,0.470228,0.489834,0,0.527312,0.407266,-0.046052,0.616818,0.381533,-0.066571,0.688108,0.424018,-0.084234,0.737517,0.484004,-0.096903,0.678877,0.408046,-0.030032,0.741802,0.370352,-0.079312,0.683154,0.370916,-0.104128,0.626094,0.383483,-0.112489,0.67477,0.473184,-0.023939,0.738011,0.451511,-0.084587,0.659439,0.440914,-0.104427,0.601388,0.437373,-0.103451,0.662885,0.539991,-0.025843,0.712418,0.516763,-0.088015,0.62981,0.492929,-0.093806,0.567566,0.481992,-0.081057,0.638445,0.60515,-0.03117,0.680369,0.574262,-0.078787,0.627161,0.541206,-0.086242,0.582052,0.525888,-0.080201
N,0.458571,0.475498,-0.000001,0.523959,0.391943,-0.040648,0.614484,0.361624,-0.056976,0.682798,0.387343,-0.073414,0.734405,0.432745,-0.083249,0.674699,0.43347,-0.012344,0.739728,0.392754,-0.065944,0.673005,0.371007,-0.093803,0.611545,0.38198,-0.103307,0.670038,0.494851,-0.010996,0.732936,0.467304,-0.07661,0.650302,0.443919,-0.099478,0.592088,0.443481,-0.099312,0.661769,0.555081,-0.019193,0.721351,0.511937,-0.083069,0.635124,0.484695,-0.090842,0.571946,0.479024,-0.07918,0.643647,0.611895,-0.031211,0.690442,0.562601,-0.079584,0.638398,0.534849,-0.090635,0.591774,0.529183,-0.086738
N,0.464541,0.476172,-0.000001,0.531818,0.391304,-0.045726,0.623321,0.363302,-0.067202,0.692001,0.401957,-0.086877,0.740411,0.462233,-0.101013,0.684614,0.405352,-0.031716,0.749517,0.361352,-0.089161,0.683305,0.358604,-0.118297,0.622026,0.372248,-0.128261,0.680393,0.471689,-0.027984,0.741072,0.442134,-0.097685,0.655406,0.430846,-0.12076,0.595429,0.429252,-0.120658,0.669189,0.538212,-0.032863,0.718732,0.500278,-0.101243,0.63255,0.478953,-0.108476,0.568793,0.471197,-0.095492,0.647768,0.600919,-0.041453,0.689305,0.555106,-0.092823,0.63419,0.528519,-0.102943,0.587548,0.521092,-0.097994
N,0.471975,0.507078,-0.000001,0.537313,0.422288,-0.042843,0.63183,0.39084,-0.062304,0.703476,0.431732,-0.081088,0.750525,0.497329,-0.093806,0.695523,0.446844,-0.017755,0.760994,0.398971,-0.072793,0.694039,0.390992,-0.102661,0.633954,0.402881,-0.114055,0.691044,0.512525,-0.015628,0.751996,0.475002,-0.081868,0.665736,0.464413,-0.106756,0.60955,0.465229,-0.108834,0.6801,0.576531,-0.022669,0.729542,0.531102,-0.088203,0.641813,0.512644,-0.096992,0.57859,0.508277,-0.085903,0.655388,0.637627,-0.033541,0.697146,0.5869,-0.082229,0.641099,0.564803,-0.092604,0.594779,0.561084,-0.088345
N,0.470568,0.502979,-0.000001,0.541389,0.426081,-0.034092,0.63054,0.400602,-0.047741,0.698459,0.434658,-0.063554,0.752661,0.484624,-0.074285,0.682831,0.46173,-0.001283,0.749496,0.427383,-0.051971,0.683399,0.40836,-0.080869,0.620568,0.416076,-0.092546,0.681113,0.52044,-0.004004,0.746634,0.497306,-0.066266,0.664366,0.476924,-0.09267,0.607037,0.473293,-0.096616,0.674707,0.578172,-0.015902,0.739373,0.537902,-0.078905,0.651513,0.514912,-0.089959,0.58675,0.50826,-0.081345,0.655628,0.632357,-0.030984,0.707376,0.584601,-0.080415,0.6517,0.561849,-0.092458,0.603044,0.556692,-0.089825
N,0.48129,0.461932,0,0.514804,0.505344,-0.033807,0.599257,0.518322,-0.052123,0.675808,0.510538,-0.072183,0.736481,0.506915,-0.088551,0.654691,0.59675,-0.009733,0.70873,0.591029,-0.059567,0.656692,0.54857,-0.093703,0.600596,0.536801,-0.11235,0.66705,0.56349,-0.014024,0.732486,0.542347,-0.073411,0.662968,0.5075,-0.100825,0.606861,0.497847,-0.109096,0.67122,0.526022,-0.027109,0.742192,0.484853,-0.081411,0.66972,0.468474,-0.091349,0.611435,0.468966,-0.086451,0.660178,0.489116,-0.043783,0.716837,0.443595,-0.083271,0.671897,0.438822,-0.093275,0.627896,0.449178,-0.093146
N,0.486006,0.49567,-0.000001,0.545319,0.445203,-0.041926,0.634024,0.422509,-0.059894,0.704725,0.440669,-0.078166,0.759021,0.475913,-0.090516,0.681282,0.50575,-0.014765,0.747758,0.483665,-0.070732,0.682326,0.451555,-0.102629,0.619745,0.452978,-0.116069,0.680682,0.541842,-0.01514,0.750236,0.519286,-0.080844,0.671755,0.487876,-0.106247,0.613887,0.482121,-0.109433,0.676203,0.577024,-0.02571,0.747167,0.534028,-0.090265,0.663398,0.507083,-0.09901,0.599633,0.501666,-0.088814,0.658624,0.610512,-0.040262,0.718515,0.568563,-0.089686,0.666136,0.549914,-0.100547,0.6169,0.547639,-0.097322
N,0.488549,0.499204,-0.000001,0.549847,0.4082,-0.036386,0.642111,0.378327,-0.051133,0.71302,0.426642,-0.065961,0.75535,0.497713,-0.074799,0.703603,0.41117,-0.009986,0.766463,0.375887,-0.059909,0.699492,0.381953,-0.085373,0.641534,0.400584,-0.093785,0.701394,0.47821,-0.008962,0.765099,0.451095,-0.069798,0.681909,0.451742,-0.088596,0.624453,0.457586,-0.086358,0.690997,0.547109,-0.016789,0.748279,0.515207,-0.077312,0.661701,0.503748,-0.079077,0.599466,0.5036,-0.063387,0.669243,0.615829,-0.028173,0.713418,0.569087,-0.073276,0.657551,0.544425,-0.079292,0.611884,0.538975,-0.072105
N,0.507407,0.506148,0,0.56104,0.419135,-0.038438,0.652769,0.385622,-0.056086,0.722813,0.426001,-0.072282,0.765033,0.493002,-0.083113,0.715548,0.410579,-0.023446,0.770854,0.363207,-0.072016,0.709086,0.369409,-0.094693,0.654048,0.387689,-0.101519,0.712384,0.474879,-0.021242,0.771531,0.446512,-0.081673,0.691531,0.446582,-0.099843,0.636385,0.449579,-0.097397,0.700935,0.54064,-0.026577,0.748521,0.504541,-0.087241,0.663392,0.4938,-0.090116,0.603159,0.49239,-0.075441,0.677772,0.605976,-0.034765,0.719085,0.562346,-0.079562,0.664649,0.542147,-0.084886,0.620581,0.538207,-0.077433
N,0.504673,0.500384,0,0.556317,0.412343,-0.035631,0.649196,0.379796,-0.051427,0.719949,0.425106,-0.066372,0.761513,0.494568,-0.07611,0.713399,0.399491,-0.019129,0.772604,0.358086,-0.067733,0.710819,0.368602,-0.090859,0.656189,0.390017,-0.097786,0.710674,0.464863,-0.017805,0.77305,0.439799,-0.07668,0.693424,0.441384,-0.092547,0.638416,0.445223,-0.088243,0.699104,0.532536,-0.024175,0.750213,0.503902,-0.083742,0.664572,0.491824,-0.083163,0.605531,0.490297,-0.065671,0.676574,0.60107,-0.033377,0.718521,0.561187,-0.077458,0.662725,0.539781,-0.080646,0.618617,0.535802,-0.07112
N,0.555755,0.456052,0,0.593517,0.562249,-0.036327,0.665405,0.609903,-0.061897,0.731675,0.565363,-0.087753,0.773972,0.505831,-0.107629,0.770409,0.61032,-0.030354,0.785038,0.649863,-0.092827,0.712723,0.621779,-0.130779,0.652696,0.599666,-0.146876,0.778477,0.525809,-0.037174,0.807897,0.570461,-0.104625,0.728429,0.561133,-0.124391,0.659739,0.556493,-0.121846,0.77268,0.445847,-0.052522,0.766666,0.48795,-0.11676,0.683635,0.494901,-0.116931,0.625151,0.499873,-0.098747,0.753138,0.374368,-0.071314,0.731036,0.421884,-0.109935,0.672212,0.440883,-0.106895,0.634794,0.453597,-0.093826
N,0.553138,0.465012,0,0.591267,0.56965,-0.035694,0.663399,0.617598,-0.060638,0.730302,0.574688,-0.085975,0.77528,0.5199,-0.105397,0.766077,0.625178,-0.029579,0.782388,0.662037,-0.09148,0.710929,0.63185,-0.128935,0.651927,0.608799,-0.144937,0.774187,0.540102,-0.03713,0.807352,0.582664,-0.104278,0.72818,0.572504,-0.123981,0.659478,0.565782,-0.121269,0.768221,0.458319,-0.053114,0.765629,0.495828,-0.117792,0.67974,0.504553,-0.117925,0.620645,0.510557,-0.099845,0.748264,0.384148,-0.072344,0.729616,0.428192,-0.11272,0.669097,0.448687,-0.10963,0.631036,0.462248,-0.096302
N,0.554798,0.466321,0,0.589866,0.576287,-0.040092,0.660732,0.630694,-0.067608,0.727515,0.587261,-0.095126,0.767825,0.528136,-0.115948,0.771,0.634385,-0.032008,0.784481,0.672733,-0.097233,0.712128,0.641035,-0.137099,0.652333,0.615903,-0.154579,0.777922,0.54495,-0.038685,0.805055,0.5869,-0.111384,0.723274,0.576116,-0.133792,0.653019,0.568865,-0.131899,0.770806,0.460508,-0.054559,0.769395,0.500531,-0.122112,0.682403,0.508775,-0.122303,0.622123,0.514156,-0.103711,0.749452,0.385797,-0.074421,0.727289,0.432234,-0.115912,0.667403,0.451849,-0.113913,0.630711,0.465562,-0.101206
N,0.55612,0.466726,0,0.588706,0.573371,-0.041045,0.659218,0.630385,-0.068723,0.725939,0.588069,-0.096119,0.768921,0.5265,-0.116812,0.766678,0.639872,-0.033561,0.787749,0.676578,-0.098419,0.715462,0.641853,-0.137325,0.65527,0.614469,-0.153925,0.774228,0.550417,-0.039949,0.810801,0.589589,-0.112103,0.729701,0.576261,-0.134096,0.658668,0.567594,-0.131602,0.768664,0.464691,-0.055476,0.771024,0.500574,-0.123219,0.683203,0.507599,-0.123193,0.622688,0.513355,-0.10436,0.749556,0.387903,-0.074903,0.730042,0.430507,-0.117338,0.668658,0.449305,-0.114973,0.630933,0.463369,-0.101793
N,0.553274,0.462912,0,0.586014,0.572463,-0.04209,0.658007,0.631157,-0.06977,0.724431,0.58242,-0.097008,0.766715,0.518263,-0.117168,0.765712,0.634153,-0.033788,0.786096,0.676597,-0.099063,0.713315,0.640085,-0.13763,0.653053,0.610771,-0.153974,0.773485,0.542488,-0.039468,0.806529,0.584036,-0.113026,0.721457,0.569631,-0.134461,0.649886,0.56118,-0.131161,0.767642,0.456549,-0.054497,0.773303,0.495039,-0.123492,0.682972,0.502467,-0.122135,0.621885,0.508302,-0.101981,0.748339,0.379985,-0.073429,0.730345,0.425171,-0.116782,0.667546,0.44469,-0.113977,0.630411,0.458775,-0.10018
N,0.556485,0.462142,0,0.591692,0.568958,-0.040446,0.657483,0.620795,-0.070467,0.720865,0.57843,-0.10071,0.7594,0.516506,-0.124461,0.770132,0.630924,-0.035123,0.785912,0.665806,-0.102491,0.713334,0.632252,-0.143793,0.652058,0.60644,-0.161776,0.777489,0.540294,-0.042265,0.810283,0.579588,-0.117535,0.727309,0.566577,-0.140578,0.654418,0.559198,-0.138236,0.771654,0.455407,-0.058462,0.773034,0.490914,-0.127612,0.685212,0.498569,-0.128038,0.623787,0.505561,-0.108818,0.751377,0.38191,-0.078631,0.731044,0.423122,-0.120571,0.670362,0.443401,-0.118457,0.63284,0.459195,-0.105308
N,0.555765,0.466486,0,0.590649,0.571303,-0.038346,0.654761,0.624464,-0.066214,0.715866,0.591875,-0.094737,0.7548,0.538612,-0.116743,0.76757,0.637708,-0.032728,0.786005,0.674768,-0.097974,0.714088,0.639687,-0.137559,0.653942,0.611837,-0.154602,0.776356,0.548134,-0.040224,0.807364,0.587615,-0.112739,0.725224,0.572858,-0.134242,0.654191,0.564402,-0.131517,0.771471,0.462985,-0.056637,0.769882,0.500198,-0.123514,0.683457,0.505043,-0.123326,0.623097,0.509838,-0.104426,0.751877,0.387493,-0.076991,0.727659,0.429164,-0.118087,0.667763,0.447938,-0.116035,0.630579,0.46285,-0.103095
N,0.554047,0.467319,0,0.585498,0.569558,-0.040454,0.657535,0.624422,-0.065754,0.726246,0.580732,-0.090134,0.772703,0.521759,-0.10742,0.766937,0.638391,-0.031815,0.780942,0.677717,-0.094326,0.70999,0.639846,-0.131046,0.652898,0.611459,-0.146613,0.778312,0.551098,-0.037152,0.802794,0.593671,-0.105516,0.724458,0.57666,-0.124837,0.657993,0.567265,-0.121333,0.774039,0.467054,-0.051674,0.758782,0.502083,-0.115791,0.676145,0.505971,-0.115501,0.620763,0.511637,-0.097385,0.75514,0.392003,-0.070223,0.722139,0.432862,-0.10921,0.663443,0.448811,-0.107275,0.629342,0.463287,-0.095049
N,0.554359,0.459945,0,0.587159,0.570012,-0.041169,0.655962,0.626157,-0.069601,0.720168,0.579808,-0.097575,0.756907,0.518018,-0.118948,0.766017,0.631579,-0.03471,0.779533,0.668188,-0.100602,0.70855,0.633992,-0.141112,0.647557,0.607964,-0.158816,0.774045,0.541146,-0.040699,0.80253,0.58216,-0.11387,0.721264,0.56948,-0.136644,0.649844,0.563594,-0.13465,0.767809,0.456545,-0.055725,0.763605,0.489872,-0.122975,0.678429,0.498311,-0.124129,0.619296,0.506671,-0.106,0.74757,0.382916,-0.074757,0.725795,0.420802,-0.114484,0.667233,0.441943,-0.112198,0.631694,0.459843,-0.0996
N,0.55062,0.459093,0,0.586901,0.564886,-0.042012,0.657294,0.61348,-0.069838,0.725634,0.572695,-0.096481,0.772579,0.517773,-0.116162,0.766283,0.623366,-0.03694,0.774501,0.663442,-0.104138,0.703908,0.628527,-0.144466,0.645279,0.600539,-0.161584,0.776987,0.535937,-0.041375,0.797457,0.578731,-0.11398,0.719322,0.564679,-0.134806,0.651157,0.558102,-0.131743,0.771717,0.453797,-0.055147,0.749853,0.490623,-0.121913,0.6691,0.49681,-0.122526,0.613528,0.504192,-0.104014,0.752255,0.381564,-0.073157,0.717286,0.422851,-0.11216,0.661518,0.440884,-0.110743,0.628744,0.456907,-0.098602
N,0.548753,0.457971,0,0.583486,0.566361,-0.040964,0.650941,0.617247,-0.069061,0.716591,0.577413,-0.096607,0.758465,0.521837,-0.117357,0.761535,0.629176,-0.03422,0.77256,0.666461,-0.100403,0.701962,0.630382,-0.140703,0.642764,0.602308,-0.158171,0.771799,0.541178,-0.039781,0.797506,0.579689,-0.113116,0.716762,0.565374,-0.13504,0.646453,0.559214,-0.13239,0.767162,0.458129,-0.054542,0.756365,0.492618,-0.121638,0.67272,0.498179,-0.122375,0.614467,0.504757,-0.103851,0.748073,0.384929,-0.073469,0.719042,0.42437,-0.113374,0.66181,0.442673,-0.112058,0.627546,0.4584,-0.099863
N,0.550581,0.459695,0,0.585341,0.564931,-0.040871,0.654527,0.61504,-0.067946,0.721723,0.57419,-0.094161,0.767836,0.519689,-0.113372,0.761025,0.62762,-0.034228,0.772577,0.667612,-0.099892,0.701873,0.631562,-0.139217,0.643162,0.603314,-0.155992,0.772306,0.540475,-0.039263,0.797863,0.582349,-0.111427,0.71815,0.567961,-0.132351,0.648723,0.561318,-0.129155,0.768358,0.458219,-0.053508,0.752586,0.493801,-0.12028,0.669439,0.499913,-0.120868,0.612696,0.507082,-0.102305,0.750258,0.3854,-0.071818,0.717174,0.42594,-0.111669,0.65973,0.444818,-0.110493,0.626237,0.461259,-0.098429
N,0.557745,0.459899,0,0.591893,0.568031,-0.040121,0.657202,0.625257,-0.068052,0.717492,0.595693,-0.095982,0.756402,0.544941,-0.117417,0.765886,0.630286,-0.034466,0.778616,0.666944,-0.099673,0.707691,0.635158,-0.13981,0.647406,0.609493,-0.157428,0.774454,0.540887,-0.040824,0.804213,0.580819,-0.113521,0.722554,0.569649,-0.135782,0.65134,0.564722,-0.133947,0.769096,0.457148,-0.05606,0.768689,0.495545,-0.124217,0.682685,0.502829,-0.124707,0.622947,0.50893,-0.106111,0.749656,0.383841,-0.075216,0.729072,0.427342,-0.117389,0.669355,0.446726,-0.115333,0.632424,0.461127,-0.10245
N,0.557325,0.463431,0,0.588282,0.573466,-0.042724,0.656601,0.631814,-0.071108,0.722967,0.58558,-0.09875,0.76197,0.522467,-0.119369,0.765363,0.635052,-0.035628,0.784361,0.677796,-0.101613,0.711399,0.643017,-0.140828,0.650231,0.614785,-0.157375,0.773173,0.544455,-0.04085,0.802677,0.587572,-0.115118,0.717057,0.573661,-0.137146,0.646199,0.565519,-0.134065,0.767124,0.459725,-0.055371,0.767923,0.497355,-0.123822,0.680925,0.504901,-0.123804,0.622558,0.510629,-0.104513,0.748108,0.38422,-0.073913,0.72793,0.426581,-0.115447,0.667998,0.446297,-0.113112,0.633019,0.460805,-0.099973
N,0.557489,0.460015,0,0.586851,0.571446,-0.043512,0.653134,0.632366,-0.073173,0.718713,0.587292,-0.101829,0.756807,0.522507,-0.123442,0.763663,0.636858,-0.039754,0.783781,0.677261,-0.107337,0.71171,0.641022,-0.147352,0.650134,0.612916,-0.164262,0.772936,0.545586,-0.044749,0.801463,0.587441,-0.120689,0.717465,0.572296,-0.143376,0.64608,0.564135,-0.140331,0.767994,0.460716,-0.058888,0.762992,0.493872,-0.127812,0.677304,0.502421,-0.128992,0.619404,0.511049,-0.110353,0.75013,0.386679,-0.077144,0.725064,0.423777,-0.118056,0.666794,0.4441,-0.116788,0.633375,0.462054,-0.104523
N,0.556461,0.465067,0,0.589843,0.568724,-0.041708,0.657343,0.623454,-0.070582,0.721163,0.586609,-0.099036,0.764266,0.531066,-0.120721,0.761737,0.636656,-0.037803,0.783115,0.677748,-0.104639,0.711075,0.643141,-0.144986,0.648807,0.61408,-0.16207,0.770505,0.546361,-0.043011,0.802537,0.586747,-0.116409,0.717369,0.574386,-0.138052,0.645067,0.569111,-0.135533,0.765837,0.461067,-0.057248,0.76616,0.499542,-0.124779,0.679783,0.50753,-0.124176,0.621371,0.513038,-0.105232,0.748319,0.38454,-0.075485,0.725836,0.426547,-0.117151,0.666501,0.44854,-0.115071,0.631811,0.464251,-0.102337
N,0.551598,0.464986,0,0.583666,0.565766,-0.038387,0.650125,0.617782,-0.064567,0.712923,0.588023,-0.090726,0.755163,0.53557,-0.110404,0.76046,0.630857,-0.033654,0.775213,0.673364,-0.096658,0.703908,0.637482,-0.134143,0.646769,0.609736,-0.149627,0.771113,0.546307,-0.03993,0.798761,0.590539,-0.107427,0.722419,0.576209,-0.126522,0.6564,0.568722,-0.123226,0.767068,0.464528,-0.054898,0.751833,0.501062,-0.118429,0.669355,0.50345,-0.118212,0.612799,0.506408,-0.099802,0.748948,0.391425,-0.073736,0.720272,0.433399,-0.11042,0.662807,0.448798,-0.106668,0.627175,0.460359,-0.093308
N,0.552099,0.463912,0,0.581056,0.565461,-0.038932,0.643483,0.616802,-0.06701,0.704816,0.584754,-0.09489,0.747781,0.529128,-0.116095,0.757942,0.631428,-0.035576,0.774361,0.676318,-0.099423,0.704607,0.638953,-0.137679,0.647115,0.609169,-0.1537,0.769094,0.546316,-0.041792,0.797147,0.593882,-0.11066,0.718494,0.575456,-0.130271,0.651663,0.56343,-0.127006,0.765495,0.464314,-0.056573,0.756457,0.503578,-0.119361,0.675195,0.503814,-0.117717,0.62022,0.504092,-0.098745,0.74784,0.39083,-0.075312,0.722691,0.433505,-0.111392,0.666575,0.446871,-0.106851,0.632857,0.456259,-0.093101
N,0.5539,0.465016,0,0.578814,0.56653,-0.037939,0.639298,0.628585,-0.063158,0.69628,0.595968,-0.087839,0.73252,0.534489,-0.106208,0.758868,0.637586,-0.031727,0.775853,0.682149,-0.090408,0.705378,0.645212,-0.124479,0.649156,0.615267,-0.138298,0.770428,0.553125,-0.037988,0.799681,0.596415,-0.10247,0.72128,0.579398,-0.120679,0.656261,0.567158,-0.116973,0.766734,0.468733,-0.052483,0.76075,0.505256,-0.113677,0.676798,0.507348,-0.112203,0.621486,0.508192,-0.093747,0.749079,0.39157,-0.070478,0.727869,0.43567,-0.107432,0.667943,0.447959,-0.10233,0.632429,0.455679,-0.088072
O,0.380018,0.470349,0,0.452135,0.561519,-0.013639,0.545647,0.607683,-0.024784,0.617297,0.641618,-0.041731,0.68278,0.657923,-0.057912,0.650834,0.524847,-0.004264,0.752181,0.528377,-0.043901,0.743825,0.592864,-0.076664,0.716464,0.638615,-0.09437,0.645132,0.472696,-0.018461,0.758288,0.475777,-0.056197,0.74687,0.553501,-0.08295,0.709452,0.59625,-0.097318,0.629526,0.419793,-0.037748,0.741532,0.415786,-0.070984,0.735896,0.496069,-0.084103,0.702119,0.54846,-0.08723,0.603682,0.364361,-0.059356,0.692102,0.369105,-0.087261,0.707615,0.440172,-0.096813,0.69521,0.500179,-0.098965
O,0.506379,0.506442,0,0.558462,0.595789,-0.00861,0.637649,0.654776,-0.017971,0.695073,0.709282,-0.034016,0.749869,0.709987,-0.04928,0.726804,0.578427,0.001344,0.818515,0.599609,-0.035257,0.802989,0.661519,-0.068134,0.7644,0.696532,-0.085549,0.727808,0.540812,-0.013749,0.831028,0.566215,-0.049132,0.812976,0.642463,-0.079971,0.767095,0.680422,-0.097167,0.721753,0.499389,-0.033099,0.821182,0.516192,-0.060033,0.81113,0.598313,-0.080465,0.770239,0.648145,-0.090588,0.707688,0.457399,-0.054483,0.78607,0.479082,-0.074902,0.796412,0.542357,-0.088075,0.776356,0.592341,-0.095572
O,0.522101,0.495997,0,0.567489,0.588898,-0.010532,0.641013,0.655126,-0.020143,0.69691,0.711603,-0.034749,0.74286,0.694545,-0.049069,0.730083,0.593824,-0.00936,0.820142,0.618901,-0.046057,0.800446,0.67206,-0.078182,0.760688,0.698701,-0.095216,0.73336,0.551654,-0.021527,0.833402,0.57799,-0.054541,0.812223,0.64336,-0.080262,0.766552,0.671241,-0.094713,0.728714,0.50419,-0.037431,0.824184,0.521584,-0.062062,0.810787,0.591801,-0.078798,0.768485,0.630939,-0.087275,0.718068,0.453399,-0.055559,0.793522,0.471004,-0.075615,0.796819,0.527212,-0.088043,0.770328,0.57035,-0.095293
O,0.514459,0.488911,0,0.566253,0.573694,0.000992,0.63886,0.62993,-0.006017,0.689264,0.68541,-0.021674,0.735441,0.694098,-0.036919,0.724611,0.55384,0.010367,0.810233,0.586624,-0.023317,0.791707,0.650863,-0.053986,0.757412,0.687434,-0.071089,0.724882,0.520348,-0.009537,0.821545,0.558149,-0.045156,0.797375,0.636686,-0.074349,0.754908,0.6754,-0.090351,0.720258,0.48334,-0.03311,0.81499,0.513239,-0.060498,0.796509,0.597617,-0.078307,0.756094,0.646616,-0.086621,0.708246,0.447092,-0.057967,0.780121,0.483211,-0.078285,0.784592,0.549885,-0.089848,0.766372,0.600057,-0.096573
O,0.51965,0.498165,0,0.571927,0.585207,0.003565,0.64016,0.642953,-0.00285,0.68636,0.699361,-0.018531,0.728814,0.705874,-0.033033,0.727821,0.544666,0.017125,0.805806,0.586641,-0.016243,0.78444,0.660714,-0.04671,0.754006,0.70674,-0.06387,0.726758,0.51537,-0.004087,0.812883,0.574909,-0.041282,0.785384,0.662702,-0.069193,0.745425,0.709817,-0.082757,0.721068,0.490929,-0.029226,0.803797,0.550002,-0.058614,0.779616,0.640134,-0.073272,0.740119,0.692163,-0.077499,0.707707,0.472629,-0.055704,0.767146,0.533797,-0.075337,0.763341,0.606682,-0.082809,0.742646,0.657877,-0.08534
O,0.520134,0.48214,0,0.573545,0.574151,0.008818,0.634445,0.628994,0.001733,0.675219,0.685283,-0.015285,0.713377,0.691999,-0.031226,0.725789,0.504359,0.016619,0.79959,0.565848,-0.016672,0.775786,0.644273,-0.046766,0.742612,0.690263,-0.063544,0.724608,0.474645,-0.007056,0.802892,0.561774,-0.043797,0.772958,0.65285,-0.070616,0.731766,0.697103,-0.083494,0.717534,0.458844,-0.033732,0.792647,0.544484,-0.061226,0.768246,0.636574,-0.073553,0.730285,0.684287,-0.076445,0.701622,0.455317,-0.061308,0.760025,0.531794,-0.078594,0.754687,0.604693,-0.083175,0.732832,0.651719,-0.083542
O,0.503521,0.455259,0,0.552533,0.548598,0.002392,0.611769,0.606909,-0.00503,0.653342,0.66325,-0.021465,0.689704,0.656333,-0.036864,0.70303,0.524055,0.017453,0.772148,0.56634,-0.017149,0.741457,0.625474,-0.048153,0.702617,0.657377,-0.065091,0.703223,0.493567,-0.002494,0.780065,0.548426,-0.039239,0.743875,0.620784,-0.067564,0.700274,0.653621,-0.081516,0.697926,0.465279,-0.026641,0.774352,0.515511,-0.056157,0.744845,0.593881,-0.071941,0.703918,0.636661,-0.076625,0.683697,0.438859,-0.052136,0.740596,0.490566,-0.07085,0.73693,0.555327,-0.079647,0.71789,0.602007,-0.083459
O,0.511157,0.459987,0,0.552654,0.54557,-0.00042,0.612339,0.605172,-0.009221,0.650571,0.662509,-0.02577,0.693187,0.661636,-0.041696,0.702208,0.533243,0.004264,0.778134,0.57059,-0.03095,0.748371,0.627862,-0.062057,0.708655,0.657478,-0.079374,0.702629,0.50188,-0.014182,0.7888,0.546063,-0.048658,0.754669,0.616294,-0.076507,0.712079,0.648062,-0.092098,0.698071,0.469858,-0.03617,0.782114,0.508019,-0.062916,0.755264,0.585114,-0.080293,0.714396,0.626453,-0.088461,0.685434,0.439967,-0.059449,0.748274,0.480079,-0.079562,0.745704,0.54468,-0.091809,0.725799,0.591448,-0.099201
O,0.513132,0.465991,0,0.550672,0.552358,-0.004479,0.606768,0.612817,-0.017164,0.646409,0.660312,-0.036127,0.692126,0.654561,-0.05445,0.705002,0.551784,-0.010668,0.784911,0.581725,-0.044489,0.755144,0.633842,-0.07109,0.714737,0.656779,-0.084797,0.705933,0.516173,-0.027487,0.800861,0.55053,-0.059077,0.768109,0.61582,-0.081949,0.724344,0.639632,-0.094252,0.700519,0.480227,-0.046981,0.793045,0.50901,-0.071431,0.768597,0.582375,-0.085149,0.726479,0.61715,-0.091099,0.685403,0.44564,-0.067794,0.753791,0.478408,-0.088347,0.755238,0.541094,-0.09966,0.735982,0.582763,-0.105835
O,0.51465,0.459441,0,0.551587,0.550406,-0.005917,0.606377,0.614303,-0.021005,0.647308,0.660904,-0.041831,0.687823,0.642088,-0.062015,0.707023,0.555243,-0.021925,0.794511,0.578335,-0.055228,0.757652,0.62855,-0.079388,0.712469,0.644239,-0.09179,0.706282,0.518028,-0.038881,0.805738,0.550076,-0.069596,0.764921,0.608873,-0.089387,0.720689,0.623908,-0.100434,0.699825,0.480359,-0.057838,0.79628,0.506563,-0.080469,0.765536,0.574044,-0.091059,0.71964,0.599748,-0.096007,0.68444,0.441971,-0.078403,0.756842,0.469469,-0.099602,0.754436,0.530744,-0.110918,0.730388,0.568579,-0.117568
O,0.518475,0.464313,0,0.554234,0.554608,-0.005639,0.606652,0.618341,-0.019602,0.645941,0.665577,-0.039471,0.687775,0.649918,-0.058633,0.707775,0.566958,-0.0168,0.790636,0.592507,-0.049439,0.755631,0.638088,-0.073495,0.712267,0.652896,-0.085746,0.709032,0.529076,-0.033441,0.805327,0.561103,-0.06386,0.766637,0.615901,-0.083817,0.722708,0.630839,-0.094615,0.703471,0.489888,-0.052437,0.797859,0.515467,-0.075786,0.767719,0.579157,-0.08709,0.722599,0.605531,-0.091864,0.68844,0.449406,-0.072964,0.759358,0.476844,-0.093744,0.756884,0.535075,-0.104696,0.733134,0.572059,-0.110791
O,0.515993,0.470183,0,0.551694,0.559454,-0.006086,0.605297,0.622799,-0.020913,0.645903,0.670823,-0.04167,0.689692,0.656759,-0.062027,0.705648,0.570805,-0.017884,0.78984,0.597765,-0.051808,0.755616,0.64438,-0.077511,0.712967,0.660367,-0.090985,0.706612,0.532361,-0.034581,0.802841,0.567937,-0.066286,0.763357,0.622531,-0.087321,0.72002,0.638682,-0.098878,0.701036,0.492885,-0.053654,0.794146,0.521736,-0.077966,0.763443,0.586058,-0.089831,0.718499,0.613703,-0.095092,0.686348,0.452626,-0.074207,0.756718,0.483302,-0.095469,0.754205,0.542818,-0.106503,0.730846,0.581205,-0.112866
O,0.512763,0.468569,0,0.548995,0.558831,-0.005,0.603719,0.622058,-0.018913,0.643877,0.670366,-0.038889,0.68465,0.653572,-0.058254,0.701421,0.570321,-0.018027,0.786281,0.598959,-0.051966,0.749323,0.644349,-0.077168,0.704714,0.656928,-0.090134,0.702758,0.532386,-0.035229,0.799575,0.566496,-0.06637,0.759403,0.621217,-0.086616,0.71552,0.635751,-0.097912,0.697485,0.492823,-0.054809,0.79271,0.519879,-0.078496,0.76153,0.584238,-0.09004,0.715943,0.610684,-0.095346,0.68322,0.452418,-0.075888,0.754401,0.480719,-0.097197,0.751502,0.539745,-0.10878,0.727584,0.577153,-0.115705
O,0.512755,0.475724,0,0.548314,0.562987,-0.006355,0.602897,0.624771,-0.020122,0.641372,0.672704,-0.039325,0.684128,0.659656,-0.057785,0.701208,0.57238,-0.015202,0.781738,0.601874,-0.04882,0.748192,0.648459,-0.075369,0.705987,0.664107,-0.089187,0.70239,0.535233,-0.030416,0.795339,0.57024,-0.059507,0.758819,0.626562,-0.079567,0.715735,0.64255,-0.090772,0.696901,0.495863,-0.048296,0.789817,0.524272,-0.069876,0.763236,0.588251,-0.08061,0.719941,0.614294,-0.085439,0.682362,0.456005,-0.067853,0.750948,0.484515,-0.087251,0.74987,0.540968,-0.097517,0.728047,0.575727,-0.103298
O,0.514054,0.474364,0,0.551864,0.56682,-0.003564,0.607217,0.629606,-0.016253,0.649193,0.678022,-0.035442,0.689393,0.657761,-0.054208,0.705927,0.575492,-0.00848,0.78391,0.606264,-0.04014,0.749495,0.650816,-0.065927,0.707669,0.664267,-0.079727,0.707356,0.53786,-0.025503,0.79939,0.575922,-0.054001,0.761532,0.630056,-0.075003,0.718679,0.644743,-0.087011,0.702507,0.498878,-0.045131,0.793268,0.530156,-0.06679,0.763719,0.593566,-0.078807,0.71964,0.619504,-0.08465,0.68847,0.45951,-0.066218,0.757321,0.492137,-0.084446,0.754308,0.550061,-0.094465,0.7314,0.586506,-0.100736
O,0.515793,0.4679,0,0.552303,0.557682,-0.001908,0.606366,0.619859,-0.014349,0.645837,0.668461,-0.033488,0.687118,0.653584,-0.052277,0.70493,0.565639,-0.010415,0.784028,0.596849,-0.042923,0.748098,0.642596,-0.068596,0.705479,0.656143,-0.082015,0.706392,0.528822,-0.028689,0.799815,0.567109,-0.057732,0.760927,0.622431,-0.077716,0.717426,0.636257,-0.088802,0.701255,0.489948,-0.049442,0.792691,0.521541,-0.071799,0.76213,0.585286,-0.082696,0.717673,0.610173,-0.087595,0.686888,0.450486,-0.071426,0.755478,0.482511,-0.091358,0.751695,0.540428,-0.101398,0.728173,0.575559,-0.107248
O,0.520624,0.461162,0,0.564143,0.555659,0.007325,0.620282,0.612183,-0.000245,0.65979,0.65766,-0.017081,0.6928,0.643697,-0.033561,0.711273,0.546448,0.00702,0.78708,0.578044,-0.025871,0.751232,0.630298,-0.053649,0.707026,0.65381,-0.068261,0.712133,0.515713,-0.015578,0.801201,0.552178,-0.046816,0.76512,0.620446,-0.07024,0.719872,0.644205,-0.082616,0.706969,0.486608,-0.040872,0.794211,0.517854,-0.064103,0.765664,0.593083,-0.078121,0.721639,0.62825,-0.083962,0.692731,0.461573,-0.066997,0.758982,0.49344,-0.084284,0.75654,0.556422,-0.094319,0.734279,0.599286,-0.100039
O,0.516716,0.453594,0,0.562716,0.551319,0.011794,0.621123,0.608582,0.004797,0.663947,0.65308,-0.012463,0.689612,0.636921,-0.029221,0.710951,0.540996,0.006727,0.788751,0.575661,-0.025693,0.748959,0.632811,-0.051926,0.703476,0.656545,-0.065583,0.710906,0.511512,-0.019125,0.801637,0.554954,-0.050661,0.761247,0.627828,-0.071852,0.714116,0.649523,-0.082486,0.705061,0.484166,-0.047098,0.795391,0.524589,-0.070993,0.762203,0.602836,-0.082166,0.716024,0.635106,-0.085732,0.691386,0.460357,-0.075566,0.759027,0.500313,-0.093955,0.751815,0.567009,-0.102321,0.724694,0.608343,-0.106304
O,0.520596,0.447594,0,0.562053,0.541826,0.005112,0.616502,0.593859,-0.002813,0.654898,0.636661,-0.019542,0.692908,0.637404,-0.035387,0.706074,0.534982,0.003932,0.786628,0.563768,-0.029626,0.75208,0.618605,-0.056352,0.707763,0.643448,-0.069801,0.70711,0.502636,-0.017342,0.797617,0.537491,-0.052154,0.75987,0.607483,-0.076692,0.713896,0.631424,-0.088548,0.702537,0.472702,-0.041284,0.790728,0.506085,-0.067322,0.761055,0.581552,-0.081092,0.71777,0.615455,-0.085334,0.689154,0.445865,-0.066102,0.756293,0.482196,-0.085399,0.751437,0.545606,-0.094938,0.726858,0.586205,-0.098855
O,0.517748,0.454725,0,0.558838,0.544211,0.003944,0.614323,0.597534,-0.004888,0.651285,0.642604,-0.022068,0.687222,0.633202,-0.038676,0.70337,0.534863,-0.001027,0.784392,0.56703,-0.037062,0.746273,0.621975,-0.066182,0.700568,0.643871,-0.081198,0.702333,0.504352,-0.022135,0.794556,0.54246,-0.057462,0.753441,0.61148,-0.083277,0.708488,0.634115,-0.096481,0.696128,0.475588,-0.045649,0.78631,0.509046,-0.070226,0.755991,0.583438,-0.083928,0.713917,0.615664,-0.089068,0.681505,0.44892,-0.070288,0.750637,0.480997,-0.088998,0.745917,0.543473,-0.09884,0.721762,0.583257,-0.103711
O,0.519706,0.448364,0,0.562023,0.544418,0.006984,0.618244,0.601108,-0.001632,0.657462,0.645826,-0.019774,0.696429,0.637728,-0.037296,0.708179,0.534809,0.005695,0.783983,0.571244,-0.030774,0.747031,0.625834,-0.06058,0.700966,0.649464,-0.07557,0.70956,0.50311,-0.017488,0.800002,0.545676,-0.052846,0.762134,0.617818,-0.077958,0.714748,0.642623,-0.090139,0.704759,0.474154,-0.043563,0.793658,0.512853,-0.070138,0.763463,0.590436,-0.084009,0.71917,0.625963,-0.088306,0.690734,0.450182,-0.070411,0.757292,0.489717,-0.089332,0.753714,0.55557,-0.098946,0.730999,0.599204,-0.103335
O,0.522782,0.454474,0,0.566333,0.550641,0.006924,0.621789,0.605819,-0.000954,0.660661,0.650031,-0.018423,0.699045,0.643261,-0.035198,0.710228,0.54389,0.007833,0.788987,0.578147,-0.028412,0.751087,0.630727,-0.058531,0.70456,0.652885,-0.07376,0.711713,0.513245,-0.014789,0.801666,0.553653,-0.050084,0.761318,0.622516,-0.076355,0.713872,0.645142,-0.089524,0.708051,0.483923,-0.040386,0.796551,0.519598,-0.066185,0.764554,0.594194,-0.081105,0.719258,0.627174,-0.086366,0.696144,0.45792,-0.06686,0.762635,0.494466,-0.084757,0.756871,0.559285,-0.094874,0.731766,0.602228,-0.099901
O,0.521415,0.451925,0,0.563118,0.544526,0.005312,0.618361,0.599917,-0.003568,0.656782,0.64449,-0.021493,0.695422,0.63801,-0.03864,0.707857,0.537796,0.004081,0.785072,0.573654,-0.033125,0.747221,0.626819,-0.063552,0.700273,0.648306,-0.078543,0.709881,0.505815,-0.017546,0.799393,0.548022,-0.052925,0.759903,0.616956,-0.077987,0.712446,0.638588,-0.090043,0.705991,0.475939,-0.042158,0.793936,0.514006,-0.068012,0.762661,0.587878,-0.081464,0.717779,0.619774,-0.085483,0.693186,0.45007,-0.067749,0.759703,0.48889,-0.086088,0.754935,0.553099,-0.095407,0.730722,0.594593,-0.099478
O,0.521679,0.453013,0,0.559842,0.540991,0.003114,0.615924,0.593792,-0.00532,0.654195,0.63721,-0.021637,0.692962,0.632111,-0.036893,0.704067,0.535695,-0.001919,0.786061,0.564515,-0.037854,0.74958,0.620143,-0.065986,0.703891,0.642441,-0.079717,0.704876,0.505211,-0.021752,0.798357,0.540387,-0.05677,0.759797,0.611551,-0.080742,0.714271,0.634076,-0.09205,0.700043,0.476672,-0.04418,0.790175,0.509282,-0.069076,0.761463,0.58452,-0.081937,0.719566,0.616278,-0.085778,0.686697,0.450343,-0.067705,0.755687,0.48337,-0.087106,0.751095,0.545547,-0.09677,0.726375,0.584106,-0.100707
O,0.522272,0.451311,0,0.561046,0.538747,0.00362,0.616825,0.590964,-0.005248,0.653192,0.635671,-0.022151,0.688391,0.628949,-0.038163,0.705666,0.532037,-0.0029,0.783411,0.56694,-0.038655,0.74577,0.620342,-0.065779,0.699859,0.639056,-0.078731,0.705991,0.501862,-0.023327,0.796982,0.542558,-0.058794,0.757146,0.61179,-0.082435,0.711813,0.633522,-0.093179,0.699751,0.473966,-0.046082,0.7911,0.509082,-0.071171,0.761637,0.582725,-0.083445,0.719547,0.613573,-0.086742,0.684593,0.448199,-0.069865,0.752823,0.481408,-0.089599,0.748872,0.543353,-0.099407,0.725456,0.582574,-0.103364
O,0.526165,0.453145,0,0.564373,0.543227,0.00296,0.61955,0.596415,-0.005978,0.657063,0.639506,-0.023032,0.697257,0.636868,-0.039061,0.708236,0.53666,-0.001078,0.789997,0.565601,-0.037686,0.752944,0.621123,-0.066932,0.706697,0.643059,-0.081356,0.708997,0.505426,-0.021137,0.802628,0.539315,-0.056552,0.76318,0.610585,-0.081521,0.717209,0.63325,-0.093607,0.704248,0.476819,-0.04388,0.79437,0.508153,-0.068732,0.764539,0.583407,-0.081863,0.721927,0.614693,-0.086029,0.690701,0.451261,-0.067791,0.759376,0.483052,-0.086692,0.754266,0.545667,-0.096201,0.729301,0.58434,-0.100224
O,0.515765,0.582073,-0.000001,0.562383,0.505561,-0.005986,0.623778,0.47436,-0.014285,0.669904,0.446481,-0.029913,0.715408,0.431719,-0.042883,0.709462,0.572547,0.018286,0.782953,0.559301,-0.009617,0.778681,0.494154,-0.030875,0.74895,0.457785,-0.041271,0.708642,0.599558,0.0044,0.797714,0.580704,-0.022906,0.786964,0.500851,-0.036951,0.750777,0.462541,-0.039516,0.699969,0.621193,-0.015289,0.787727,0.599754,-0.041329,0.780805,0.516093,-0.047147,0.747073,0.472415,-0.043861,0.684145,0.633631,-0.036809,0.754119,0.599045,-0.055943,0.761702,0.531501,-0.058853,0.741377,0.486202,-0.055906
O,0.503806,0.581171,-0.000001,0.555988,0.504916,-0.008205,0.617707,0.473026,-0.018023,0.66598,0.444912,-0.034437,0.713082,0.431878,-0.047649,0.700347,0.573015,0.014582,0.775227,0.560313,-0.013388,0.770588,0.496989,-0.034571,0.741003,0.461809,-0.045207,0.700328,0.601088,0.002144,0.791137,0.580663,-0.02565,0.779532,0.503852,-0.039885,0.743208,0.467657,-0.042845,0.692411,0.623164,-0.015927,0.780798,0.598236,-0.041198,0.772697,0.51774,-0.046493,0.738258,0.47712,-0.043354,0.677075,0.635972,-0.036054,0.74688,0.59718,-0.054685,0.754763,0.531191,-0.057877,0.735175,0.487791,-0.055346
O,0.508978,0.580898,-0.000001,0.557683,0.506834,-0.008591,0.617874,0.472987,-0.018356,0.664508,0.446317,-0.034848,0.711551,0.434161,-0.048491,0.701234,0.568592,0.015248,0.773283,0.558036,-0.013783,0.769228,0.494367,-0.035157,0.739464,0.458778,-0.045542,0.701317,0.598467,0.002696,0.789501,0.583066,-0.026548,0.77903,0.503409,-0.041164,0.742825,0.464848,-0.043752,0.693543,0.622689,-0.015825,0.780186,0.604447,-0.043165,0.773586,0.520323,-0.049649,0.739722,0.476113,-0.046505,0.678188,0.639081,-0.036276,0.747158,0.601787,-0.056242,0.756399,0.533548,-0.060282,0.738061,0.488333,-0.057978
O,0.519823,0.590013,-0.000001,0.559027,0.519386,-0.006839,0.61905,0.487447,-0.014436,0.663346,0.460008,-0.02907,0.707763,0.445812,-0.041125,0.698975,0.580891,0.016251,0.767,0.572813,-0.012219,0.765003,0.505013,-0.032446,0.738921,0.467501,-0.041825,0.698163,0.609939,0.002525,0.784631,0.599522,-0.027032,0.777254,0.514834,-0.040523,0.742871,0.473636,-0.041285,0.690008,0.633189,-0.016991,0.774079,0.617509,-0.044702,0.769748,0.530986,-0.050965,0.7378,0.486142,-0.046809,0.675141,0.648607,-0.03821,0.744385,0.619472,-0.057891,0.756101,0.551767,-0.061118,0.738543,0.505495,-0.057786
O,0.532526,0.594135,0,0.561721,0.526323,-0.010299,0.621376,0.494005,-0.017853,0.666243,0.469671,-0.031101,0.708784,0.457309,-0.040827,0.700201,0.585588,0.012755,0.763056,0.584909,-0.015286,0.763278,0.520986,-0.034162,0.739249,0.480755,-0.042195,0.699264,0.614388,0.001594,0.780671,0.612029,-0.025656,0.781113,0.533151,-0.036908,0.752913,0.489539,-0.036063,0.690326,0.637925,-0.015708,0.769937,0.630748,-0.04207,0.773655,0.548849,-0.047911,0.74838,0.502095,-0.043408,0.673892,0.652345,-0.035043,0.738191,0.628026,-0.05525,0.752747,0.561048,-0.05971,0.739372,0.512993,-0.056762
O,0.527555,0.595709,0,0.5593,0.527982,-0.009142,0.617712,0.496512,-0.017101,0.662903,0.47162,-0.031505,0.706898,0.460273,-0.042628,0.698846,0.592205,0.016338,0.761667,0.591234,-0.011777,0.761777,0.526205,-0.030539,0.737153,0.485982,-0.038306,0.696704,0.618972,0.004247,0.778731,0.61347,-0.02373,0.776402,0.531919,-0.035446,0.745674,0.48903,-0.034513,0.687746,0.641754,-0.014158,0.766726,0.629041,-0.042456,0.767292,0.544644,-0.04866,0.739319,0.498059,-0.043562,0.671989,0.656302,-0.034331,0.737576,0.628558,-0.055365,0.749229,0.56243,-0.059126,0.732232,0.516538,-0.05523
O,0.529061,0.590729,0,0.558996,0.523808,-0.013646,0.618271,0.491746,-0.023288,0.663703,0.465928,-0.038316,0.706371,0.456795,-0.049137,0.698304,0.589347,0.012386,0.762234,0.592254,-0.018103,0.762828,0.527097,-0.038486,0.738847,0.483885,-0.046927,0.696741,0.616331,0.002461,0.777272,0.615411,-0.027821,0.776797,0.534318,-0.040608,0.748203,0.488516,-0.039666,0.687938,0.638854,-0.014208,0.76629,0.629826,-0.043443,0.768608,0.545655,-0.050302,0.742851,0.497511,-0.045255,0.671683,0.651767,-0.033169,0.735196,0.624891,-0.055282,0.747644,0.55696,-0.060298,0.732531,0.508843,-0.056853
O,0.524771,0.596342,0,0.555358,0.529611,-0.012013,0.614478,0.497071,-0.021154,0.660068,0.472032,-0.035963,0.703659,0.461359,-0.047139,0.696483,0.591017,0.012271,0.759567,0.589582,-0.016968,0.758463,0.523705,-0.036402,0.733704,0.482548,-0.044486,0.694759,0.618946,0.001734,0.776611,0.613564,-0.026776,0.773905,0.532649,-0.038464,0.744537,0.489579,-0.037616,0.685732,0.642779,-0.015199,0.765598,0.632601,-0.043568,0.76591,0.5486,-0.049348,0.738894,0.501582,-0.044199,0.669323,0.65786,-0.034157,0.735086,0.631881,-0.055627,0.747221,0.564296,-0.059597,0.731796,0.516554,-0.055898
O,0.529087,0.592019,0,0.557945,0.524746,-0.01076,0.617325,0.49324,-0.018656,0.661775,0.467514,-0.032554,0.704082,0.458269,-0.042655,0.699103,0.59214,0.01549,0.759851,0.594379,-0.013716,0.758741,0.526072,-0.033345,0.735034,0.4792,-0.041265,0.696704,0.619241,0.004502,0.774166,0.612365,-0.023856,0.7715,0.530019,-0.036037,0.74323,0.484188,-0.035221,0.687217,0.641935,-0.013016,0.763077,0.628533,-0.041668,0.762288,0.543754,-0.047923,0.735396,0.495254,-0.042469,0.670428,0.654743,-0.032459,0.734441,0.626814,-0.053799,0.746077,0.559326,-0.057601,0.730585,0.511373,-0.053319
O,0.524096,0.595648,0,0.555117,0.527844,-0.01163,0.613235,0.495382,-0.020979,0.659276,0.469504,-0.036118,0.703259,0.45781,-0.047601,0.696213,0.589497,0.012426,0.760701,0.588662,-0.016924,0.759183,0.523092,-0.036159,0.732692,0.483057,-0.043933,0.695104,0.616188,0.001787,0.777534,0.611534,-0.026906,0.774256,0.53097,-0.038309,0.742921,0.489131,-0.036957,0.686572,0.639808,-0.015254,0.765807,0.627947,-0.043684,0.765639,0.544101,-0.049299,0.737178,0.498372,-0.043797,0.670629,0.656003,-0.0343,0.735403,0.627975,-0.055348,0.746587,0.560927,-0.059072,0.729557,0.51459,-0.055069
O,0.530525,0.592191,0,0.560992,0.524033,-0.011455,0.618802,0.490295,-0.020271,0.66271,0.462886,-0.034791,0.704913,0.453485,-0.045756,0.699616,0.581018,0.01342,0.762764,0.578713,-0.015196,0.760611,0.515553,-0.034577,0.735288,0.477078,-0.042903,0.699183,0.609003,0.002793,0.780428,0.603377,-0.025784,0.776811,0.523984,-0.038375,0.747073,0.482171,-0.038171,0.690987,0.63343,-0.014139,0.769475,0.620919,-0.042383,0.768625,0.537707,-0.049221,0.741112,0.492301,-0.04483,0.675105,0.649259,-0.033051,0.737938,0.619214,-0.05455,0.74841,0.551216,-0.059449,0.732238,0.504133,-0.056482
O,0.53063,0.589821,0,0.560182,0.521955,-0.011089,0.620329,0.488722,-0.01979,0.663976,0.462466,-0.034448,0.704842,0.452811,-0.045524,0.701371,0.583414,0.013705,0.764727,0.581882,-0.015493,0.762961,0.517002,-0.035389,0.736347,0.47656,-0.043848,0.699448,0.612024,0.002463,0.779497,0.605799,-0.026212,0.776413,0.525881,-0.038468,0.745556,0.483003,-0.037786,0.689914,0.635493,-0.015203,0.767533,0.621005,-0.042507,0.76785,0.537616,-0.048679,0.740273,0.491682,-0.044023,0.673262,0.649593,-0.035039,0.737616,0.621597,-0.055599,0.74857,0.554363,-0.059752,0.731581,0.507563,-0.056294
O,0.526733,0.593292,0,0.559538,0.524211,-0.011312,0.617972,0.489784,-0.020731,0.662693,0.462487,-0.035827,0.706063,0.451568,-0.047528,0.699527,0.581607,0.013232,0.762638,0.577183,-0.015648,0.760223,0.514001,-0.035422,0.734211,0.476882,-0.044064,0.698675,0.610217,0.002362,0.780745,0.601427,-0.026162,0.775348,0.521703,-0.038442,0.744425,0.481933,-0.038269,0.690206,0.634579,-0.014815,0.770511,0.620408,-0.043271,0.768526,0.536714,-0.049595,0.739806,0.492074,-0.045039,0.673752,0.650442,-0.033928,0.738244,0.619461,-0.055555,0.747589,0.551787,-0.059899,0.729903,0.505445,-0.056646
O,0.524563,0.594345,0,0.557239,0.52441,-0.010797,0.61672,0.491152,-0.019675,0.66218,0.464713,-0.034425,0.70544,0.455014,-0.045751,0.69572,0.584775,0.014162,0.760029,0.579721,-0.013841,0.758749,0.515123,-0.03311,0.732503,0.476989,-0.041559,0.694991,0.613801,0.003139,0.778038,0.607036,-0.02462,0.774848,0.525378,-0.036309,0.744579,0.483201,-0.03575,0.686301,0.637048,-0.014174,0.767064,0.625068,-0.041262,0.767471,0.540766,-0.04725,0.740127,0.495319,-0.042815,0.670322,0.650282,-0.033512,0.735053,0.623537,-0.054078,0.746146,0.556044,-0.058313,0.729725,0.509153,-0.055276
O,0.498481,0.598279,-0.000001,0.556627,0.516364,0.004065,0.614632,0.4928,-0.004945,0.663239,0.466406,-0.022546,0.706284,0.456284,-0.038541,0.687869,0.652293,0.019185,0.763301,0.605244,-0.000905,0.757988,0.533864,-0.018285,0.728941,0.48995,-0.027561,0.683656,0.673166,0.000906,0.777839,0.60784,-0.014914,0.767798,0.525436,-0.022683,0.730768,0.48491,-0.025395,0.674698,0.673942,-0.021183,0.767839,0.60748,-0.038074,0.759881,0.524975,-0.03814,0.72561,0.481822,-0.035077,0.663195,0.653979,-0.044443,0.737127,0.594112,-0.06034,0.744499,0.532061,-0.061002,0.725641,0.488443,-0.057758
O,0.492225,0.600904,-0.000001,0.557266,0.517183,0.006342,0.615333,0.494582,-0.002918,0.663356,0.467188,-0.021334,0.707208,0.457828,-0.038968,0.683392,0.661414,0.018541,0.762022,0.60966,-0.000961,0.757903,0.538834,-0.018686,0.731023,0.491195,-0.028428,0.679337,0.68197,-0.000959,0.778536,0.610441,-0.016077,0.768577,0.527211,-0.024867,0.731921,0.483271,-0.029242,0.671262,0.680275,-0.023653,0.7691,0.60913,-0.039994,0.760579,0.525737,-0.040765,0.725593,0.480046,-0.038987,0.661812,0.656862,-0.04717,0.738046,0.595222,-0.062863,0.744582,0.533223,-0.063306,0.725004,0.488189,-0.060426
O,0.492812,0.604708,-0.000001,0.555822,0.515286,0.006708,0.613767,0.493193,-0.0007,0.661071,0.464143,-0.017108,0.703639,0.45177,-0.032009,0.684455,0.653379,0.021829,0.762181,0.606619,0.003454,0.756253,0.534603,-0.012661,0.729072,0.489348,-0.021362,0.679075,0.67497,0.002138,0.776024,0.607511,-0.013067,0.766898,0.525682,-0.021232,0.731858,0.484564,-0.024589,0.669474,0.675339,-0.021062,0.765024,0.608305,-0.038051,0.758359,0.524621,-0.038784,0.725873,0.479856,-0.036275,0.658763,0.653226,-0.045134,0.735267,0.595411,-0.061548,0.743526,0.531901,-0.062501,0.725915,0.486861,-0.05962
O,0.495789,0.60377,-0.000001,0.558189,0.517241,0.001839,0.615113,0.494448,-0.007419,0.662045,0.467791,-0.024851,0.707072,0.45894,-0.040605,0.685556,0.646909,0.017491,0.761753,0.604997,-0.003868,0.758244,0.535883,-0.022566,0.732452,0.491505,-0.033051,0.682087,0.670261,-0.000066,0.775761,0.60885,-0.018917,0.767917,0.527085,-0.030286,0.733565,0.484694,-0.035648,0.67422,0.673278,-0.021595,0.767077,0.612143,-0.041238,0.76231,0.527622,-0.045071,0.730651,0.480784,-0.044415,0.664281,0.655131,-0.044307,0.736731,0.598702,-0.062266,0.746605,0.534254,-0.065374,0.730606,0.487298,-0.064123
O,0.480967,0.599887,-0.000001,0.557437,0.515885,0.010193,0.614872,0.496294,0.001812,0.664428,0.470168,-0.016638,0.711021,0.458311,-0.035337,0.683856,0.673873,0.020481,0.766441,0.616327,0.002599,0.757379,0.544127,-0.01563,0.727366,0.496549,-0.025932,0.680103,0.691902,-0.000166,0.781092,0.6141,-0.012668,0.768284,0.531276,-0.022424,0.73097,0.48757,-0.028964,0.671472,0.684984,-0.023275,0.770354,0.606171,-0.03632,0.759686,0.524799,-0.03869,0.723528,0.480336,-0.039771,0.662453,0.657057,-0.04688,0.741039,0.592561,-0.057942,0.748906,0.529253,-0.057188,0.730644,0.482759,-0.055234
O,0.479525,0.602162,-0.000001,0.554243,0.518006,0.008699,0.612616,0.494674,-0.000815,0.663158,0.46875,-0.020346,0.709676,0.461767,-0.039953,0.681399,0.675039,0.020136,0.763526,0.618972,0.002848,0.756538,0.546624,-0.014932,0.72894,0.497569,-0.02519,0.676944,0.693745,-0.000262,0.777941,0.616803,-0.012396,0.766179,0.5329,-0.022423,0.730195,0.487237,-0.029236,0.668542,0.686953,-0.023227,0.765961,0.608287,-0.034817,0.756347,0.525164,-0.036897,0.722109,0.478752,-0.038298,0.659286,0.658369,-0.046992,0.737257,0.594326,-0.057223,0.746876,0.530506,-0.0566,0.730868,0.483378,-0.054981
O,0.485898,0.601721,-0.000001,0.553237,0.520071,0.002829,0.61123,0.494821,-0.008922,0.660898,0.467729,-0.029215,0.706297,0.46131,-0.048658,0.678174,0.668496,0.015836,0.757845,0.614818,-0.003914,0.756376,0.544785,-0.022891,0.732146,0.495853,-0.033589,0.674813,0.686576,-0.001773,0.774566,0.614106,-0.016001,0.767071,0.531833,-0.025968,0.733043,0.486119,-0.031773,0.667504,0.682904,-0.022691,0.764094,0.61011,-0.036056,0.759897,0.529087,-0.037404,0.728398,0.482909,-0.03709,0.658564,0.658199,-0.045016,0.734655,0.599905,-0.057145,0.743932,0.540668,-0.056925,0.72656,0.496468,-0.054462
O,0.498305,0.598145,-0.000001,0.555163,0.516113,0.000915,0.613386,0.49435,-0.007341,0.66006,0.468475,-0.023728,0.705537,0.458501,-0.039047,0.689574,0.639823,0.016342,0.765203,0.602932,-0.005014,0.762786,0.52891,-0.021473,0.737928,0.483299,-0.029598,0.682915,0.662949,-0.000392,0.774808,0.607366,-0.01894,0.76657,0.519976,-0.027566,0.732469,0.476833,-0.029876,0.671594,0.668772,-0.021287,0.761796,0.611944,-0.041701,0.753954,0.526446,-0.043659,0.719955,0.481791,-0.040416,0.658207,0.65557,-0.043284,0.732208,0.602653,-0.061989,0.737436,0.54029,-0.063585,0.71545,0.498319,-0.060087
O,0.510469,0.596647,-0.000001,0.56276,0.511333,0.005065,0.621587,0.489429,-0.000767,0.667744,0.465131,-0.015473,0.712875,0.452499,-0.029274,0.693755,0.628483,0.020682,0.767329,0.594137,-0.000044,0.764949,0.521718,-0.015474,0.740032,0.476955,-0.02251,0.687353,0.654891,0.001724,0.779416,0.601929,-0.016405,0.771284,0.514852,-0.023728,0.736062,0.471183,-0.024069,0.676089,0.663639,-0.021328,0.766245,0.604666,-0.041725,0.757231,0.518862,-0.042417,0.721893,0.475607,-0.037535,0.663806,0.651807,-0.045158,0.7379,0.599671,-0.064021,0.742237,0.536987,-0.064706,0.718871,0.49582,-0.060068
O,0.514833,0.593517,-0.000001,0.564453,0.510528,0.004827,0.621568,0.488571,-0.001439,0.666698,0.465218,-0.016648,0.711597,0.453855,-0.030526,0.691757,0.620363,0.020826,0.763266,0.594207,-0.000625,0.764046,0.52607,-0.015889,0.740254,0.482472,-0.022425,0.685963,0.64735,0.001573,0.775864,0.603839,-0.016254,0.771374,0.519843,-0.022297,0.738478,0.47795,-0.021349,0.674455,0.65854,-0.022142,0.763874,0.60966,-0.041793,0.758908,0.525503,-0.041009,0.726342,0.482795,-0.035092,0.660928,0.649103,-0.046865,0.733834,0.604528,-0.064494,0.742004,0.542149,-0.064246,0.721788,0.50021,-0.059085
P,0.569782,0.334673,0,0.604439,0.349941,-0.032905,0.621491,0.40321,-0.05072,0.612851,0.454496,-0.061272,0.587157,0.478956,-0.070316,0.60181,0.452527,-0.055987,0.603478,0.527231,-0.081062,0.6057,0.579607,-0.098045,0.604179,0.621918,-0.11112,0.573364,0.456616,-0.046858,0.555449,0.497929,-0.077121,0.556978,0.475221,-0.086181,0.556801,0.445979,-0.087825,0.547962,0.448159,-0.039199,0.521557,0.491738,-0.063717,0.512622,0.489397,-0.067685,0.50246,0.473931,-0.06708,0.528338,0.432272,-0.033391,0.510588,0.457971,-0.055263,0.49428,0.466869,-0.063569,0.474983,0.468305,-0.066616
P,0.570345,0.322928,0,0.580409,0.326522,-0.048631,0.56645,0.373588,-0.065878,0.532729,0.429476,-0.071847,0.498365,0.466745,-0.073994,0.604302,0.444197,-0.062278,0.609009,0.526341,-0.085605,0.605985,0.584349,-0.099737,0.603664,0.627968,-0.110106,0.579147,0.456808,-0.043696,0.56133,0.490363,-0.07178,0.545747,0.467114,-0.082612,0.537148,0.438449,-0.086538,0.5537,0.455739,-0.027981,0.531953,0.495024,-0.054262,0.519456,0.485662,-0.062013,0.510454,0.472194,-0.063764,0.533873,0.449866,-0.015221,0.516794,0.466935,-0.037351,0.497704,0.467731,-0.047242,0.47949,0.46781,-0.051425
P,0.591189,0.35662,0,0.587448,0.365524,-0.035702,0.57817,0.408723,-0.055127,0.560548,0.44891,-0.068477,0.532901,0.470456,-0.080433,0.595146,0.468399,-0.051465,0.596261,0.52522,-0.077882,0.593367,0.56336,-0.096153,0.590412,0.592106,-0.108455,0.589238,0.474136,-0.042322,0.572569,0.516118,-0.069784,0.561022,0.536065,-0.084318,0.550015,0.548844,-0.092914,0.580492,0.468819,-0.035385,0.555999,0.509644,-0.061808,0.534034,0.524224,-0.072086,0.513861,0.528402,-0.076355,0.572949,0.457759,-0.030422,0.548159,0.483062,-0.052739,0.524672,0.49796,-0.062368,0.500911,0.508787,-0.067056
P,0.57792,0.338844,0,0.60755,0.35422,-0.034911,0.621141,0.407142,-0.052373,0.613034,0.455763,-0.062844,0.591611,0.478339,-0.070893,0.602066,0.460327,-0.050954,0.604358,0.530488,-0.072131,0.605106,0.578427,-0.085086,0.605497,0.615479,-0.094776,0.571009,0.457748,-0.039873,0.558379,0.48476,-0.066032,0.56738,0.465211,-0.074371,0.576273,0.442669,-0.076346,0.544641,0.443654,-0.030396,0.526414,0.475756,-0.054389,0.541586,0.471657,-0.057017,0.553893,0.458672,-0.054736,0.523763,0.426418,-0.022831,0.505494,0.444343,-0.044513,0.491799,0.454956,-0.052354,0.475893,0.460699,-0.054454
P,0.581419,0.323879,0,0.601358,0.325047,-0.054971,0.596329,0.369524,-0.07476,0.568581,0.426018,-0.082381,0.531507,0.454368,-0.084907,0.602884,0.44926,-0.065773,0.605858,0.53172,-0.090963,0.607864,0.578172,-0.103734,0.608041,0.616194,-0.111961,0.568165,0.460688,-0.043263,0.549982,0.499207,-0.074755,0.564066,0.458971,-0.082701,0.57676,0.421835,-0.08196,0.538701,0.461882,-0.024539,0.520054,0.503012,-0.056083,0.543322,0.48035,-0.061587,0.56023,0.456046,-0.058232,0.515622,0.460548,-0.009122,0.495271,0.479596,-0.034865,0.483097,0.47942,-0.046422,0.471625,0.476847,-0.049828
P,0.582965,0.32537,0,0.592799,0.326019,-0.052925,0.582063,0.378068,-0.069635,0.548755,0.438397,-0.073957,0.506248,0.464729,-0.072805,0.607099,0.455461,-0.069298,0.606406,0.538153,-0.097099,0.603546,0.590341,-0.113418,0.604825,0.634939,-0.124654,0.576546,0.467778,-0.048472,0.561841,0.493599,-0.080807,0.563355,0.454608,-0.090731,0.570582,0.423624,-0.093334,0.546273,0.468396,-0.031224,0.528329,0.500745,-0.064035,0.540079,0.471212,-0.069325,0.551339,0.447587,-0.066735,0.519632,0.466873,-0.017362,0.499409,0.484654,-0.045435,0.483922,0.482077,-0.056729,0.469584,0.481546,-0.060086
P,0.581347,0.309053,0,0.579318,0.308959,-0.061288,0.561809,0.358505,-0.081574,0.523433,0.42242,-0.088799,0.484299,0.464056,-0.090683,0.607688,0.442931,-0.063515,0.612606,0.539252,-0.086852,0.610946,0.601149,-0.100717,0.608629,0.652051,-0.111062,0.580231,0.460448,-0.039212,0.558447,0.501763,-0.069548,0.539635,0.470599,-0.081749,0.527,0.436186,-0.085301,0.553664,0.466153,-0.019335,0.527487,0.510046,-0.047632,0.510026,0.496486,-0.055929,0.496127,0.482148,-0.056593,0.53053,0.469045,-0.004085,0.509657,0.488378,-0.027064,0.48816,0.484926,-0.037259,0.468775,0.48165,-0.04082
P,0.580195,0.317977,0,0.585462,0.33533,-0.052408,0.56866,0.394272,-0.068992,0.533097,0.458438,-0.073292,0.492725,0.498322,-0.072494,0.603706,0.4679,-0.059328,0.608032,0.555101,-0.08389,0.603599,0.608129,-0.100422,0.602728,0.655013,-0.112553,0.58083,0.472767,-0.036807,0.567273,0.513617,-0.065218,0.562145,0.47842,-0.07468,0.566786,0.448147,-0.077605,0.557196,0.467457,-0.018262,0.537017,0.516613,-0.045201,0.541069,0.492642,-0.047947,0.548361,0.473354,-0.045046,0.537518,0.461503,-0.003435,0.517874,0.482681,-0.027339,0.496922,0.483721,-0.037944,0.477535,0.48942,-0.041793
P,0.596315,0.330262,0,0.567496,0.321164,-0.075991,0.533932,0.3711,-0.101551,0.504323,0.439719,-0.105426,0.470137,0.487666,-0.103243,0.60848,0.42744,-0.116206,0.605987,0.529004,-0.149161,0.602977,0.599797,-0.169094,0.603362,0.660812,-0.182396,0.611558,0.460476,-0.077814,0.59224,0.527162,-0.099967,0.571789,0.53353,-0.10468,0.563885,0.534679,-0.109439,0.602391,0.484735,-0.042488,0.567201,0.53526,-0.065254,0.537708,0.514306,-0.070403,0.522823,0.497183,-0.072568,0.592184,0.50747,-0.011941,0.563368,0.537086,-0.035972,0.533432,0.529847,-0.048462,0.51327,0.524302,-0.055164
P,0.57657,0.322618,0,0.564779,0.32153,-0.076791,0.541374,0.370693,-0.102583,0.511292,0.436845,-0.108965,0.476437,0.484949,-0.109573,0.609491,0.448798,-0.097559,0.605619,0.543067,-0.126642,0.600283,0.606384,-0.14542,0.59815,0.65944,-0.159158,0.59284,0.46959,-0.063487,0.566661,0.513191,-0.094245,0.534478,0.49808,-0.107981,0.515379,0.477451,-0.115307,0.569641,0.479636,-0.033535,0.539407,0.525113,-0.064333,0.506302,0.508732,-0.077627,0.483515,0.493144,-0.083248,0.547548,0.489146,-0.008546,0.522165,0.506675,-0.038296,0.491894,0.500229,-0.054593,0.466685,0.49547,-0.062709
P,0.579156,0.349993,0,0.570922,0.339113,-0.065595,0.544157,0.384833,-0.084615,0.507043,0.449719,-0.087026,0.467135,0.488675,-0.083092,0.596072,0.457425,-0.079288,0.594238,0.549453,-0.104747,0.590854,0.609896,-0.118673,0.592213,0.663576,-0.128334,0.578953,0.486562,-0.049287,0.551646,0.519825,-0.076902,0.547522,0.481043,-0.08265,0.554752,0.452305,-0.082581,0.558427,0.503935,-0.02343,0.526851,0.543004,-0.052073,0.527141,0.507,-0.054538,0.534429,0.485683,-0.050606,0.539609,0.518972,-0.001993,0.518059,0.537372,-0.027643,0.49785,0.528959,-0.037963,0.482507,0.529067,-0.040905
P,0.591166,0.359439,0,0.576284,0.342924,-0.062759,0.546635,0.38337,-0.084692,0.515904,0.441672,-0.0907,0.482897,0.482142,-0.091698,0.60167,0.456712,-0.092501,0.603969,0.545067,-0.123349,0.598116,0.606514,-0.14196,0.596784,0.657658,-0.15472,0.592184,0.485462,-0.063799,0.570051,0.533931,-0.090203,0.562134,0.533576,-0.096826,0.56557,0.536283,-0.100511,0.577597,0.499377,-0.038001,0.549259,0.534864,-0.064894,0.545511,0.502597,-0.065233,0.549013,0.478361,-0.061451,0.564256,0.509057,-0.016458,0.536098,0.521518,-0.044307,0.513249,0.5122,-0.0551,0.494868,0.508258,-0.058514
P,0.599611,0.381139,0,0.582658,0.377111,-0.044832,0.564355,0.414899,-0.066139,0.539331,0.463065,-0.079229,0.508589,0.49587,-0.090501,0.59489,0.490627,-0.063185,0.596908,0.561594,-0.091105,0.595511,0.609561,-0.110035,0.595982,0.649396,-0.122946,0.592454,0.505459,-0.049119,0.584497,0.562272,-0.079191,0.584929,0.597263,-0.097224,0.589277,0.626621,-0.108719,0.581522,0.507275,-0.037184,0.557806,0.55407,-0.067394,0.555347,0.577643,-0.082546,0.558045,0.592631,-0.089473,0.568254,0.503992,-0.027645,0.535016,0.522137,-0.054459,0.510894,0.534177,-0.069315,0.489572,0.543495,-0.077097
P,0.58046,0.343161,0,0.563813,0.337988,-0.067161,0.535753,0.383755,-0.087546,0.508964,0.44552,-0.089985,0.476761,0.489242,-0.086595,0.599339,0.456928,-0.090662,0.597706,0.549818,-0.117383,0.593475,0.612935,-0.134373,0.593524,0.665805,-0.146821,0.591428,0.479732,-0.058232,0.57622,0.535739,-0.078954,0.565111,0.535036,-0.084427,0.563624,0.531329,-0.088854,0.575809,0.489322,-0.029499,0.54618,0.537624,-0.051585,0.534887,0.516197,-0.054586,0.53123,0.500495,-0.054775,0.560268,0.496179,-0.005443,0.535073,0.517835,-0.030923,0.507732,0.516246,-0.04419,0.484902,0.517401,-0.050796
P,0.569157,0.321393,0,0.566522,0.330706,-0.068701,0.545884,0.387051,-0.089171,0.513508,0.446993,-0.090979,0.479135,0.490338,-0.0869,0.599389,0.461516,-0.090323,0.596041,0.555007,-0.117979,0.593369,0.617211,-0.13904,0.591844,0.669059,-0.155044,0.587186,0.472683,-0.05682,0.574833,0.536962,-0.075984,0.566006,0.545226,-0.085568,0.562352,0.548155,-0.094783,0.568843,0.472086,-0.027205,0.540677,0.527663,-0.048446,0.534171,0.510708,-0.057046,0.533096,0.492298,-0.062602,0.55129,0.468376,-0.002405,0.521112,0.48823,-0.029373,0.492687,0.490495,-0.047776,0.469823,0.492705,-0.059042
P,0.591276,0.35422,0,0.565191,0.339495,-0.066697,0.532658,0.381648,-0.087157,0.50483,0.44343,-0.089731,0.473622,0.486504,-0.086814,0.598099,0.44937,-0.093992,0.599297,0.543851,-0.121862,0.594925,0.608239,-0.138804,0.593731,0.664306,-0.150665,0.600486,0.483724,-0.061605,0.585777,0.54331,-0.082302,0.575866,0.556981,-0.08759,0.575157,0.5705,-0.092036,0.593647,0.504354,-0.03254,0.567582,0.545741,-0.055534,0.554063,0.522801,-0.059069,0.548883,0.507055,-0.058937,0.585177,0.521069,-0.008048,0.559237,0.53962,-0.033991,0.534565,0.535111,-0.047089,0.51512,0.534469,-0.053219
P,0.583564,0.345669,0,0.569313,0.338818,-0.07898,0.543699,0.386713,-0.103672,0.515982,0.448893,-0.105805,0.480111,0.494491,-0.101382,0.604138,0.460096,-0.11469,0.598441,0.553557,-0.149372,0.592688,0.616419,-0.171247,0.591784,0.669884,-0.186232,0.59271,0.482743,-0.076431,0.57139,0.530408,-0.101174,0.5575,0.516461,-0.105988,0.555863,0.504509,-0.110105,0.574754,0.494417,-0.042799,0.545092,0.538384,-0.069018,0.529661,0.512805,-0.074851,0.521979,0.497772,-0.077408,0.557479,0.503239,-0.014406,0.532653,0.519242,-0.043105,0.504908,0.5117,-0.058785,0.483401,0.51007,-0.067647
P,0.589553,0.368137,0,0.579951,0.366685,-0.046826,0.559567,0.405942,-0.067222,0.530042,0.455919,-0.077515,0.49631,0.485523,-0.084955,0.595459,0.47879,-0.06824,0.59512,0.555755,-0.096869,0.591395,0.609315,-0.115726,0.591238,0.654668,-0.128897,0.585102,0.492771,-0.050886,0.567566,0.535562,-0.080412,0.563518,0.537919,-0.093065,0.566485,0.541137,-0.100206,0.57055,0.495448,-0.035905,0.544279,0.540999,-0.064012,0.541681,0.54642,-0.071396,0.545116,0.54798,-0.073226,0.556345,0.4967,-0.02359,0.526866,0.517505,-0.047915,0.503954,0.527229,-0.058437,0.48266,0.537454,-0.063241
P,0.570765,0.315357,0,0.564544,0.325261,-0.076793,0.540856,0.382073,-0.098284,0.506835,0.447345,-0.099869,0.468511,0.492313,-0.094268,0.606762,0.453249,-0.087574,0.598231,0.547189,-0.115584,0.591755,0.611207,-0.134329,0.589234,0.665383,-0.147778,0.587613,0.469439,-0.05143,0.551381,0.525935,-0.079807,0.538322,0.499224,-0.091127,0.540307,0.47335,-0.095641,0.564102,0.477398,-0.020282,0.526713,0.531679,-0.050253,0.521626,0.494885,-0.058561,0.527169,0.469133,-0.058676,0.544331,0.483099,0.005553,0.51621,0.5013,-0.024716,0.489904,0.490985,-0.041496,0.473223,0.48585,-0.048584
P,0.564797,0.317768,0,0.556945,0.32457,-0.075355,0.536297,0.377609,-0.098658,0.500397,0.445623,-0.103507,0.462597,0.495968,-0.101111,0.612824,0.452385,-0.087088,0.596042,0.554484,-0.116651,0.587515,0.620481,-0.133291,0.583252,0.675405,-0.144434,0.583824,0.480395,-0.054799,0.531395,0.528408,-0.083229,0.497035,0.502686,-0.093146,0.480129,0.481441,-0.097251,0.552418,0.495422,-0.027634,0.506477,0.541487,-0.057687,0.487249,0.50408,-0.062141,0.481378,0.482478,-0.059898,0.524408,0.506146,-0.006139,0.489384,0.531683,-0.031818,0.470251,0.512384,-0.039207,0.464436,0.499643,-0.039705
P,0.571884,0.321431,0,0.55791,0.328292,-0.079316,0.535808,0.385576,-0.104424,0.504941,0.451299,-0.108556,0.473953,0.50118,-0.106385,0.609632,0.459212,-0.101927,0.598992,0.559096,-0.131062,0.593118,0.629754,-0.150044,0.589944,0.684402,-0.163201,0.59701,0.478704,-0.062956,0.55014,0.532761,-0.088443,0.512138,0.518583,-0.099539,0.490905,0.497857,-0.106376,0.577967,0.489406,-0.02783,0.53073,0.540567,-0.05381,0.500502,0.518011,-0.063915,0.48564,0.497495,-0.068145,0.560724,0.497798,0.002174,0.524473,0.520795,-0.023366,0.494491,0.509915,-0.037297,0.476914,0.500208,-0.043943
P,0.570011,0.34099,0,0.567332,0.337759,-0.062308,0.544412,0.389357,-0.080903,0.506557,0.454002,-0.083215,0.469396,0.49443,-0.079453,0.601333,0.462336,-0.082132,0.595354,0.560463,-0.10766,0.588928,0.628281,-0.122714,0.587609,0.683904,-0.133764,0.575399,0.486773,-0.05401,0.545048,0.52696,-0.07985,0.530765,0.491648,-0.086774,0.530588,0.461117,-0.088897,0.546018,0.498624,-0.029285,0.512566,0.537478,-0.053628,0.504391,0.503045,-0.056548,0.50714,0.477898,-0.054831,0.519614,0.506444,-0.008998,0.492871,0.521551,-0.031727,0.475593,0.50841,-0.04137,0.466701,0.500887,-0.044556
P,0.562129,0.330716,0,0.5567,0.33365,-0.069745,0.536835,0.386615,-0.093588,0.501706,0.453453,-0.100358,0.465683,0.501359,-0.101726,0.606823,0.45916,-0.089522,0.594163,0.559303,-0.119084,0.586699,0.628536,-0.137557,0.584753,0.684239,-0.151337,0.581859,0.485578,-0.059847,0.534709,0.533477,-0.088768,0.490094,0.523562,-0.103256,0.460001,0.511308,-0.112992,0.553147,0.497172,-0.033914,0.510891,0.544866,-0.063879,0.478148,0.524839,-0.075193,0.457219,0.507448,-0.080426,0.527404,0.50478,-0.012551,0.49659,0.52521,-0.0411,0.471215,0.513916,-0.054619,0.453418,0.505451,-0.061057
P,0.437474,0.755346,0,0.412644,0.714798,-0.054301,0.391919,0.633546,-0.083208,0.373858,0.551217,-0.0993,0.35064,0.49147,-0.114248,0.489276,0.610357,-0.088749,0.465634,0.493396,-0.123585,0.458514,0.423342,-0.144489,0.455985,0.36311,-0.156918,0.520018,0.58784,-0.067092,0.446714,0.491948,-0.102092,0.387484,0.483968,-0.109604,0.351476,0.48896,-0.110856,0.528339,0.569736,-0.047308,0.456822,0.489446,-0.079531,0.408854,0.489359,-0.083853,0.377902,0.497934,-0.080841,0.524816,0.559249,-0.030682,0.474692,0.501058,-0.053566,0.443513,0.500211,-0.057387,0.421387,0.507654,-0.054952
P,0.444859,0.758748,0,0.424214,0.719011,-0.053437,0.406033,0.637249,-0.081724,0.387387,0.554647,-0.097784,0.36548,0.494565,-0.112872,0.50304,0.615564,-0.084208,0.480519,0.500032,-0.116749,0.472832,0.428686,-0.136534,0.469945,0.369886,-0.148216,0.533104,0.593785,-0.062941,0.457168,0.504434,-0.096868,0.398024,0.489696,-0.106767,0.361276,0.488801,-0.109764,0.54086,0.576995,-0.043267,0.468501,0.502571,-0.075233,0.422014,0.496896,-0.083227,0.392242,0.500772,-0.082621,0.537632,0.56752,-0.026556,0.487923,0.51283,-0.048634,0.458393,0.510457,-0.053404,0.437665,0.516022,-0.051566
P,0.447054,0.768033,-0.000001,0.424804,0.726521,-0.053263,0.405215,0.64715,-0.080425,0.387034,0.568407,-0.095812,0.368968,0.511058,-0.110207,0.502263,0.619408,-0.080366,0.480882,0.503981,-0.112362,0.473946,0.435489,-0.132063,0.471554,0.378986,-0.143941,0.531062,0.600866,-0.059855,0.457151,0.507695,-0.09358,0.397246,0.488648,-0.104394,0.358574,0.483181,-0.10815,0.539192,0.586946,-0.041531,0.466862,0.509379,-0.073307,0.417587,0.499354,-0.081714,0.384632,0.497732,-0.081527,0.536659,0.58088,-0.026407,0.484333,0.523645,-0.049993,0.451796,0.516673,-0.056341,0.427819,0.516364,-0.055431
P,0.44507,0.76396,0,0.423535,0.724429,-0.056166,0.404221,0.646751,-0.083794,0.385832,0.567254,-0.099048,0.366636,0.508421,-0.113218,0.501862,0.617983,-0.082903,0.479619,0.501998,-0.113078,0.47423,0.435503,-0.131386,0.474233,0.378299,-0.143298,0.529172,0.60006,-0.060727,0.45734,0.504375,-0.094349,0.398291,0.485268,-0.104746,0.359164,0.479578,-0.108564,0.535556,0.586774,-0.040888,0.465021,0.50739,-0.072738,0.414946,0.49774,-0.080955,0.37976,0.495859,-0.080941,0.531468,0.581428,-0.024495,0.477943,0.523776,-0.049255,0.443877,0.515223,-0.057133,0.417866,0.513321,-0.057541
P,0.447435,0.758547,0,0.429202,0.716669,-0.052855,0.412934,0.635484,-0.079705,0.395455,0.553709,-0.094457,0.375657,0.49668,-0.108161,0.510601,0.611238,-0.07993,0.490587,0.496038,-0.111159,0.484185,0.426477,-0.130471,0.482338,0.368512,-0.141881,0.539068,0.592963,-0.058726,0.466693,0.501263,-0.091687,0.408128,0.485474,-0.101722,0.371003,0.482973,-0.104633,0.545971,0.57858,-0.039377,0.475871,0.502236,-0.069706,0.428343,0.49467,-0.076999,0.397043,0.496087,-0.075972,0.541733,0.571073,-0.023258,0.493362,0.516013,-0.044536,0.463088,0.51194,-0.049314,0.440864,0.514885,-0.047373
P,0.448451,0.727628,0,0.428413,0.683477,-0.054559,0.41259,0.60006,-0.07833,0.394946,0.51899,-0.089,0.373523,0.462709,-0.098356,0.508012,0.573395,-0.077877,0.488406,0.458336,-0.105135,0.48266,0.389152,-0.121426,0.481405,0.330707,-0.131384,0.534521,0.5579,-0.054302,0.463404,0.466689,-0.084321,0.405497,0.455289,-0.092298,0.368567,0.4581,-0.093575,0.539223,0.544828,-0.032898,0.469747,0.470359,-0.062081,0.42392,0.464932,-0.069391,0.392985,0.468154,-0.068096,0.532764,0.538685,-0.014764,0.484445,0.486286,-0.037077,0.455442,0.482779,-0.04309,0.4331,0.485483,-0.041679
P,0.436972,0.685696,-0.000001,0.421651,0.635728,-0.048322,0.407073,0.54546,-0.069226,0.387681,0.463089,-0.078931,0.364918,0.413626,-0.087195,0.493869,0.51424,-0.06783,0.472552,0.397621,-0.089239,0.464479,0.33498,-0.101401,0.46276,0.284588,-0.108975,0.518032,0.506135,-0.045662,0.447671,0.41538,-0.070682,0.396891,0.404417,-0.076897,0.36481,0.407065,-0.078013,0.522794,0.502034,-0.025036,0.457606,0.426503,-0.049269,0.414535,0.418749,-0.055661,0.383921,0.420238,-0.054854,0.517723,0.503574,-0.007269,0.47384,0.450041,-0.025289,0.445381,0.442435,-0.031009,0.421694,0.441379,-0.030402
P,0.435267,0.691101,0,0.422918,0.641164,-0.048945,0.409031,0.549584,-0.069274,0.38689,0.466477,-0.078341,0.36123,0.418678,-0.08605,0.496686,0.518688,-0.065586,0.4746,0.402674,-0.085332,0.466436,0.341916,-0.096643,0.465865,0.292224,-0.104195,0.517385,0.5109,-0.043155,0.446205,0.421611,-0.068024,0.395708,0.409579,-0.075811,0.3646,0.409929,-0.078215,0.519603,0.506916,-0.022344,0.454202,0.431978,-0.046796,0.410872,0.422436,-0.055029,0.379659,0.421263,-0.055616,0.512896,0.508821,-0.004438,0.468146,0.454826,-0.02313,0.439311,0.446583,-0.030229,0.414825,0.444469,-0.030647
P,0.437297,0.689025,0,0.423088,0.640844,-0.049973,0.408622,0.550468,-0.071393,0.38724,0.46762,-0.081388,0.362522,0.418341,-0.089813,0.495417,0.520382,-0.068744,0.474549,0.401693,-0.089441,0.465941,0.340118,-0.100657,0.46473,0.289741,-0.108027,0.517236,0.511519,-0.045749,0.446534,0.419402,-0.071179,0.396952,0.407363,-0.077912,0.366213,0.407192,-0.079673,0.520361,0.506138,-0.024404,0.45551,0.429536,-0.049181,0.412606,0.42086,-0.05599,0.381327,0.419824,-0.055766,0.514254,0.506271,-0.006035,0.469526,0.452012,-0.024952,0.440232,0.443875,-0.031513,0.415444,0.441271,-0.031657
P,0.434856,0.701956,0,0.420029,0.655014,-0.049428,0.406036,0.567554,-0.069392,0.385161,0.486347,-0.077967,0.359952,0.437113,-0.085259,0.494745,0.533373,-0.065936,0.473466,0.419621,-0.08734,0.466593,0.358704,-0.099832,0.466211,0.308187,-0.108114,0.51694,0.523824,-0.044113,0.444929,0.436587,-0.07075,0.391042,0.426598,-0.07934,0.357899,0.428166,-0.081686,0.519977,0.518562,-0.024105,0.450218,0.450402,-0.04948,0.407279,0.451237,-0.056424,0.378872,0.456765,-0.055593,0.512828,0.520249,-0.007287,0.463421,0.471176,-0.026764,0.435429,0.469654,-0.033138,0.413417,0.472718,-0.032477
P,0.436192,0.713773,0,0.416422,0.668969,-0.048389,0.400667,0.584517,-0.068674,0.382761,0.504405,-0.077717,0.360984,0.452273,-0.085378,0.489954,0.549591,-0.067844,0.467847,0.434735,-0.09042,0.461716,0.373305,-0.103739,0.461828,0.321659,-0.112443,0.512585,0.537934,-0.046508,0.4407,0.449861,-0.073816,0.386901,0.438978,-0.081626,0.352935,0.441229,-0.083419,0.516115,0.531122,-0.026817,0.447155,0.460462,-0.052928,0.40357,0.459084,-0.058742,0.37377,0.46523,-0.05707,0.50962,0.531495,-0.010077,0.458928,0.47913,-0.030697,0.429256,0.476179,-0.036248,0.406371,0.480131,-0.034694
P,0.430116,0.718649,0,0.406537,0.674591,-0.052602,0.38993,0.590367,-0.07428,0.369974,0.509291,-0.083217,0.346076,0.458413,-0.09095,0.482042,0.560079,-0.076662,0.455078,0.439948,-0.099805,0.448711,0.379736,-0.112635,0.450126,0.326189,-0.121375,0.506642,0.544691,-0.052602,0.434561,0.450139,-0.080842,0.380098,0.44597,-0.0874,0.346846,0.454136,-0.088241,0.511421,0.53338,-0.030105,0.437962,0.459875,-0.056011,0.391425,0.464894,-0.060416,0.361577,0.476807,-0.05831,0.505242,0.52879,-0.010923,0.448785,0.479822,-0.032533,0.414816,0.482435,-0.038907,0.391191,0.491854,-0.038396
P,0.427269,0.719255,0,0.405391,0.674444,-0.050102,0.388731,0.590016,-0.070967,0.368772,0.50842,-0.079892,0.344543,0.457355,-0.087673,0.47698,0.557759,-0.073531,0.452641,0.440033,-0.09666,0.44596,0.379144,-0.109085,0.447207,0.325406,-0.117343,0.503767,0.54356,-0.051216,0.432707,0.449987,-0.078847,0.377831,0.44507,-0.084773,0.34439,0.452582,-0.08506,0.510846,0.533633,-0.030484,0.437104,0.460467,-0.05583,0.391024,0.46547,-0.059563,0.361373,0.476444,-0.056882,0.506436,0.530374,-0.012999,0.451051,0.479865,-0.033676,0.41914,0.481944,-0.039489,0.396366,0.490194,-0.038492
P,0.428152,0.71609,0,0.404839,0.669636,-0.048645,0.387718,0.585774,-0.068921,0.370107,0.506893,-0.077503,0.347516,0.455513,-0.084816,0.475924,0.555327,-0.071721,0.453983,0.439846,-0.093079,0.447574,0.378421,-0.104837,0.446953,0.324798,-0.113,0.502053,0.542036,-0.049842,0.430413,0.451819,-0.075402,0.376401,0.44085,-0.081851,0.342384,0.44184,-0.083649,0.508038,0.533386,-0.029241,0.437737,0.460575,-0.052683,0.393695,0.458188,-0.057453,0.36341,0.462514,-0.056432,0.502839,0.531449,-0.011759,0.451612,0.47972,-0.031016,0.422515,0.475047,-0.037129,0.400089,0.476522,-0.036907
P,0.420285,0.708635,-0.000001,0.401299,0.66433,-0.050088,0.383807,0.578386,-0.07085,0.362778,0.498373,-0.079672,0.339866,0.448638,-0.087032,0.473061,0.545342,-0.073311,0.447721,0.431515,-0.095568,0.439931,0.370845,-0.107484,0.440407,0.317494,-0.115719,0.49748,0.531799,-0.051397,0.422209,0.442056,-0.077796,0.368298,0.434511,-0.084341,0.336164,0.438289,-0.086213,0.502439,0.522399,-0.031038,0.430282,0.448779,-0.056185,0.384817,0.449196,-0.061339,0.355069,0.454346,-0.060337,0.497097,0.519729,-0.013871,0.447805,0.466254,-0.033486,0.418954,0.464601,-0.039308,0.397345,0.468141,-0.039032
P,0.416662,0.71254,-0.000001,0.399314,0.66603,-0.049083,0.382469,0.579508,-0.069037,0.360629,0.499314,-0.077367,0.336249,0.450094,-0.0844,0.471113,0.546011,-0.071956,0.44703,0.435242,-0.094145,0.43919,0.373989,-0.106098,0.439867,0.319132,-0.114453,0.496979,0.53418,-0.050562,0.422659,0.445888,-0.077797,0.367845,0.437121,-0.085408,0.334392,0.439747,-0.087716,0.502572,0.526275,-0.030604,0.42951,0.455361,-0.056342,0.382092,0.453798,-0.062948,0.350395,0.456378,-0.062755,0.497102,0.525302,-0.013738,0.446896,0.47521,-0.033313,0.416555,0.471881,-0.040228,0.391889,0.472518,-0.040883
P,0.414548,0.710055,-0.000001,0.395979,0.663893,-0.048302,0.378982,0.576035,-0.067499,0.358261,0.494339,-0.07537,0.333597,0.445941,-0.081813,0.467652,0.543269,-0.069826,0.442633,0.432246,-0.091394,0.434467,0.37088,-0.102619,0.434849,0.316776,-0.110361,0.493401,0.529467,-0.048797,0.418391,0.442954,-0.075902,0.363549,0.436772,-0.082615,0.331075,0.441835,-0.083905,0.49863,0.52039,-0.029282,0.425353,0.451222,-0.05537,0.378597,0.452216,-0.061477,0.348617,0.456975,-0.060575,0.493017,0.518373,-0.012735,0.444181,0.469028,-0.032271,0.414412,0.467093,-0.038669,0.391128,0.46928,-0.03884
P,0.416703,0.708841,-0.000001,0.398307,0.660555,-0.047213,0.382396,0.572615,-0.066541,0.361905,0.491964,-0.074641,0.336842,0.44397,-0.081499,0.470575,0.54243,-0.069244,0.446232,0.43055,-0.090104,0.438199,0.370006,-0.100809,0.43805,0.316472,-0.108143,0.496255,0.530219,-0.048204,0.423788,0.439491,-0.07443,0.36994,0.431951,-0.080722,0.33713,0.436538,-0.081922,0.501719,0.521906,-0.028388,0.429615,0.449625,-0.05252,0.384335,0.451101,-0.057326,0.354977,0.457295,-0.055967,0.495811,0.519896,-0.011609,0.448353,0.469286,-0.030045,0.419654,0.467078,-0.035967,0.397146,0.470134,-0.035895
P,0.41606,0.707964,0,0.397944,0.660627,-0.049026,0.381262,0.573881,-0.068861,0.359517,0.493718,-0.077218,0.335891,0.444465,-0.084287,0.469542,0.54074,-0.070085,0.44507,0.428441,-0.091772,0.437258,0.3679,-0.103147,0.437282,0.314522,-0.110735,0.494459,0.528859,-0.04837,0.421359,0.438665,-0.075302,0.367255,0.430329,-0.082381,0.33349,0.433958,-0.083885,0.499323,0.521302,-0.028178,0.426275,0.449886,-0.053433,0.380449,0.450837,-0.059147,0.350102,0.45585,-0.057982,0.493165,0.520539,-0.011132,0.443371,0.470926,-0.030283,0.413539,0.468656,-0.036613,0.389822,0.470918,-0.036542
P,0.415333,0.702751,-0.000001,0.39648,0.656353,-0.050141,0.379388,0.568657,-0.069907,0.357891,0.488184,-0.077819,0.334279,0.439608,-0.084217,0.46784,0.535754,-0.071678,0.442092,0.422588,-0.093617,0.433864,0.361805,-0.10536,0.434051,0.307492,-0.113364,0.49212,0.522989,-0.049513,0.41835,0.433739,-0.076652,0.364592,0.425739,-0.083918,0.331225,0.429532,-0.085693,0.496663,0.514221,-0.028988,0.424288,0.443045,-0.054568,0.378056,0.443033,-0.060928,0.347121,0.447147,-0.060342,0.490596,0.512505,-0.011694,0.44074,0.462713,-0.031021,0.410815,0.459939,-0.037738,0.386657,0.46145,-0.038142
P,0.412055,0.704414,-0.000001,0.396243,0.656775,-0.048814,0.379583,0.568524,-0.068522,0.356138,0.487568,-0.077047,0.332453,0.439537,-0.08419,0.468449,0.531508,-0.06635,0.442287,0.419092,-0.085987,0.433019,0.360205,-0.096563,0.432761,0.308592,-0.10409,0.489992,0.52021,-0.044484,0.415514,0.4346,-0.070191,0.363381,0.426122,-0.078417,0.331566,0.427845,-0.081149,0.492619,0.51438,-0.024168,0.421702,0.444684,-0.048905,0.376453,0.441626,-0.056539,0.34561,0.442753,-0.057044,0.485413,0.515424,-0.006855,0.435336,0.465958,-0.025728,0.405146,0.461981,-0.032995,0.380931,0.462256,-0.033843
P,0.410322,0.705998,-0.000001,0.395344,0.658098,-0.047829,0.378715,0.568905,-0.066515,0.354759,0.487678,-0.074012,0.330868,0.439796,-0.080135,0.467337,0.532393,-0.066673,0.440874,0.420819,-0.086974,0.431721,0.361322,-0.098029,0.432031,0.308406,-0.105933,0.488418,0.520944,-0.045637,0.413172,0.436027,-0.071543,0.360695,0.427757,-0.079636,0.32887,0.430012,-0.082333,0.490154,0.514761,-0.026189,0.419027,0.444569,-0.051749,0.373073,0.441512,-0.059852,0.341917,0.442867,-0.060608,0.481999,0.516151,-0.009573,0.430573,0.466046,-0.029073,0.399777,0.462308,-0.0364,0.37467,0.463217,-0.037331
P,0.408299,0.70577,-0.000001,0.39275,0.65684,-0.047575,0.375586,0.568124,-0.066868,0.35108,0.487072,-0.075214,0.326434,0.439874,-0.082247,0.463809,0.531503,-0.064883,0.437255,0.418602,-0.084389,0.427274,0.359226,-0.09535,0.426565,0.306564,-0.103354,0.483852,0.520069,-0.043568,0.410657,0.43402,-0.068559,0.358913,0.424683,-0.076706,0.326678,0.425852,-0.0797,0.485614,0.514222,-0.0238,0.41606,0.442913,-0.04768,0.370916,0.438192,-0.055305,0.339038,0.438911,-0.056236,0.477566,0.516092,-0.006951,0.425835,0.465258,-0.025061,0.394643,0.460246,-0.031875,0.368993,0.460451,-0.032704
P,0.409678,0.703176,-0.000001,0.394061,0.656733,-0.046247,0.375429,0.569078,-0.066197,0.350758,0.487341,-0.075986,0.325046,0.439244,-0.084273,0.461074,0.531107,-0.064866,0.43659,0.415735,-0.084724,0.427252,0.355071,-0.095167,0.426757,0.301913,-0.1027,0.483291,0.518351,-0.044909,0.409537,0.432501,-0.070746,0.358948,0.425213,-0.078169,0.32891,0.427655,-0.080725,0.486496,0.51197,-0.026314,0.417905,0.440761,-0.05094,0.374991,0.438908,-0.05746,0.345966,0.442099,-0.057663,0.479699,0.512361,-0.010527,0.43208,0.460375,-0.028501,0.40247,0.456893,-0.034341,0.37873,0.459217,-0.034703
P,0.415741,0.70229,-0.000001,0.398519,0.653239,-0.045615,0.381899,0.564683,-0.063866,0.358602,0.484997,-0.071763,0.334815,0.437791,-0.078523,0.467808,0.5318,-0.06511,0.44429,0.420275,-0.084782,0.436264,0.36141,-0.09565,0.436496,0.307492,-0.103792,0.490342,0.519712,-0.045241,0.417227,0.435248,-0.071736,0.364418,0.426312,-0.080354,0.330834,0.427137,-0.083422,0.494056,0.513516,-0.026621,0.423033,0.444762,-0.051061,0.37712,0.442017,-0.058525,0.345268,0.44341,-0.05933,0.487638,0.51456,-0.010821,0.436299,0.465752,-0.029566,0.404805,0.461384,-0.036861,0.379265,0.461543,-0.038024
P,0.414507,0.701941,-0.000001,0.397584,0.655014,-0.048273,0.380295,0.567426,-0.068472,0.35716,0.487552,-0.07761,0.333238,0.439894,-0.085584,0.468818,0.533884,-0.068423,0.442697,0.422369,-0.089121,0.433545,0.362435,-0.100404,0.432802,0.309765,-0.108345,0.491781,0.521681,-0.047142,0.416414,0.436246,-0.073761,0.363614,0.427379,-0.081838,0.331017,0.428918,-0.084448,0.495562,0.514573,-0.027231,0.422728,0.446093,-0.052331,0.377401,0.44466,-0.059202,0.346547,0.446812,-0.059233,0.489167,0.514233,-0.01034,0.438887,0.465991,-0.02958,0.40872,0.463403,-0.036382,0.384759,0.464523,-0.036874
P,0.41055,0.701541,-0.000001,0.39528,0.652276,-0.047556,0.37731,0.561181,-0.065689,0.351665,0.479504,-0.072903,0.324756,0.433805,-0.078455,0.463211,0.522048,-0.062897,0.436458,0.40683,-0.081182,0.426781,0.348159,-0.090897,0.427048,0.297938,-0.097856,0.483671,0.511227,-0.04166,0.408322,0.428898,-0.065669,0.357576,0.425237,-0.072835,0.328201,0.431031,-0.075168,0.485788,0.506867,-0.022232,0.416312,0.437342,-0.046163,0.37258,0.436372,-0.05432,0.344045,0.439956,-0.055445,0.478605,0.510124,-0.005664,0.429441,0.459282,-0.023269,0.39978,0.456109,-0.030302,0.376041,0.457837,-0.031475
Q,0.565026,0.435364,0,0.548508,0.479071,-0.025726,0.494165,0.509522,-0.047941,0.439528,0.51017,-0.062568,0.396556,0.507379,-0.076359,0.542575,0.531718,-0.091446,0.452702,0.524582,-0.117224,0.409664,0.512465,-0.119683,0.377607,0.499702,-0.120231,0.546633,0.47631,-0.089758,0.44676,0.466506,-0.12438,0.467595,0.466697,-0.115706,0.498445,0.468157,-0.104547,0.547212,0.41789,-0.086197,0.454218,0.416143,-0.115004,0.477009,0.42133,-0.09384,0.507915,0.423278,-0.074249,0.542693,0.366053,-0.083543,0.471458,0.374792,-0.102976,0.48533,0.38412,-0.092344,0.512041,0.384493,-0.082857
Q,0.561097,0.447744,0,0.541544,0.484486,-0.024222,0.48756,0.511723,-0.045394,0.432349,0.514826,-0.060005,0.386037,0.513555,-0.072832,0.535078,0.531841,-0.086546,0.441462,0.525425,-0.112329,0.422869,0.519084,-0.114052,0.419219,0.511123,-0.112833,0.54282,0.481664,-0.085091,0.444645,0.468463,-0.115918,0.465012,0.470657,-0.108193,0.496247,0.473533,-0.099572,0.547146,0.427284,-0.08221,0.452644,0.422041,-0.106492,0.475252,0.428474,-0.087099,0.50667,0.429705,-0.07105,0.546304,0.377398,-0.080335,0.47671,0.378144,-0.098749,0.489519,0.386173,-0.090892,0.515172,0.38464,-0.084342
Q,0.564684,0.458617,0,0.542081,0.484089,-0.023503,0.488027,0.508792,-0.045354,0.437526,0.515335,-0.060752,0.396327,0.518548,-0.074818,0.531516,0.523498,-0.086936,0.436949,0.518281,-0.115129,0.412134,0.515452,-0.11993,0.400527,0.509023,-0.120536,0.54033,0.485997,-0.085304,0.442875,0.465943,-0.119115,0.463537,0.470508,-0.112674,0.493161,0.474729,-0.103384,0.546633,0.443557,-0.082069,0.45279,0.427965,-0.107225,0.473823,0.43937,-0.088011,0.503632,0.445623,-0.070773,0.547795,0.405257,-0.079763,0.476737,0.394704,-0.098749,0.485843,0.404982,-0.091255,0.508157,0.409281,-0.083864
Q,0.568225,0.462133,0,0.544889,0.5007,-0.021475,0.488256,0.52776,-0.040966,0.435429,0.525138,-0.053772,0.398191,0.509589,-0.065702,0.534046,0.541879,-0.082346,0.447888,0.537255,-0.106946,0.408122,0.528795,-0.111202,0.376721,0.519466,-0.113189,0.54078,0.492526,-0.082768,0.44446,0.478279,-0.116563,0.464104,0.479357,-0.109316,0.493597,0.481347,-0.098741,0.544062,0.438526,-0.081196,0.453612,0.431131,-0.10594,0.475867,0.438459,-0.084119,0.503861,0.441286,-0.064591,0.543391,0.387333,-0.080707,0.473918,0.387262,-0.095187,0.488071,0.400583,-0.082514,0.51181,0.404239,-0.072042
Q,0.560228,0.464286,0,0.538757,0.493894,-0.026023,0.48387,0.520071,-0.049886,0.431869,0.521884,-0.066584,0.390367,0.513559,-0.081094,0.535542,0.527601,-0.092859,0.439881,0.521813,-0.120322,0.423187,0.520807,-0.121829,0.418714,0.516283,-0.120035,0.546065,0.486865,-0.090523,0.445458,0.471177,-0.123491,0.467232,0.475226,-0.11488,0.496467,0.478189,-0.104854,0.551349,0.440869,-0.086621,0.45372,0.429658,-0.110614,0.477195,0.439416,-0.089923,0.506903,0.443983,-0.072808,0.550634,0.397745,-0.083896,0.47889,0.391162,-0.100497,0.490109,0.400755,-0.092355,0.511485,0.403194,-0.086017
Q,0.565009,0.448723,0,0.546118,0.489977,-0.022341,0.491792,0.52323,-0.04311,0.435676,0.526451,-0.057549,0.390767,0.522065,-0.071257,0.536938,0.547242,-0.084801,0.448751,0.544357,-0.112185,0.405227,0.531621,-0.117973,0.370993,0.518312,-0.120814,0.541263,0.495248,-0.085246,0.446339,0.485293,-0.120113,0.468429,0.483133,-0.112763,0.497056,0.483935,-0.102758,0.542506,0.437421,-0.084035,0.451381,0.432827,-0.112111,0.475424,0.436802,-0.090484,0.505113,0.439651,-0.070685,0.539367,0.384345,-0.083731,0.469023,0.388497,-0.102052,0.483236,0.397037,-0.090302,0.508281,0.398599,-0.07992
Q,0.562917,0.461357,0,0.541446,0.500232,-0.025344,0.484886,0.52708,-0.047407,0.43054,0.52378,-0.062309,0.387193,0.515119,-0.075861,0.536998,0.540677,-0.087957,0.447025,0.534679,-0.112747,0.411945,0.529298,-0.114739,0.386708,0.522424,-0.114821,0.544849,0.490101,-0.08682,0.445507,0.475976,-0.120377,0.46414,0.478078,-0.112433,0.492594,0.479699,-0.102212,0.546935,0.436115,-0.084005,0.451808,0.429833,-0.108807,0.47434,0.437604,-0.087042,0.503516,0.439847,-0.06849,0.543296,0.385755,-0.082582,0.471641,0.385827,-0.098416,0.48636,0.397412,-0.087513,0.511785,0.399481,-0.078886
Q,0.544446,0.530189,0,0.508936,0.56256,-0.037836,0.457338,0.552697,-0.055807,0.415692,0.523534,-0.06305,0.383462,0.502701,-0.068524,0.513373,0.493244,-0.07824,0.445959,0.463569,-0.094539,0.406164,0.452847,-0.095484,0.373897,0.439349,-0.096536,0.518947,0.449204,-0.063105,0.437836,0.448291,-0.07971,0.43568,0.483519,-0.070586,0.451915,0.499402,-0.063848,0.517135,0.424334,-0.047874,0.442764,0.426225,-0.066078,0.442102,0.462227,-0.055538,0.457438,0.477953,-0.046251,0.509863,0.409458,-0.034502,0.451177,0.409901,-0.050214,0.446098,0.436356,-0.048061,0.459068,0.44978,-0.04511
Q,0.546905,0.534138,0,0.511002,0.567021,-0.036863,0.460754,0.558181,-0.057014,0.419557,0.529836,-0.066934,0.385777,0.510003,-0.075284,0.51935,0.501182,-0.077634,0.452417,0.472458,-0.096191,0.409371,0.458673,-0.100504,0.37565,0.442872,-0.10475,0.522418,0.455634,-0.063992,0.439521,0.455264,-0.082289,0.437757,0.488759,-0.07495,0.454933,0.503957,-0.070412,0.518648,0.431042,-0.050135,0.44298,0.434231,-0.068587,0.445735,0.467155,-0.057142,0.463525,0.481009,-0.048876,0.511224,0.416113,-0.038225,0.453752,0.418896,-0.055124,0.453718,0.444697,-0.05225,0.469769,0.45823,-0.049373
Q,0.545977,0.531427,0,0.509104,0.564334,-0.037266,0.456799,0.554124,-0.054984,0.415495,0.525085,-0.062348,0.383572,0.504864,-0.068024,0.514682,0.494521,-0.076317,0.446445,0.466182,-0.09241,0.406151,0.455881,-0.093547,0.374335,0.441777,-0.094945,0.520413,0.450539,-0.061763,0.438173,0.44981,-0.078932,0.436611,0.484598,-0.070777,0.453752,0.499078,-0.064738,0.518608,0.425651,-0.047075,0.443384,0.427506,-0.065325,0.443451,0.462978,-0.055002,0.459658,0.47768,-0.046052,0.511262,0.41067,-0.034295,0.45204,0.411221,-0.05028,0.447764,0.437045,-0.04832,0.461468,0.449982,-0.045587
Q,0.547695,0.528139,0,0.511493,0.564028,-0.037873,0.458017,0.554287,-0.055449,0.415752,0.524003,-0.062017,0.382894,0.502597,-0.06682,0.514501,0.497171,-0.080444,0.446321,0.464991,-0.096505,0.406035,0.453875,-0.096725,0.372936,0.43975,-0.097408,0.519647,0.450975,-0.064925,0.437476,0.451148,-0.081565,0.435727,0.485886,-0.071525,0.452151,0.499406,-0.064235,0.517199,0.424388,-0.049119,0.441977,0.428371,-0.066986,0.44203,0.464415,-0.055568,0.458215,0.478179,-0.045916,0.509622,0.407841,-0.035163,0.451064,0.412675,-0.050036,0.447046,0.44048,-0.047328,0.461081,0.452743,-0.044296
Q,0.541867,0.527087,0,0.504945,0.561435,-0.037233,0.455542,0.551479,-0.055466,0.414578,0.518602,-0.063245,0.381284,0.498392,-0.069168,0.509258,0.487869,-0.075783,0.437972,0.457334,-0.090238,0.399348,0.449281,-0.090001,0.370029,0.436768,-0.090122,0.514458,0.444597,-0.060181,0.434518,0.444278,-0.075527,0.431383,0.477562,-0.066714,0.446173,0.49049,-0.060393,0.511812,0.420724,-0.04433,0.438535,0.423358,-0.061298,0.437754,0.457411,-0.051962,0.453107,0.470919,-0.043957,0.503961,0.406081,-0.03019,0.446936,0.410173,-0.044876,0.442661,0.437058,-0.043293,0.456318,0.449977,-0.040936
Q,0.544286,0.521832,0,0.50864,0.558116,-0.037378,0.455222,0.547486,-0.054155,0.412395,0.516319,-0.060064,0.379176,0.496372,-0.064167,0.510529,0.488692,-0.078059,0.44185,0.458149,-0.092966,0.402572,0.44824,-0.092591,0.37059,0.434573,-0.092893,0.515447,0.444119,-0.062421,0.434679,0.443122,-0.078958,0.431594,0.477856,-0.06968,0.44715,0.492279,-0.062762,0.513081,0.418603,-0.046453,0.439586,0.420632,-0.064004,0.438564,0.456507,-0.053498,0.454223,0.471242,-0.04429,0.50574,0.402747,-0.032311,0.448644,0.40498,-0.046927,0.443429,0.431654,-0.044862,0.456483,0.443982,-0.042179
Q,0.540559,0.532326,0,0.504002,0.561129,-0.039409,0.45464,0.550368,-0.060308,0.413391,0.519029,-0.069858,0.38032,0.498607,-0.077657,0.512169,0.489676,-0.083611,0.441112,0.45997,-0.101353,0.400814,0.450813,-0.103603,0.369671,0.43758,-0.105415,0.517804,0.445348,-0.066831,0.436143,0.444043,-0.083042,0.433072,0.477203,-0.07344,0.447382,0.489631,-0.067331,0.514671,0.421391,-0.049702,0.439444,0.423342,-0.067326,0.438619,0.456758,-0.056643,0.453959,0.470435,-0.048336,0.506336,0.406922,-0.034413,0.448843,0.409959,-0.050097,0.444953,0.43735,-0.048082,0.45866,0.451653,-0.045658
Q,0.542359,0.528028,0,0.504169,0.559423,-0.0385,0.453886,0.550094,-0.058064,0.41204,0.518432,-0.066766,0.37825,0.497595,-0.073669,0.51042,0.487449,-0.079581,0.439073,0.457462,-0.097001,0.398966,0.448934,-0.098923,0.367824,0.435806,-0.100519,0.515237,0.443184,-0.06373,0.434101,0.445667,-0.08096,0.433818,0.479597,-0.072088,0.450074,0.49064,-0.065905,0.511786,0.419591,-0.047795,0.436763,0.424136,-0.067159,0.438591,0.458479,-0.057279,0.455594,0.47083,-0.048766,0.503214,0.405673,-0.033553,0.44518,0.411497,-0.050283,0.443841,0.439176,-0.048583,0.459704,0.451996,-0.046014
Q,0.541989,0.522019,0,0.505114,0.555081,-0.036116,0.453157,0.544671,-0.053116,0.410655,0.514852,-0.059767,0.377443,0.495831,-0.064773,0.510051,0.486504,-0.076506,0.441988,0.457705,-0.091902,0.401749,0.4488,-0.092495,0.369661,0.434911,-0.09362,0.51456,0.442449,-0.061803,0.435042,0.441388,-0.078601,0.430923,0.475859,-0.070124,0.446034,0.491434,-0.06413,0.511486,0.417624,-0.046718,0.438293,0.418997,-0.064219,0.437275,0.45414,-0.053736,0.453408,0.470416,-0.044908,0.503229,0.402713,-0.033406,0.446529,0.40375,-0.048254,0.442262,0.429347,-0.046106,0.456242,0.442336,-0.043512
Q,0.534806,0.510504,0,0.498765,0.54825,-0.040227,0.44266,0.539871,-0.057556,0.397433,0.512245,-0.063421,0.363561,0.493114,-0.067386,0.495754,0.469549,-0.080258,0.422669,0.446827,-0.095435,0.383411,0.441082,-0.095632,0.350809,0.430331,-0.096412,0.500135,0.424989,-0.063199,0.416884,0.430915,-0.078613,0.416052,0.468492,-0.068723,0.431524,0.481293,-0.061649,0.497905,0.401572,-0.046099,0.422571,0.409079,-0.062947,0.423556,0.448281,-0.051795,0.439786,0.462631,-0.04232,0.490288,0.389364,-0.031143,0.432564,0.394432,-0.046097,0.427969,0.424233,-0.044192,0.440858,0.437455,-0.041638
Q,0.524152,0.518348,0,0.486109,0.551257,-0.040448,0.433051,0.5408,-0.061951,0.38675,0.509454,-0.072148,0.350004,0.489217,-0.080496,0.493246,0.467433,-0.086302,0.412588,0.440129,-0.103687,0.368578,0.434286,-0.103902,0.335026,0.423851,-0.104197,0.497857,0.421679,-0.069488,0.408928,0.426804,-0.088137,0.409334,0.464627,-0.077726,0.427202,0.476085,-0.070008,0.494835,0.397521,-0.05221,0.413581,0.402831,-0.072828,0.414455,0.441439,-0.061431,0.433129,0.455899,-0.051382,0.485978,0.383314,-0.036591,0.424605,0.386997,-0.054511,0.421144,0.418607,-0.052309,0.438036,0.434416,-0.048966
Q,0.536773,0.522528,0,0.492057,0.561788,-0.042707,0.43113,0.554624,-0.063229,0.379961,0.525826,-0.071973,0.340196,0.505356,-0.078533,0.487795,0.477503,-0.085823,0.405624,0.449261,-0.101237,0.361966,0.442815,-0.097979,0.326391,0.432245,-0.0954,0.495504,0.430767,-0.067845,0.403334,0.431788,-0.087878,0.405961,0.473755,-0.075832,0.425838,0.487279,-0.064612,0.497,0.403839,-0.049492,0.412349,0.405224,-0.071016,0.416841,0.447562,-0.057761,0.437627,0.461614,-0.044301,0.491659,0.386838,-0.032954,0.426464,0.389472,-0.048879,0.424524,0.421819,-0.044414,0.442256,0.433122,-0.038886
Q,0.53826,0.536798,0,0.499925,0.596023,-0.036248,0.427567,0.594076,-0.051873,0.371311,0.561381,-0.056804,0.329992,0.536864,-0.060659,0.481872,0.523092,-0.080655,0.406714,0.485403,-0.099247,0.357563,0.471614,-0.101801,0.317578,0.456591,-0.104401,0.489241,0.462682,-0.067846,0.393409,0.472352,-0.091697,0.401041,0.51855,-0.084339,0.427561,0.534822,-0.074772,0.490027,0.427844,-0.054032,0.403008,0.443652,-0.076235,0.41049,0.489903,-0.062838,0.437098,0.502798,-0.048381,0.483383,0.409098,-0.041528,0.411805,0.42514,-0.057423,0.41511,0.462458,-0.051421,0.43918,0.471921,-0.044322
Q,0.525428,0.549162,0,0.476694,0.599142,-0.046226,0.408891,0.594567,-0.072923,0.355955,0.56341,-0.084578,0.311791,0.5412,-0.094785,0.476816,0.532393,-0.119371,0.38748,0.489582,-0.144997,0.336981,0.474599,-0.146589,0.296451,0.460746,-0.146575,0.488264,0.471037,-0.099957,0.384461,0.470454,-0.123062,0.385537,0.511314,-0.107608,0.406973,0.529624,-0.095931,0.488577,0.43104,-0.078905,0.393661,0.441829,-0.101593,0.398155,0.482443,-0.083874,0.420408,0.498232,-0.069528,0.480249,0.402041,-0.059422,0.403456,0.417035,-0.077808,0.404529,0.449683,-0.070944,0.424749,0.460378,-0.064597
Q,0.554273,0.503652,0,0.51169,0.567415,-0.043814,0.433186,0.570067,-0.064214,0.37052,0.537217,-0.071814,0.321689,0.514518,-0.077434,0.49437,0.492829,-0.097184,0.40054,0.456143,-0.11833,0.346746,0.444064,-0.117757,0.303867,0.431186,-0.116713,0.502447,0.432033,-0.079831,0.392003,0.434585,-0.106084,0.399049,0.480245,-0.091685,0.426441,0.49376,-0.076484,0.503133,0.395305,-0.061971,0.401726,0.401054,-0.086429,0.409885,0.448671,-0.067675,0.437352,0.461363,-0.048671,0.495395,0.369743,-0.046022,0.415842,0.376951,-0.06179,0.416918,0.414256,-0.053541,0.439931,0.422469,-0.045018
Q,0.529834,0.426308,0,0.481883,0.493953,-0.060027,0.399724,0.508084,-0.100518,0.33132,0.472713,-0.122884,0.271298,0.449823,-0.143234,0.465909,0.426063,-0.15046,0.353924,0.385222,-0.18993,0.286062,0.370763,-0.199872,0.232955,0.357446,-0.206591,0.471052,0.34059,-0.129723,0.33773,0.350141,-0.164413,0.351289,0.399681,-0.147849,0.386535,0.412164,-0.136205,0.467544,0.287767,-0.107961,0.34878,0.309582,-0.139859,0.364972,0.35594,-0.115939,0.39749,0.364908,-0.09895,0.457025,0.252587,-0.088813,0.361963,0.275393,-0.116391,0.372954,0.315392,-0.108378,0.402822,0.326271,-0.101754
Q,0.522976,0.345096,0,0.482885,0.403234,-0.062427,0.409607,0.411675,-0.104251,0.346341,0.390769,-0.125604,0.292713,0.366673,-0.145893,0.486816,0.34928,-0.17374,0.390272,0.325713,-0.214415,0.329743,0.317063,-0.225233,0.283502,0.309628,-0.232328,0.490531,0.272534,-0.151831,0.371728,0.266576,-0.187121,0.334646,0.284751,-0.180939,0.323426,0.30131,-0.179657,0.483025,0.21859,-0.126381,0.368873,0.235382,-0.15488,0.351344,0.267817,-0.140648,0.358168,0.29363,-0.132902,0.467904,0.183169,-0.103825,0.380648,0.201386,-0.135369,0.36472,0.236998,-0.135143,0.370671,0.265854,-0.133528
Q,0.573856,0.458871,-0.000001,0.489517,0.524303,-0.037646,0.386613,0.523747,-0.066551,0.316313,0.475967,-0.08757,0.26048,0.434446,-0.107186,0.417187,0.410084,-0.082773,0.341451,0.352352,-0.115381,0.287242,0.324975,-0.129154,0.244383,0.298081,-0.139562,0.447094,0.317864,-0.076934,0.351903,0.329017,-0.109174,0.369771,0.389659,-0.103161,0.406111,0.408358,-0.097618,0.475191,0.258642,-0.071769,0.386947,0.284623,-0.102388,0.40045,0.346565,-0.081654,0.429136,0.363739,-0.065252,0.498599,0.215796,-0.068435,0.421464,0.240431,-0.085431,0.429822,0.295161,-0.06968,0.454685,0.311945,-0.056931
Q,0.510655,0.826508,-0.000001,0.428302,0.841744,-0.054466,0.330438,0.80019,-0.094324,0.262899,0.727559,-0.118274,0.214243,0.658724,-0.139819,0.406565,0.763201,-0.15206,0.300807,0.638573,-0.190039,0.237779,0.578285,-0.192564,0.194379,0.537832,-0.189513,0.457415,0.694247,-0.131909,0.325317,0.579945,-0.154087,0.276787,0.581444,-0.134107,0.263892,0.606369,-0.122204,0.488429,0.636019,-0.109893,0.360581,0.544885,-0.133615,0.326866,0.572713,-0.115409,0.326758,0.608358,-0.10249,0.508741,0.588491,-0.089863,0.410156,0.519737,-0.108992,0.378689,0.537486,-0.099117,0.372168,0.569524,-0.090525
Q,0.365127,0.561044,0,0.391642,0.575834,-0.001053,0.422024,0.592812,-0.003671,0.446994,0.597029,-0.00759,0.4647,0.596356,-0.012241,0.429874,0.630937,0.00119,0.464872,0.630903,-0.008508,0.485412,0.621162,-0.017637,0.495203,0.614395,-0.022828,0.428226,0.623086,-0.003038,0.463205,0.623805,-0.008098,0.483532,0.611983,-0.013268,0.493779,0.602557,-0.017386,0.425511,0.609905,-0.008251,0.46009,0.608552,-0.013802,0.478676,0.59608,-0.015791,0.486448,0.588429,-0.017239,0.421917,0.592464,-0.013695,0.450768,0.587209,-0.018418,0.462989,0.57854,-0.017647,0.466907,0.572231,-0.016368
Q,0.358367,0.562858,0,0.384964,0.576079,-0.002881,0.4153,0.59166,-0.006107,0.440238,0.597196,-0.010324,0.459036,0.595523,-0.01464,0.42943,0.629871,-0.000929,0.464558,0.625815,-0.01086,0.474027,0.607446,-0.019244,0.472325,0.597131,-0.02384,0.426119,0.621798,-0.003771,0.46151,0.614919,-0.01065,0.467843,0.594623,-0.015128,0.464745,0.583465,-0.017962,0.421345,0.608135,-0.007553,0.454845,0.598678,-0.015313,0.457346,0.577988,-0.015209,0.451039,0.566529,-0.014056,0.415811,0.590547,-0.011622,0.442985,0.583223,-0.017806,0.445592,0.570719,-0.016017,0.440678,0.562864,-0.013173
Q,0.572045,0.752098,-0.000001,0.567359,0.652717,0.003772,0.569835,0.576728,-0.005352,0.556556,0.526584,-0.019767,0.540697,0.484986,-0.035089,0.660448,0.555116,-0.005008,0.634536,0.486876,-0.022688,0.606524,0.449366,-0.037917,0.582758,0.421117,-0.048083,0.673433,0.58138,-0.019468,0.594526,0.531836,-0.034479,0.563572,0.576729,-0.04293,0.556993,0.615068,-0.049549,0.669043,0.616309,-0.034206,0.586943,0.561513,-0.044088,0.567154,0.612548,-0.041758,0.566878,0.651447,-0.041799,0.654898,0.65234,-0.050146,0.597875,0.598683,-0.055565,0.578627,0.622732,-0.048732,0.574216,0.647436,-0.043556
Q,0.575419,0.721142,-0.000001,0.57019,0.620639,0.007274,0.574632,0.545888,0.001017,0.56564,0.498956,-0.011362,0.548599,0.459793,-0.025451,0.661851,0.527892,0.005491,0.634546,0.457741,-0.012726,0.611734,0.41405,-0.031095,0.592029,0.378833,-0.044069,0.675277,0.551243,-0.010282,0.599464,0.496822,-0.02936,0.566504,0.543426,-0.040287,0.558185,0.583025,-0.04669,0.671515,0.582143,-0.026629,0.593528,0.526907,-0.040084,0.571527,0.576963,-0.037544,0.568259,0.615561,-0.035376,0.657109,0.615283,-0.043856,0.602016,0.562202,-0.051797,0.582711,0.588473,-0.045568,0.578532,0.616069,-0.039754
Q,0.578938,0.715507,-0.000001,0.575673,0.614733,0.006091,0.579523,0.538554,-0.000747,0.568246,0.491862,-0.013452,0.54915,0.453213,-0.027917,0.666125,0.523047,0.003263,0.637084,0.452023,-0.0166,0.613658,0.40716,-0.036335,0.593782,0.369423,-0.05019,0.679201,0.547492,-0.012151,0.603006,0.493802,-0.032087,0.571951,0.542461,-0.043456,0.56554,0.581755,-0.050227,0.675002,0.578745,-0.028329,0.596417,0.523809,-0.042151,0.576788,0.574934,-0.040036,0.57623,0.613013,-0.038258,0.659933,0.612345,-0.045531,0.604609,0.558304,-0.053628,0.587145,0.584319,-0.047616,0.584644,0.610831,-0.042082
Q,0.585299,0.707011,-0.000001,0.57924,0.613213,0.004841,0.581646,0.536715,-0.00126,0.571089,0.486873,-0.01285,0.553863,0.445262,-0.025761,0.666157,0.517652,0.005062,0.639827,0.449037,-0.014844,0.616115,0.405338,-0.033509,0.595806,0.371314,-0.045891,0.680428,0.540745,-0.009182,0.606724,0.489518,-0.030464,0.574252,0.536066,-0.041867,0.564928,0.574452,-0.047494,0.678557,0.572061,-0.024428,0.602816,0.519803,-0.040737,0.580704,0.569832,-0.038636,0.575566,0.607575,-0.035341,0.666859,0.607162,-0.040527,0.614073,0.554709,-0.050457,0.593397,0.577675,-0.044636,0.586307,0.601734,-0.038276
Q,0.584799,0.709732,-0.000001,0.57973,0.611419,0.005922,0.58229,0.535039,-0.000945,0.570297,0.487968,-0.013696,0.550748,0.450787,-0.028203,0.669442,0.517917,0.003135,0.64006,0.445953,-0.017637,0.616415,0.401197,-0.0376,0.596545,0.364785,-0.05136,0.682274,0.542334,-0.012348,0.606357,0.486853,-0.033635,0.574275,0.535715,-0.044907,0.56716,0.57552,-0.051037,0.678274,0.573862,-0.028694,0.600692,0.517125,-0.044018,0.579207,0.567989,-0.041424,0.576904,0.60612,-0.038619,0.663696,0.608099,-0.045985,0.608679,0.552928,-0.055307,0.589472,0.57679,-0.0493,0.58496,0.601901,-0.043314
Q,0.584722,0.707817,-0.000001,0.579432,0.615571,0.003808,0.583817,0.538558,-0.002984,0.572783,0.49001,-0.01494,0.551679,0.450223,-0.028297,0.66691,0.522241,0.000012,0.638246,0.448985,-0.02119,0.616258,0.402033,-0.039659,0.59934,0.366308,-0.051991,0.680817,0.546821,-0.01421,0.609037,0.493104,-0.0361,0.574861,0.540231,-0.045929,0.565704,0.577551,-0.050572,0.678252,0.579487,-0.029384,0.603231,0.524184,-0.045558,0.579622,0.573425,-0.042231,0.576148,0.610187,-0.038651,0.665852,0.615395,-0.045465,0.614789,0.559952,-0.055699,0.59335,0.579854,-0.049836,0.587345,0.602381,-0.043744
Q,0.579064,0.711038,-0.000001,0.574524,0.614746,0.005002,0.578619,0.538619,-0.001209,0.569632,0.488587,-0.012928,0.553388,0.446322,-0.025785,0.664837,0.522034,0.004571,0.639405,0.451112,-0.015479,0.615253,0.40621,-0.033987,0.595064,0.371558,-0.046403,0.679056,0.54567,-0.009894,0.605161,0.490479,-0.030746,0.571727,0.536514,-0.041618,0.563514,0.574658,-0.04732,0.676442,0.576944,-0.025394,0.600537,0.52066,-0.040923,0.577771,0.569732,-0.038096,0.573956,0.606901,-0.034931,0.663599,0.611818,-0.04184,0.610562,0.556992,-0.051138,0.589878,0.579586,-0.045035,0.583879,0.603542,-0.038846
Q,0.57991,0.704167,-0.000001,0.573493,0.607723,0.004863,0.577539,0.529519,-0.001753,0.567133,0.480157,-0.013621,0.548976,0.437635,-0.026905,0.662464,0.511691,0.001577,0.633846,0.437964,-0.019212,0.610317,0.391571,-0.037906,0.591778,0.356669,-0.050327,0.675755,0.536422,-0.012921,0.60147,0.483102,-0.033958,0.567512,0.530381,-0.043935,0.558819,0.567999,-0.048844,0.67262,0.56896,-0.028251,0.594872,0.514512,-0.043018,0.572526,0.563789,-0.039226,0.570482,0.60037,-0.035734,0.659566,0.604869,-0.044463,0.605394,0.549679,-0.053294,0.58406,0.571969,-0.046401,0.578947,0.59582,-0.039705
Q,0.578354,0.704267,-0.000001,0.573227,0.606349,0.004145,0.576676,0.52816,-0.002753,0.565894,0.478852,-0.014808,0.547245,0.437244,-0.028203,0.662173,0.510045,0.002352,0.633744,0.437913,-0.018188,0.60997,0.39261,-0.036515,0.59033,0.358457,-0.048452,0.674726,0.535267,-0.011883,0.600811,0.481255,-0.033037,0.566722,0.527957,-0.043306,0.557917,0.5652,-0.048085,0.67099,0.567903,-0.02711,0.593341,0.514218,-0.042105,0.571661,0.562925,-0.039048,0.57023,0.598235,-0.035727,0.657705,0.603827,-0.043237,0.603806,0.549526,-0.051512,0.582572,0.571873,-0.044434,0.577764,0.594672,-0.037563
Q,0.575687,0.699987,-0.000001,0.572115,0.601258,0.003412,0.576524,0.524905,-0.004279,0.567149,0.47494,-0.01688,0.548233,0.433025,-0.031049,0.660794,0.509636,0.002581,0.633674,0.437322,-0.018126,0.61227,0.390092,-0.037706,0.595342,0.352828,-0.050951,0.6737,0.533974,-0.01143,0.601408,0.478033,-0.033019,0.567107,0.523694,-0.044071,0.556635,0.561615,-0.049552,0.670669,0.565902,-0.026461,0.595401,0.510747,-0.042637,0.570997,0.558529,-0.039497,0.564688,0.59548,-0.035699,0.657414,0.60132,-0.042452,0.604802,0.546073,-0.052691,0.582578,0.568914,-0.046257,0.574788,0.594256,-0.039437
Q,0.576092,0.699744,-0.000001,0.571535,0.602768,0.004474,0.574598,0.527467,-0.001809,0.56565,0.478522,-0.013276,0.548999,0.437855,-0.025945,0.660062,0.507231,0.004363,0.632884,0.437624,-0.014714,0.609705,0.391916,-0.032575,0.590369,0.356796,-0.044617,0.674014,0.530721,-0.009756,0.598459,0.477781,-0.030022,0.565519,0.524232,-0.040794,0.557002,0.562469,-0.046417,0.671365,0.562383,-0.02481,0.593823,0.509044,-0.040399,0.571808,0.558126,-0.038096,0.567858,0.595397,-0.035135,0.658495,0.597537,-0.040746,0.604854,0.543419,-0.050433,0.583809,0.565824,-0.044579,0.577104,0.590135,-0.038454
Q,0.574593,0.70216,-0.000001,0.569714,0.606208,0.004498,0.573396,0.530139,-0.002151,0.565029,0.480273,-0.013965,0.548335,0.43904,-0.027043,0.65889,0.511923,0.002681,0.63263,0.439768,-0.017375,0.609873,0.392998,-0.035979,0.59101,0.357206,-0.048468,0.672148,0.535207,-0.011454,0.598258,0.480085,-0.032171,0.565275,0.525992,-0.042763,0.556646,0.564156,-0.048358,0.668829,0.565851,-0.026521,0.593274,0.510608,-0.041993,0.571131,0.559009,-0.039342,0.567149,0.596422,-0.036412,0.655207,0.599439,-0.042508,0.602962,0.544129,-0.05233,0.582297,0.565876,-0.046687,0.575714,0.590332,-0.040855
Q,0.575647,0.699699,-0.000001,0.571402,0.603145,0.005025,0.575198,0.527557,-0.001073,0.566886,0.478849,-0.012365,0.550343,0.438073,-0.025013,0.659521,0.509295,0.005179,0.633664,0.439207,-0.014569,0.611706,0.392543,-0.033666,0.593404,0.356461,-0.046475,0.672595,0.532389,-0.009052,0.599646,0.479057,-0.029896,0.566176,0.524964,-0.041148,0.556233,0.563289,-0.046842,0.67004,0.563214,-0.024222,0.595414,0.509845,-0.04005,0.572404,0.558359,-0.037581,0.566878,0.59585,-0.034211,0.657546,0.597587,-0.040201,0.60603,0.544124,-0.049798,0.584947,0.567599,-0.043543,0.578075,0.592951,-0.03695
Q,0.575205,0.699712,-0.000001,0.572678,0.602334,0.004794,0.576763,0.526476,-0.002001,0.567954,0.476797,-0.01405,0.549798,0.43572,-0.027642,0.660538,0.51038,0.004563,0.634263,0.439467,-0.015225,0.613007,0.392589,-0.034269,0.595865,0.356177,-0.047213,0.673556,0.53388,-0.009932,0.601444,0.478586,-0.03057,0.567602,0.523809,-0.041509,0.557262,0.561752,-0.047124,0.670582,0.565145,-0.025415,0.595559,0.511169,-0.040893,0.571994,0.558554,-0.038383,0.566209,0.595434,-0.035225,0.65757,0.599994,-0.041776,0.605149,0.545475,-0.051374,0.583124,0.567456,-0.045337,0.575202,0.592139,-0.039053
Q,0.575322,0.688045,-0.000001,0.575566,0.595505,0.000254,0.579785,0.522346,-0.010176,0.565623,0.473696,-0.024585,0.546088,0.434002,-0.039526,0.667624,0.508625,-0.012289,0.635498,0.439403,-0.032725,0.609892,0.396777,-0.049305,0.589506,0.363559,-0.059799,0.679388,0.540068,-0.024815,0.601859,0.488633,-0.039351,0.572716,0.529784,-0.046167,0.566375,0.564672,-0.05209,0.673269,0.577835,-0.037852,0.594146,0.520564,-0.047819,0.57434,0.565472,-0.04407,0.573487,0.601077,-0.043107,0.657767,0.615541,-0.052415,0.605282,0.56063,-0.05792,0.584004,0.57561,-0.050226,0.575627,0.594116,-0.044432
Q,0.599414,0.609501,0,0.595692,0.553919,-0.020881,0.588104,0.501877,-0.043865,0.564149,0.473353,-0.066291,0.544577,0.450093,-0.086728,0.677346,0.495937,-0.040013,0.624543,0.462282,-0.065114,0.587288,0.445452,-0.082168,0.560024,0.434068,-0.092106,0.684418,0.53834,-0.043355,0.601666,0.511448,-0.060556,0.580166,0.530135,-0.066565,0.576901,0.549956,-0.072162,0.675746,0.582277,-0.04818,0.597302,0.555174,-0.057542,0.579838,0.564142,-0.050383,0.584064,0.575375,-0.047342,0.659645,0.623418,-0.056786,0.603191,0.601851,-0.061598,0.588718,0.601287,-0.054301,0.593826,0.60662,-0.048471
Q,0.608772,0.567563,0,0.598912,0.515723,-0.030067,0.580388,0.471159,-0.056834,0.547377,0.458401,-0.080425,0.515766,0.463747,-0.102267,0.658283,0.474591,-0.05462,0.595395,0.473497,-0.078281,0.556423,0.481798,-0.091689,0.535125,0.486793,-0.099653,0.667697,0.528135,-0.052616,0.58331,0.520329,-0.06891,0.565056,0.527045,-0.073392,0.568559,0.529362,-0.078966,0.664207,0.57864,-0.051818,0.583967,0.564665,-0.064436,0.570189,0.562511,-0.060469,0.577387,0.557995,-0.059394,0.654793,0.62051,-0.054663,0.596295,0.609625,-0.062475,0.581422,0.602428,-0.057595,0.584028,0.596541,-0.053753
Q,0.621543,0.577281,0,0.601788,0.526532,-0.033744,0.571149,0.481142,-0.063246,0.523641,0.461317,-0.087846,0.484628,0.460354,-0.111279,0.640707,0.47787,-0.072914,0.552705,0.483329,-0.098685,0.508352,0.491696,-0.113765,0.485026,0.494244,-0.122918,0.654445,0.53535,-0.069106,0.55128,0.534526,-0.082756,0.546618,0.537051,-0.083763,0.557039,0.536312,-0.088307,0.653726,0.591813,-0.065351,0.557329,0.580968,-0.073821,0.557393,0.574461,-0.06174,0.571089,0.568467,-0.055905,0.64516,0.637407,-0.066135,0.572416,0.631153,-0.074547,0.570028,0.622459,-0.065972,0.580087,0.614726,-0.058714
Q,0.628115,0.568908,0,0.598679,0.519444,-0.038448,0.556427,0.486236,-0.073772,0.505399,0.484773,-0.10309,0.466123,0.493955,-0.131873,0.625423,0.475373,-0.089255,0.539778,0.483924,-0.118038,0.502503,0.494273,-0.133895,0.482888,0.496427,-0.142851,0.641245,0.53112,-0.083682,0.533853,0.539378,-0.100452,0.532502,0.545665,-0.09988,0.543608,0.547896,-0.102295,0.642643,0.587838,-0.077408,0.540054,0.582713,-0.086198,0.544377,0.580353,-0.069722,0.559665,0.579276,-0.060283,0.633784,0.631347,-0.076115,0.556455,0.625579,-0.084973,0.558302,0.617107,-0.073727,0.572833,0.613567,-0.063533
Q,0.642281,0.549633,0,0.610168,0.502544,-0.037028,0.563707,0.473012,-0.072162,0.507585,0.471621,-0.101786,0.464575,0.476944,-0.131866,0.625289,0.472015,-0.089933,0.540608,0.47951,-0.119645,0.498988,0.484898,-0.137199,0.475061,0.485621,-0.1475,0.639627,0.527666,-0.085957,0.531765,0.535167,-0.099971,0.530095,0.539163,-0.097969,0.543451,0.539623,-0.10072,0.640572,0.582933,-0.081439,0.5371,0.579791,-0.087295,0.541562,0.575185,-0.068465,0.558219,0.572651,-0.05884,0.631668,0.624543,-0.082098,0.552475,0.624068,-0.088565,0.55357,0.616341,-0.074766,0.566871,0.612432,-0.063906
Q,0.654809,0.537288,0,0.618912,0.488239,-0.029935,0.575834,0.459016,-0.059711,0.516364,0.453455,-0.085574,0.471827,0.453487,-0.113617,0.625873,0.470372,-0.07822,0.540802,0.461139,-0.107502,0.500402,0.455593,-0.12788,0.48006,0.451551,-0.140662,0.636833,0.522113,-0.076503,0.532431,0.522287,-0.089908,0.529466,0.531029,-0.090505,0.54393,0.535429,-0.096062,0.638198,0.573417,-0.074105,0.536237,0.570217,-0.079844,0.539786,0.574701,-0.064314,0.55917,0.575612,-0.057796,0.631313,0.614411,-0.075967,0.555434,0.617311,-0.079731,0.553679,0.615957,-0.065149,0.565847,0.617737,-0.05535
Q,0.649608,0.531844,0,0.614015,0.484436,-0.034377,0.569508,0.458846,-0.067935,0.51434,0.460238,-0.096856,0.472503,0.47018,-0.127083,0.623731,0.468083,-0.087078,0.538544,0.454286,-0.118057,0.503806,0.454786,-0.137087,0.487746,0.456868,-0.148555,0.634592,0.51924,-0.084933,0.528581,0.514816,-0.10119,0.528486,0.523753,-0.101967,0.544689,0.528985,-0.107164,0.634454,0.5704,-0.082263,0.532138,0.562086,-0.091394,0.538679,0.566081,-0.077367,0.559094,0.568363,-0.071298,0.626626,0.61086,-0.084125,0.54996,0.60907,-0.091514,0.55116,0.608395,-0.079691,0.565854,0.610155,-0.071338
R,0.317069,0.448699,0,0.358233,0.401771,-0.029011,0.413342,0.386892,-0.041844,0.453137,0.416704,-0.055103,0.490706,0.451996,-0.066466,0.484256,0.421692,-0.013739,0.543744,0.427905,-0.036563,0.582455,0.433522,-0.052087,0.617073,0.443304,-0.062774,0.47794,0.467682,-0.016725,0.554288,0.461104,-0.042707,0.597553,0.452866,-0.056333,0.634182,0.450464,-0.062622,0.456652,0.509447,-0.024472,0.495616,0.507423,-0.065424,0.447522,0.477582,-0.067561,0.412054,0.459798,-0.058274,0.424874,0.547235,-0.034844,0.449087,0.535582,-0.067854,0.419054,0.501601,-0.066992,0.393692,0.479841,-0.059194
R,0.320014,0.450914,0,0.361114,0.404727,-0.028294,0.415639,0.390462,-0.040959,0.454914,0.420332,-0.05427,0.491836,0.456456,-0.065827,0.48641,0.425604,-0.012848,0.545756,0.433609,-0.035124,0.584478,0.440036,-0.050384,0.618929,0.450631,-0.060979,0.47933,0.471646,-0.01576,0.555407,0.466165,-0.041192,0.598757,0.458336,-0.054772,0.635281,0.456079,-0.061251,0.458083,0.512901,-0.0234,0.498469,0.510614,-0.063689,0.450893,0.479634,-0.066232,0.415469,0.46097,-0.057499,0.427041,0.550578,-0.033578,0.452048,0.538666,-0.06643,0.422639,0.503351,-0.066129,0.397552,0.480146,-0.058856
R,0.321784,0.453516,0,0.361725,0.406464,-0.028407,0.416918,0.393063,-0.040295,0.456267,0.423627,-0.052533,0.49423,0.458095,-0.063008,0.486829,0.428134,-0.012862,0.545738,0.43596,-0.034416,0.58433,0.442754,-0.0491,0.618736,0.453399,-0.059316,0.48004,0.473916,-0.015345,0.555334,0.468176,-0.040223,0.598399,0.460504,-0.053481,0.634316,0.458142,-0.059661,0.459032,0.514903,-0.02252,0.497508,0.512799,-0.062344,0.450131,0.48258,-0.065283,0.414959,0.464751,-0.056847,0.428427,0.552551,-0.032197,0.452333,0.541636,-0.064829,0.422774,0.506645,-0.064823,0.397662,0.484233,-0.057796
R,0.318124,0.454829,0,0.359994,0.408761,-0.031135,0.41297,0.393725,-0.045238,0.452775,0.423949,-0.059066,0.489392,0.461456,-0.070787,0.484406,0.428644,-0.016726,0.543575,0.437429,-0.039525,0.581512,0.443809,-0.055023,0.615681,0.454686,-0.065531,0.478083,0.474247,-0.017806,0.552499,0.468888,-0.042617,0.595791,0.461882,-0.055541,0.632244,0.458623,-0.061677,0.457092,0.515828,-0.023727,0.492304,0.515508,-0.063215,0.44611,0.487989,-0.066246,0.411586,0.469334,-0.057974,0.426561,0.553217,-0.032459,0.449018,0.543024,-0.064602,0.420595,0.508986,-0.064497,0.395867,0.484437,-0.057424
R,0.320828,0.456456,0,0.362037,0.40979,-0.032492,0.414451,0.395727,-0.047195,0.453363,0.425918,-0.061385,0.489258,0.463539,-0.073429,0.484779,0.430954,-0.01824,0.54295,0.440432,-0.041733,0.580523,0.446954,-0.057783,0.614184,0.458301,-0.068759,0.478643,0.476508,-0.018798,0.551813,0.470677,-0.044486,0.594751,0.463635,-0.05798,0.631072,0.46087,-0.064559,0.457838,0.518053,-0.024319,0.493362,0.518294,-0.064684,0.447044,0.48987,-0.067811,0.412587,0.471045,-0.05953,0.427361,0.555588,-0.032754,0.450241,0.546091,-0.065832,0.421536,0.511722,-0.06616,0.396608,0.487758,-0.059311
R,0.321616,0.459499,0,0.363518,0.413952,-0.030211,0.415661,0.401629,-0.043635,0.453463,0.434903,-0.056929,0.489499,0.471477,-0.067966,0.486446,0.437078,-0.015507,0.544273,0.448364,-0.037525,0.582181,0.455339,-0.052498,0.616139,0.466285,-0.062793,0.480327,0.482688,-0.017008,0.552665,0.477829,-0.041858,0.595669,0.470832,-0.055042,0.63189,0.468025,-0.061412,0.459442,0.524016,-0.023252,0.49413,0.526973,-0.062177,0.449308,0.4986,-0.064914,0.415913,0.479549,-0.056619,0.428639,0.561365,-0.032254,0.451228,0.553625,-0.063374,0.424249,0.520013,-0.062974,0.400672,0.496458,-0.055906
R,0.318058,0.464281,0,0.360118,0.418175,-0.030632,0.412139,0.40747,-0.043712,0.450042,0.442091,-0.056581,0.485423,0.479149,-0.067206,0.482608,0.443585,-0.014605,0.541051,0.45598,-0.036006,0.578646,0.463281,-0.051098,0.612536,0.475156,-0.061766,0.475977,0.488367,-0.015746,0.548439,0.483852,-0.039715,0.590943,0.477256,-0.053106,0.62672,0.474898,-0.060081,0.454698,0.528962,-0.021708,0.490792,0.534653,-0.060725,0.445891,0.506112,-0.064219,0.412035,0.486252,-0.0567,0.423673,0.565689,-0.030448,0.445886,0.560423,-0.063011,0.418247,0.525115,-0.063732,0.394107,0.499511,-0.057477
R,0.316257,0.470067,0,0.358768,0.427375,-0.029453,0.409087,0.417781,-0.042059,0.445189,0.452279,-0.054498,0.479322,0.487973,-0.064699,0.474932,0.449478,-0.01444,0.53045,0.463456,-0.036159,0.566148,0.472141,-0.051593,0.598788,0.484291,-0.062241,0.467924,0.492738,-0.015531,0.53703,0.49016,-0.039768,0.578533,0.483365,-0.052855,0.614125,0.480309,-0.059447,0.447424,0.532602,-0.021342,0.482963,0.540076,-0.05975,0.43951,0.512594,-0.062232,0.407731,0.493482,-0.053951,0.417213,0.568678,-0.029845,0.440209,0.566514,-0.06112,0.413654,0.53288,-0.060813,0.391023,0.508656,-0.053837
R,0.314763,0.472027,0,0.356409,0.426276,-0.029191,0.407637,0.418796,-0.041191,0.443999,0.456219,-0.052869,0.478055,0.492404,-0.062188,0.471821,0.450954,-0.014213,0.526632,0.466984,-0.035647,0.562365,0.47656,-0.050421,0.59529,0.488604,-0.060882,0.465492,0.495292,-0.015501,0.53517,0.492566,-0.040874,0.576289,0.487609,-0.054737,0.612463,0.487381,-0.061641,0.445438,0.535056,-0.021347,0.480901,0.544913,-0.060973,0.436632,0.516413,-0.063338,0.405345,0.496267,-0.054645,0.41514,0.571819,-0.029763,0.436514,0.56887,-0.062515,0.409353,0.534655,-0.062829,0.387477,0.509328,-0.055923
R,0.310787,0.479909,0,0.353391,0.433371,-0.029904,0.405255,0.424669,-0.042157,0.442412,0.462501,-0.054019,0.47662,0.499708,-0.063548,0.469874,0.458158,-0.014286,0.525117,0.473884,-0.036062,0.561845,0.484002,-0.051103,0.5954,0.496408,-0.061732,0.463365,0.502906,-0.015396,0.533198,0.500843,-0.041045,0.575115,0.495941,-0.05504,0.611804,0.495461,-0.06199,0.442876,0.542433,-0.021218,0.477532,0.551536,-0.060873,0.43345,0.522556,-0.063245,0.402451,0.502392,-0.054477,0.412127,0.57864,-0.029725,0.434154,0.575085,-0.062284,0.407449,0.540538,-0.06255,0.386148,0.514993,-0.055653
R,0.288443,0.48157,0,0.331771,0.436423,-0.031286,0.385758,0.424596,-0.043982,0.423242,0.46179,-0.056765,0.45904,0.500646,-0.067398,0.454892,0.461005,-0.013271,0.514693,0.474548,-0.035546,0.553027,0.484782,-0.051575,0.588418,0.498705,-0.06269,0.447526,0.506786,-0.014744,0.521662,0.506276,-0.040885,0.568183,0.501011,-0.055975,0.608722,0.499425,-0.063543,0.425683,0.547622,-0.021301,0.462011,0.556125,-0.063244,0.4142,0.525208,-0.066919,0.380153,0.503832,-0.0581,0.393471,0.58415,-0.030603,0.419639,0.585141,-0.064397,0.390859,0.549628,-0.063961,0.367012,0.523062,-0.056206
R,0.255327,0.482394,0,0.30067,0.431134,-0.037355,0.357401,0.417433,-0.053093,0.396393,0.456707,-0.068137,0.434413,0.498702,-0.08049,0.432775,0.459572,-0.018865,0.49582,0.472026,-0.045789,0.535923,0.482942,-0.064831,0.572931,0.498715,-0.07793,0.425671,0.510237,-0.019894,0.508377,0.50728,-0.051634,0.55882,0.500313,-0.069471,0.60145,0.498165,-0.078207,0.402215,0.554705,-0.026783,0.439152,0.56396,-0.075211,0.388368,0.529022,-0.08,0.352316,0.505343,-0.070521,0.367441,0.595889,-0.036968,0.390261,0.593542,-0.076179,0.359498,0.552014,-0.077386,0.335819,0.521644,-0.069923
R,0.246341,0.473573,0,0.29154,0.421365,-0.03772,0.349727,0.404734,-0.05445,0.391358,0.441595,-0.070845,0.432532,0.483659,-0.084204,0.432607,0.45025,-0.019052,0.502108,0.463428,-0.0468,0.544731,0.474207,-0.065871,0.583677,0.488619,-0.078909,0.423545,0.502957,-0.020934,0.510235,0.500189,-0.054279,0.560758,0.491718,-0.072154,0.603883,0.488397,-0.080259,0.398066,0.549718,-0.028723,0.43691,0.555035,-0.078673,0.382195,0.517363,-0.08143,0.344629,0.493446,-0.070002,0.361512,0.592711,-0.039921,0.382205,0.584022,-0.079644,0.349394,0.541605,-0.079125,0.324677,0.512733,-0.069936
R,0.24154,0.472481,0,0.286803,0.419293,-0.041536,0.345328,0.403494,-0.060979,0.386464,0.441471,-0.07953,0.427575,0.486514,-0.094905,0.425652,0.450018,-0.02523,0.493691,0.463217,-0.05692,0.535704,0.475079,-0.078553,0.574515,0.492504,-0.093256,0.417133,0.504003,-0.026378,0.503961,0.501073,-0.064332,0.558433,0.493327,-0.085398,0.605506,0.492115,-0.095556,0.392122,0.551425,-0.033572,0.430977,0.557046,-0.087788,0.375212,0.516914,-0.091656,0.33685,0.492656,-0.080144,0.355737,0.595309,-0.044388,0.377836,0.586689,-0.087575,0.343614,0.542586,-0.088102,0.318113,0.513365,-0.079072
R,0.238616,0.480982,0,0.286057,0.425369,-0.040623,0.346274,0.410545,-0.057761,0.38777,0.450746,-0.074051,0.429503,0.49651,-0.087389,0.426101,0.458116,-0.019978,0.494863,0.472034,-0.048371,0.538289,0.483775,-0.068307,0.577832,0.500582,-0.082184,0.417332,0.512834,-0.020962,0.505778,0.512642,-0.055398,0.560358,0.506168,-0.075218,0.606671,0.504666,-0.084963,0.39166,0.559685,-0.028211,0.43144,0.568837,-0.080346,0.375687,0.528314,-0.085269,0.336788,0.502636,-0.074988,0.354606,0.603443,-0.03899,0.377151,0.598511,-0.081422,0.343176,0.552399,-0.082778,0.317808,0.520548,-0.07475
R,0.239714,0.481242,0,0.28677,0.426747,-0.041309,0.347599,0.41155,-0.058364,0.389086,0.450811,-0.074356,0.432537,0.496381,-0.087578,0.429672,0.459571,-0.019103,0.498994,0.473124,-0.045828,0.542015,0.483851,-0.064362,0.58086,0.500495,-0.077235,0.420505,0.514544,-0.019521,0.511625,0.515005,-0.051055,0.565029,0.508406,-0.068515,0.609156,0.507318,-0.076609,0.393946,0.561428,-0.026495,0.434944,0.569486,-0.07712,0.378363,0.528638,-0.081738,0.33858,0.503346,-0.071407,0.355906,0.605081,-0.037013,0.380007,0.59945,-0.078921,0.345258,0.552867,-0.079945,0.318596,0.520966,-0.071781
R,0.242014,0.47848,0,0.288734,0.425032,-0.039462,0.348415,0.408775,-0.056083,0.389707,0.447031,-0.072129,0.430805,0.492671,-0.085173,0.432097,0.455629,-0.017635,0.50077,0.470674,-0.044599,0.54311,0.482295,-0.063664,0.58162,0.499491,-0.076958,0.422785,0.510352,-0.018777,0.512273,0.508755,-0.051111,0.564419,0.50186,-0.069349,0.607757,0.501017,-0.078064,0.396602,0.558597,-0.026213,0.437424,0.566853,-0.076796,0.380948,0.526557,-0.08094,0.341392,0.5012,-0.070353,0.359153,0.603643,-0.037095,0.382568,0.597028,-0.078225,0.348037,0.551748,-0.078633,0.321625,0.521438,-0.070066
R,0.308663,0.455722,0,0.330867,0.524378,-0.01969,0.38159,0.562745,-0.029231,0.423639,0.548194,-0.040391,0.459023,0.52243,-0.050216,0.459261,0.539188,-0.009853,0.517435,0.549864,-0.028062,0.557857,0.550589,-0.041937,0.593282,0.551929,-0.052007,0.463592,0.495037,-0.01858,0.537334,0.518783,-0.038182,0.579523,0.546531,-0.050981,0.614564,0.565663,-0.058301,0.452765,0.449267,-0.030911,0.502481,0.472871,-0.067041,0.452998,0.490671,-0.070929,0.413005,0.494602,-0.063687,0.429679,0.405698,-0.044854,0.455632,0.438229,-0.076968,0.419832,0.45778,-0.077478,0.389706,0.462093,-0.071195
R,0.305469,0.463171,0,0.328407,0.527504,-0.02221,0.378483,0.56238,-0.033788,0.421493,0.546756,-0.046569,0.457054,0.520915,-0.057833,0.456946,0.535017,-0.014756,0.516308,0.54667,-0.03488,0.557095,0.548422,-0.048806,0.592346,0.550229,-0.058135,0.459739,0.48999,-0.022307,0.533609,0.511766,-0.04401,0.577186,0.537245,-0.056917,0.614231,0.556278,-0.063529,0.447619,0.445176,-0.033344,0.497017,0.469599,-0.07132,0.449921,0.487203,-0.074542,0.410776,0.490298,-0.065776,0.423093,0.403054,-0.046042,0.450651,0.438484,-0.079107,0.416309,0.460061,-0.07884,0.385518,0.464262,-0.070966
R,0.306041,0.457993,0,0.330224,0.523584,-0.020416,0.380045,0.558496,-0.031033,0.422853,0.54316,-0.043301,0.457472,0.514978,-0.054273,0.456539,0.528654,-0.012068,0.515255,0.538184,-0.031666,0.55552,0.538981,-0.045744,0.590742,0.540205,-0.055402,0.459449,0.485285,-0.02051,0.533656,0.507222,-0.042205,0.577534,0.532037,-0.055536,0.614484,0.549497,-0.062375,0.447367,0.441101,-0.032327,0.497889,0.46414,-0.070292,0.450797,0.480317,-0.073399,0.411673,0.482485,-0.064428,0.422826,0.398898,-0.045645,0.451926,0.433326,-0.078394,0.41792,0.454324,-0.077611,0.386975,0.458283,-0.06937
R,0.306753,0.461048,0,0.330752,0.524316,-0.021762,0.380914,0.558076,-0.033247,0.423845,0.542325,-0.045889,0.458527,0.515617,-0.057103,0.457203,0.529863,-0.015152,0.516308,0.539782,-0.035612,0.556749,0.540697,-0.049885,0.592445,0.541438,-0.059463,0.459502,0.486069,-0.022719,0.534144,0.507981,-0.0449,0.57727,0.532805,-0.057775,0.613777,0.550061,-0.064167,0.447038,0.441613,-0.033615,0.496631,0.466749,-0.071434,0.450233,0.483073,-0.073963,0.412088,0.484721,-0.064701,0.42253,0.399669,-0.046118,0.451054,0.434992,-0.078491,0.417322,0.455586,-0.07725,0.387184,0.458756,-0.068738
R,0.302948,0.457387,0,0.328506,0.522472,-0.020688,0.37915,0.556556,-0.031361,0.421774,0.539925,-0.043479,0.455964,0.511644,-0.054236,0.455896,0.525227,-0.011898,0.514169,0.533461,-0.030634,0.554037,0.533537,-0.044162,0.589358,0.532999,-0.053553,0.457804,0.482155,-0.019752,0.532135,0.503913,-0.039942,0.574894,0.52834,-0.051884,0.611301,0.544325,-0.057986,0.444836,0.438128,-0.031085,0.495509,0.461747,-0.067415,0.44852,0.47895,-0.069741,0.409985,0.481087,-0.060701,0.419787,0.39644,-0.04402,0.450121,0.430916,-0.075589,0.416225,0.452068,-0.074413,0.385527,0.456,-0.066266
R,0.300474,0.462786,0,0.325791,0.5268,-0.019704,0.377371,0.561696,-0.029474,0.420136,0.546267,-0.040769,0.454315,0.518666,-0.050687,0.453439,0.532324,-0.010413,0.511307,0.541772,-0.028752,0.550738,0.541974,-0.042208,0.585743,0.541873,-0.051494,0.455545,0.489035,-0.018473,0.530393,0.510069,-0.038291,0.573316,0.534584,-0.05044,0.60968,0.55088,-0.056765,0.442796,0.444872,-0.029881,0.492799,0.470374,-0.065606,0.446554,0.487717,-0.06829,0.408923,0.488937,-0.059751,0.417907,0.403288,-0.042805,0.446645,0.439718,-0.073675,0.413071,0.459776,-0.072399,0.383563,0.461803,-0.064391
R,0.303108,0.464577,0,0.327204,0.529296,-0.020061,0.377698,0.565627,-0.030007,0.41985,0.549419,-0.041494,0.453657,0.521358,-0.05173,0.455779,0.534664,-0.011883,0.515621,0.543644,-0.030542,0.556226,0.544029,-0.043922,0.591016,0.54613,-0.053092,0.45807,0.490002,-0.020368,0.533181,0.50965,-0.041014,0.576481,0.534961,-0.053964,0.612247,0.554205,-0.060563,0.445289,0.445936,-0.032069,0.493895,0.473187,-0.06948,0.446229,0.489698,-0.072738,0.40737,0.491681,-0.063929,0.419795,0.404396,-0.045194,0.4482,0.441857,-0.077723,0.413839,0.462329,-0.076718,0.383441,0.464967,-0.068286
R,0.304723,0.467298,0,0.327735,0.5314,-0.02024,0.378241,0.566829,-0.029978,0.420697,0.549751,-0.041334,0.455098,0.522586,-0.051369,0.455148,0.535902,-0.010386,0.514796,0.545398,-0.028404,0.555569,0.546088,-0.041084,0.590171,0.548112,-0.049713,0.45823,0.491232,-0.018936,0.533766,0.510661,-0.039346,0.57701,0.536127,-0.052162,0.612914,0.555324,-0.058256,0.445954,0.447933,-0.030814,0.494399,0.47418,-0.069166,0.446027,0.490897,-0.072882,0.407543,0.493413,-0.063734,0.420566,0.407033,-0.044034,0.448954,0.444,-0.077622,0.413808,0.464742,-0.076969,0.383459,0.467645,-0.068344
R,0.30663,0.464006,0,0.329988,0.528262,-0.021456,0.380563,0.563831,-0.031883,0.423509,0.54789,-0.043628,0.458548,0.52097,-0.05393,0.457455,0.534297,-0.011981,0.516894,0.544095,-0.03074,0.557277,0.54446,-0.043999,0.591508,0.54637,-0.052988,0.460328,0.489296,-0.019818,0.534956,0.507926,-0.040854,0.578015,0.532723,-0.053902,0.613594,0.551764,-0.06028,0.448261,0.445265,-0.031111,0.495771,0.472031,-0.069496,0.447769,0.488844,-0.07327,0.409401,0.491422,-0.064451,0.423598,0.404337,-0.043901,0.44998,0.441707,-0.07765,0.414957,0.46269,-0.077547,0.384786,0.466054,-0.069472
R,0.305716,0.462164,0,0.329433,0.526386,-0.021313,0.37986,0.561674,-0.031923,0.422996,0.544648,-0.043763,0.457751,0.518085,-0.054194,0.456945,0.53218,-0.012886,0.5158,0.541736,-0.031757,0.556249,0.542082,-0.045204,0.591013,0.543318,-0.054374,0.459503,0.487348,-0.020452,0.534442,0.506602,-0.040962,0.577052,0.531005,-0.053492,0.612559,0.549173,-0.059853,0.447145,0.443015,-0.031362,0.495609,0.470164,-0.068376,0.448976,0.486593,-0.071368,0.411289,0.487908,-0.06258,0.422359,0.401692,-0.043814,0.450786,0.439485,-0.076114,0.416563,0.459644,-0.075177,0.386581,0.461646,-0.066918
R,0.304022,0.45839,0,0.328565,0.524055,-0.020003,0.379584,0.560235,-0.029666,0.421969,0.546156,-0.0408,0.457052,0.521811,-0.050486,0.457515,0.533024,-0.010495,0.515628,0.542338,-0.028493,0.55555,0.542623,-0.042129,0.590681,0.543917,-0.051876,0.46004,0.489175,-0.01851,0.534875,0.508489,-0.038394,0.577189,0.534262,-0.051333,0.612274,0.552405,-0.058497,0.447366,0.444424,-0.029841,0.496081,0.470567,-0.065583,0.448464,0.488162,-0.068653,0.410535,0.490328,-0.060644,0.422501,0.40322,-0.042733,0.450559,0.439546,-0.073854,0.41605,0.459522,-0.073094,0.386489,0.462207,-0.065631
R,0.302677,0.455657,0,0.327625,0.521591,-0.020019,0.377749,0.557795,-0.029356,0.419335,0.542936,-0.040307,0.45392,0.518329,-0.049868,0.456784,0.530546,-0.009354,0.513945,0.53926,-0.027089,0.553568,0.538543,-0.040455,0.588451,0.538595,-0.049831,0.459957,0.48672,-0.0174,0.534969,0.506262,-0.036559,0.578121,0.531129,-0.048587,0.61348,0.548138,-0.054843,0.447318,0.441858,-0.029018,0.495895,0.465527,-0.064885,0.447089,0.482815,-0.068213,0.407805,0.485536,-0.059937,0.422297,0.399793,-0.042189,0.450565,0.433854,-0.073556,0.415812,0.453892,-0.073124,0.385781,0.457958,-0.065661
R,0.307844,0.455121,0,0.332344,0.520407,-0.020425,0.382776,0.553324,-0.031434,0.425833,0.534188,-0.043737,0.460556,0.510422,-0.054623,0.460515,0.525109,-0.014346,0.517609,0.534466,-0.035469,0.556271,0.533494,-0.05091,0.592415,0.531807,-0.06159,0.463319,0.481002,-0.02242,0.535886,0.502454,-0.044886,0.577974,0.525535,-0.058744,0.616149,0.540328,-0.066327,0.450917,0.436184,-0.033738,0.498005,0.460743,-0.070913,0.450192,0.478522,-0.073807,0.412864,0.480957,-0.065443,0.426001,0.39464,-0.046613,0.452973,0.430055,-0.077809,0.419476,0.45034,-0.076628,0.391319,0.453987,-0.06882
R,0.312542,0.449117,0,0.338279,0.514527,-0.019167,0.389723,0.550008,-0.02855,0.432868,0.533183,-0.039432,0.46822,0.508554,-0.048868,0.466193,0.520929,-0.010049,0.524234,0.528881,-0.028116,0.563173,0.527185,-0.041958,0.59885,0.525267,-0.051893,0.468838,0.47844,-0.017642,0.541566,0.499407,-0.036638,0.58233,0.5241,-0.048833,0.617862,0.539378,-0.05588,0.456498,0.434793,-0.028591,0.50512,0.457743,-0.062539,0.457765,0.475478,-0.065203,0.420424,0.477667,-0.057624,0.431913,0.39433,-0.041114,0.460251,0.428235,-0.070317,0.426762,0.447216,-0.069251,0.398378,0.450019,-0.062243
R,0.313506,0.451425,0,0.338595,0.516918,-0.020342,0.389069,0.553234,-0.030206,0.432313,0.5382,-0.041352,0.467834,0.513204,-0.051176,0.46572,0.524671,-0.010951,0.523722,0.534382,-0.029007,0.563159,0.533825,-0.042604,0.598804,0.533858,-0.05226,0.468698,0.48198,-0.018136,0.541707,0.503089,-0.03762,0.583442,0.527988,-0.0501,0.619213,0.544457,-0.057041,0.456677,0.438123,-0.028733,0.505211,0.462084,-0.064253,0.458219,0.480533,-0.068177,0.420268,0.483581,-0.060858,0.43286,0.39716,-0.040812,0.461068,0.431858,-0.071844,0.426989,0.451464,-0.07181,0.397265,0.454684,-0.065017
R,0.315439,0.455275,0,0.338635,0.519402,-0.021119,0.389306,0.555539,-0.031136,0.432825,0.539383,-0.042181,0.468241,0.515481,-0.051822,0.464339,0.529345,-0.012185,0.522132,0.538991,-0.030761,0.561798,0.539007,-0.044297,0.597487,0.538691,-0.053797,0.468262,0.487234,-0.019073,0.541007,0.510126,-0.039084,0.583472,0.535288,-0.051374,0.619243,0.551297,-0.057877,0.456995,0.443385,-0.02945,0.505774,0.466085,-0.065451,0.458212,0.484045,-0.069178,0.419264,0.487887,-0.061419,0.433984,0.402149,-0.041377,0.461289,0.433804,-0.073228,0.42699,0.453259,-0.073555,0.397279,0.457649,-0.066732
R,0.311542,0.452446,0,0.337296,0.521167,-0.016576,0.390053,0.557752,-0.025068,0.433158,0.543823,-0.035789,0.469153,0.520387,-0.04533,0.465515,0.535444,-0.006102,0.522644,0.543284,-0.023772,0.560732,0.541019,-0.037872,0.595632,0.539448,-0.048268,0.469189,0.492366,-0.015572,0.541766,0.513193,-0.034652,0.583396,0.537591,-0.047823,0.619859,0.553394,-0.055849,0.457476,0.447743,-0.028383,0.506411,0.471474,-0.063086,0.457039,0.48873,-0.066897,0.417866,0.492534,-0.060269,0.433127,0.40678,-0.042557,0.459394,0.437817,-0.072977,0.424546,0.455387,-0.073104,0.395403,0.458956,-0.067122
R,0.313452,0.455437,0,0.337419,0.524479,-0.018735,0.388043,0.560619,-0.028311,0.430733,0.547512,-0.039648,0.466385,0.525964,-0.049854,0.463866,0.536483,-0.009729,0.521627,0.546575,-0.027568,0.561166,0.546511,-0.041335,0.596538,0.547407,-0.051292,0.467787,0.493599,-0.017989,0.540466,0.51549,-0.03735,0.582554,0.541769,-0.050477,0.618089,0.559433,-0.058169,0.456523,0.449031,-0.029504,0.503587,0.473248,-0.064452,0.455491,0.491346,-0.068786,0.416684,0.495037,-0.062151,0.433114,0.407726,-0.042409,0.46113,0.440534,-0.072904,0.426359,0.45951,-0.072944,0.396136,0.463239,-0.066532
R,0.312199,0.450478,0,0.336555,0.517922,-0.018329,0.388336,0.55564,-0.027299,0.431589,0.543011,-0.0381,0.467258,0.519108,-0.047668,0.462185,0.530367,-0.008886,0.519525,0.54062,-0.026477,0.558328,0.540197,-0.039941,0.593138,0.540345,-0.049639,0.466486,0.487461,-0.017273,0.5391,0.510055,-0.036378,0.580556,0.536476,-0.048958,0.615635,0.554335,-0.056201,0.455758,0.443012,-0.028928,0.503547,0.468691,-0.063658,0.454478,0.484986,-0.066909,0.415687,0.487319,-0.059458,0.432528,0.402016,-0.042017,0.45991,0.436439,-0.072386,0.424633,0.454733,-0.071969,0.394714,0.457496,-0.065191
R,0.314237,0.465697,0,0.344143,0.530596,-0.016389,0.397795,0.562146,-0.024861,0.440907,0.545148,-0.035511,0.475902,0.520214,-0.044981,0.471483,0.531351,-0.006848,0.528219,0.536343,-0.024697,0.565501,0.53168,-0.038825,0.600204,0.526548,-0.049041,0.472599,0.489206,-0.015416,0.543246,0.505282,-0.034195,0.58476,0.524378,-0.047058,0.62152,0.534555,-0.055073,0.459074,0.446033,-0.027174,0.507709,0.46531,-0.060409,0.461384,0.488083,-0.064047,0.423344,0.49531,-0.057752,0.433634,0.406823,-0.040282,0.463284,0.437559,-0.068863,0.430695,0.459287,-0.068619,0.401237,0.465619,-0.062685
R,0.292139,0.530359,0,0.327855,0.591794,-0.016205,0.38355,0.615054,-0.025045,0.423933,0.586923,-0.036149,0.453198,0.549158,-0.046281,0.453784,0.56623,-0.006673,0.508617,0.55563,-0.023677,0.545094,0.540009,-0.037929,0.57799,0.526286,-0.048661,0.45006,0.522679,-0.016259,0.523183,0.520419,-0.033796,0.56655,0.531074,-0.046297,0.603619,0.534878,-0.054412,0.43175,0.483393,-0.029045,0.482333,0.493666,-0.061581,0.438215,0.525362,-0.065263,0.40123,0.539073,-0.059445,0.402026,0.45105,-0.043282,0.43378,0.477887,-0.071563,0.404189,0.506661,-0.071437,0.376695,0.518317,-0.066001
R,0.292333,0.532226,0,0.327403,0.590549,-0.015915,0.382526,0.611324,-0.02496,0.422714,0.581013,-0.036261,0.451758,0.544424,-0.046632,0.44787,0.563491,-0.008711,0.503288,0.552445,-0.026721,0.539663,0.537671,-0.040882,0.572372,0.523947,-0.051124,0.44458,0.521252,-0.018174,0.516977,0.521733,-0.037192,0.560063,0.533205,-0.050136,0.596037,0.537081,-0.057897,0.427188,0.482647,-0.03052,0.477644,0.489794,-0.063635,0.434481,0.518564,-0.066321,0.398327,0.531477,-0.059157,0.398266,0.450301,-0.044155,0.431767,0.473028,-0.07236,0.402196,0.501843,-0.070935,0.373991,0.514231,-0.063949
R,0.298008,0.512858,0,0.332858,0.575188,-0.014865,0.387368,0.598352,-0.022837,0.426301,0.57416,-0.033493,0.455143,0.53907,-0.043505,0.452712,0.557305,-0.004737,0.507624,0.547382,-0.021551,0.544756,0.534622,-0.035409,0.577958,0.523491,-0.0454,0.451251,0.516335,-0.014441,0.524596,0.522446,-0.030876,0.567998,0.53825,-0.041963,0.604177,0.54635,-0.048614,0.434993,0.477503,-0.027451,0.483877,0.486733,-0.058605,0.43971,0.513106,-0.061399,0.402569,0.524039,-0.054411,0.406847,0.442357,-0.041842,0.440979,0.464716,-0.068162,0.411018,0.490662,-0.066271,0.38174,0.500913,-0.059306
R,0.30116,0.505913,0,0.336169,0.569226,-0.01516,0.391815,0.5899,-0.024197,0.431855,0.560975,-0.035756,0.462059,0.527498,-0.046742,0.453481,0.550474,-0.007111,0.509327,0.540285,-0.024827,0.546827,0.526891,-0.038967,0.580592,0.514204,-0.049226,0.451481,0.508836,-0.017141,0.525941,0.515824,-0.034605,0.568599,0.529987,-0.045891,0.605699,0.534972,-0.052631,0.435477,0.470296,-0.030383,0.48675,0.480748,-0.062505,0.441949,0.507422,-0.064853,0.406069,0.517899,-0.05766,0.407674,0.436017,-0.04494,0.443218,0.458777,-0.072094,0.41279,0.485326,-0.070057,0.383968,0.495687,-0.063095
R,0.304518,0.504208,0,0.338845,0.570774,-0.012928,0.394608,0.592695,-0.020612,0.43517,0.564062,-0.031072,0.465156,0.529995,-0.041205,0.455634,0.555725,-0.004786,0.511033,0.546477,-0.021848,0.546223,0.533207,-0.03577,0.578276,0.521251,-0.045853,0.454299,0.51384,-0.015484,0.526583,0.518737,-0.032911,0.569327,0.530908,-0.045296,0.605924,0.534794,-0.05293,0.438707,0.474567,-0.029099,0.489001,0.481992,-0.060813,0.445219,0.509642,-0.065225,0.408696,0.52338,-0.059892,0.411487,0.439752,-0.043727,0.443583,0.459962,-0.071029,0.413901,0.486608,-0.070718,0.385163,0.499464,-0.06523
R,0.302175,0.508513,0,0.336889,0.572196,-0.014252,0.391278,0.594769,-0.02247,0.43046,0.568799,-0.033371,0.45962,0.534858,-0.043615,0.454682,0.555164,-0.005607,0.509661,0.545511,-0.022706,0.545952,0.532238,-0.036682,0.578313,0.520879,-0.046767,0.453143,0.513325,-0.015662,0.527284,0.517842,-0.032653,0.570413,0.532466,-0.044027,0.606181,0.539337,-0.050905,0.437053,0.474691,-0.028831,0.487764,0.485694,-0.059988,0.443355,0.512257,-0.062334,0.406147,0.523117,-0.055296,0.409146,0.440416,-0.043301,0.443616,0.463489,-0.069545,0.414068,0.488919,-0.067486,0.385191,0.498599,-0.060583
R,0.303218,0.505437,0,0.336668,0.57073,-0.013178,0.390545,0.595259,-0.020747,0.430484,0.570472,-0.031087,0.459597,0.537156,-0.041004,0.454592,0.556652,-0.005386,0.509602,0.549681,-0.0229,0.544531,0.538068,-0.037044,0.576427,0.526943,-0.047264,0.453076,0.514867,-0.016131,0.525715,0.520336,-0.034202,0.568342,0.533308,-0.046883,0.605249,0.537899,-0.054653,0.437153,0.47577,-0.029817,0.488066,0.484403,-0.062408,0.44411,0.512838,-0.06688,0.406978,0.526755,-0.061276,0.409952,0.440664,-0.04454,0.441678,0.46243,-0.072659,0.41256,0.488641,-0.072754,0.384428,0.500144,-0.067345
R,0.306571,0.515986,0,0.340712,0.57596,-0.014103,0.39427,0.598933,-0.022352,0.433259,0.575612,-0.03334,0.461694,0.541303,-0.043634,0.458218,0.557409,-0.005888,0.512787,0.548513,-0.023272,0.549629,0.5358,-0.037133,0.582104,0.523796,-0.046987,0.456395,0.516653,-0.015885,0.528209,0.523106,-0.03296,0.57107,0.538002,-0.044065,0.60699,0.545562,-0.050723,0.440221,0.478713,-0.02894,0.491063,0.488388,-0.059895,0.448099,0.514613,-0.061556,0.411086,0.525805,-0.054028,0.412271,0.444745,-0.043335,0.446543,0.468001,-0.069702,0.417251,0.494076,-0.067422,0.388404,0.50432,-0.060128
R,0.309265,0.512652,0,0.34336,0.573819,-0.014254,0.396742,0.595214,-0.022573,0.435018,0.569893,-0.033627,0.463855,0.536059,-0.044,0.458901,0.555477,-0.005463,0.514029,0.546476,-0.022183,0.55112,0.533911,-0.035294,0.583265,0.522883,-0.044538,0.457253,0.514439,-0.015444,0.530529,0.518659,-0.031899,0.573203,0.533789,-0.042305,0.608865,0.541718,-0.048224,0.441601,0.47679,-0.028588,0.492099,0.486612,-0.059418,0.448964,0.514077,-0.06109,0.412632,0.525281,-0.053382,0.414246,0.442927,-0.043075,0.449205,0.465987,-0.069318,0.419875,0.492172,-0.066924,0.39095,0.501626,-0.059516
R,0.309785,0.507139,0,0.343995,0.5695,-0.01417,0.397703,0.592607,-0.022162,0.43647,0.569288,-0.032899,0.464917,0.535008,-0.042985,0.461424,0.552834,-0.005038,0.516183,0.544244,-0.021822,0.552688,0.531744,-0.035432,0.58454,0.520641,-0.045181,0.45996,0.511511,-0.014946,0.533345,0.515798,-0.031295,0.576067,0.530829,-0.04213,0.611517,0.538722,-0.048662,0.44378,0.473352,-0.028023,0.494062,0.48334,-0.058488,0.450371,0.510184,-0.060686,0.41339,0.52137,-0.053639,0.415917,0.439322,-0.042453,0.449508,0.461838,-0.068377,0.420642,0.48718,-0.066511,0.392682,0.496491,-0.059784
R,0.307324,0.51094,0,0.34143,0.573061,-0.014868,0.39464,0.596174,-0.022952,0.433358,0.572503,-0.033675,0.461869,0.537526,-0.043676,0.458732,0.554719,-0.004826,0.513671,0.545468,-0.021282,0.550763,0.53276,-0.034481,0.582643,0.521887,-0.043904,0.457605,0.51358,-0.014413,0.531603,0.517714,-0.030352,0.574253,0.533576,-0.040641,0.608968,0.542541,-0.046582,0.441581,0.475758,-0.027316,0.491922,0.485157,-0.058191,0.447899,0.512101,-0.060341,0.410553,0.523359,-0.052876,0.413664,0.441961,-0.041609,0.447517,0.465202,-0.068247,0.417999,0.491115,-0.06651,0.389435,0.500633,-0.059535
R,0.307917,0.512278,0,0.34199,0.573959,-0.014757,0.394779,0.597185,-0.022937,0.433998,0.574674,-0.033735,0.463628,0.54119,-0.043692,0.459857,0.557025,-0.004569,0.513497,0.548228,-0.021118,0.549371,0.536006,-0.034615,0.580875,0.524923,-0.044242,0.458415,0.515866,-0.014189,0.531041,0.520951,-0.030196,0.573817,0.536363,-0.040619,0.609346,0.544395,-0.046787,0.44239,0.478273,-0.027162,0.491139,0.488669,-0.057452,0.447426,0.514764,-0.059341,0.410927,0.525633,-0.05206,0.414728,0.445191,-0.041597,0.446875,0.468017,-0.067245,0.417725,0.49152,-0.065155,0.390354,0.499918,-0.058298
R,0.307578,0.515015,0,0.340505,0.577763,-0.014524,0.39343,0.600813,-0.023081,0.433231,0.575767,-0.034434,0.462357,0.542693,-0.045073,0.458062,0.561144,-0.005131,0.512321,0.552679,-0.022829,0.548199,0.539616,-0.036913,0.579534,0.528455,-0.046734,0.456391,0.519143,-0.015314,0.528687,0.524114,-0.033232,0.57171,0.539109,-0.045341,0.60792,0.547693,-0.052355,0.440634,0.481269,-0.028673,0.491213,0.492482,-0.060994,0.448463,0.519135,-0.063944,0.412127,0.530517,-0.056849,0.413037,0.448054,-0.043307,0.447004,0.473147,-0.070721,0.417489,0.498948,-0.069176,0.388594,0.508424,-0.062129
S,0.406507,0.436477,0,0.436915,0.535941,-0.017171,0.484736,0.597476,-0.02764,0.54485,0.619004,-0.041274,0.594264,0.601088,-0.0521,0.55635,0.566709,0.001113,0.611378,0.595625,-0.029976,0.567888,0.585499,-0.050696,0.530638,0.569737,-0.059307,0.566271,0.522963,-0.00469,0.623645,0.553979,-0.036043,0.566619,0.545021,-0.049397,0.526829,0.526167,-0.051424,0.569392,0.474995,-0.015759,0.623843,0.509089,-0.04849,0.565344,0.506613,-0.047069,0.52293,0.487274,-0.036574,0.566453,0.419297,-0.028562,0.610307,0.458843,-0.052085,0.571809,0.472085,-0.048612,0.536042,0.461426,-0.039376
S,0.41558,0.47124,0,0.4409,0.560198,-0.015455,0.490387,0.620224,-0.023608,0.54777,0.641022,-0.034399,0.594443,0.623558,-0.042855,0.559138,0.587916,-0.000199,0.611017,0.617196,-0.029873,0.568942,0.609835,-0.048946,0.532502,0.592189,-0.056052,0.568319,0.545616,-0.005474,0.623548,0.578108,-0.034748,0.56828,0.570607,-0.046712,0.529631,0.551262,-0.047873,0.571319,0.499126,-0.015518,0.622463,0.534325,-0.046197,0.566168,0.531958,-0.044736,0.526244,0.512291,-0.034693,0.568758,0.445276,-0.026917,0.611668,0.484813,-0.049242,0.574142,0.498158,-0.045667,0.53964,0.487574,-0.036742
S,0.418492,0.48375,0,0.442861,0.567189,-0.016676,0.491334,0.62721,-0.026099,0.548321,0.646629,-0.037597,0.595532,0.627632,-0.046598,0.559608,0.591449,-0.001576,0.606598,0.625379,-0.032208,0.564134,0.615828,-0.051896,0.529616,0.593478,-0.059094,0.570362,0.549719,-0.006318,0.622347,0.586359,-0.035075,0.565909,0.577707,-0.046483,0.528728,0.555959,-0.047253,0.574666,0.504354,-0.015988,0.62507,0.542766,-0.046478,0.567371,0.540481,-0.044297,0.528617,0.520098,-0.033912,0.572777,0.452187,-0.026957,0.613741,0.492314,-0.049312,0.573991,0.505918,-0.044917,0.539857,0.495154,-0.035427
S,0.416967,0.479644,0,0.443324,0.565811,-0.016633,0.492128,0.625578,-0.025916,0.549661,0.643547,-0.037529,0.59629,0.622871,-0.046708,0.559617,0.590284,-0.001358,0.609119,0.623514,-0.032127,0.568073,0.615448,-0.052139,0.532829,0.595956,-0.059686,0.569875,0.547724,-0.006067,0.622845,0.583036,-0.035419,0.56707,0.57434,-0.047117,0.529079,0.554307,-0.048061,0.573714,0.501213,-0.015729,0.624841,0.539299,-0.046639,0.567794,0.537228,-0.04447,0.527659,0.517836,-0.033901,0.571521,0.447446,-0.026811,0.613607,0.488405,-0.049295,0.576043,0.50219,-0.04515,0.541991,0.492016,-0.03575
S,0.418152,0.456743,0,0.448035,0.547903,-0.016462,0.496707,0.606978,-0.026269,0.554428,0.623559,-0.038956,0.599366,0.596214,-0.049075,0.561927,0.572662,0.000896,0.611156,0.61024,-0.028313,0.570937,0.598027,-0.048347,0.537248,0.577537,-0.056603,0.57284,0.530154,-0.004267,0.626121,0.567127,-0.032634,0.572037,0.555424,-0.04505,0.533687,0.534497,-0.046754,0.577843,0.482714,-0.014315,0.629445,0.522831,-0.044364,0.572798,0.519666,-0.042919,0.530389,0.49938,-0.032996,0.577169,0.428125,-0.025915,0.618073,0.470654,-0.047526,0.581117,0.48436,-0.04344,0.545439,0.473481,-0.034241
S,0.42561,0.451758,0,0.449717,0.536229,-0.014968,0.494957,0.600229,-0.02289,0.554053,0.604225,-0.033038,0.594491,0.567715,-0.04179,0.559697,0.566341,0.00033,0.606979,0.600076,-0.027932,0.576062,0.590082,-0.047601,0.545185,0.572382,-0.055798,0.572543,0.519556,-0.00512,0.624976,0.552195,-0.033189,0.574214,0.543962,-0.046477,0.53478,0.526872,-0.048369,0.577075,0.470355,-0.014779,0.62482,0.50143,-0.044869,0.568261,0.496771,-0.044011,0.527961,0.479076,-0.034245,0.574605,0.414427,-0.025484,0.616155,0.44778,-0.046076,0.579126,0.459276,-0.04093,0.545004,0.452053,-0.031016
S,0.426227,0.438345,0,0.449911,0.51802,-0.014899,0.494853,0.577067,-0.022398,0.55113,0.577813,-0.031833,0.590037,0.54297,-0.039812,0.556519,0.54724,-0.000198,0.600106,0.579363,-0.026793,0.572595,0.566606,-0.045516,0.543397,0.547163,-0.053172,0.569446,0.500688,-0.004874,0.620696,0.531088,-0.030577,0.577636,0.523588,-0.04335,0.540564,0.507808,-0.045292,0.573636,0.451579,-0.01347,0.621216,0.478491,-0.042536,0.567739,0.475442,-0.042538,0.526906,0.460632,-0.033562,0.569713,0.396663,-0.022949,0.609607,0.425677,-0.043957,0.574395,0.436612,-0.039679,0.540704,0.431372,-0.030289
S,0.43323,0.399997,0,0.458851,0.477159,-0.015247,0.506625,0.532677,-0.022109,0.563461,0.524716,-0.030373,0.600798,0.488495,-0.036334,0.566922,0.507763,0.000141,0.612369,0.530728,-0.025256,0.57949,0.51671,-0.041491,0.551223,0.5064,-0.048101,0.578231,0.459361,-0.004156,0.629337,0.480615,-0.029674,0.58397,0.473829,-0.039985,0.550516,0.464529,-0.040382,0.580105,0.409235,-0.01252,0.626465,0.424552,-0.041152,0.571282,0.42507,-0.038628,0.533378,0.418579,-0.028325,0.57351,0.354265,-0.021849,0.612341,0.37372,-0.041647,0.575689,0.385058,-0.035883,0.544711,0.384721,-0.025729
S,0.422515,0.431494,0,0.449097,0.508155,-0.014304,0.494246,0.565489,-0.021415,0.549668,0.562481,-0.030388,0.587527,0.528654,-0.037524,0.554374,0.538485,0.001143,0.598942,0.565159,-0.025099,0.571096,0.552385,-0.043061,0.542403,0.536336,-0.050316,0.566675,0.490635,-0.00367,0.617247,0.514221,-0.029195,0.573458,0.507478,-0.040973,0.538841,0.495606,-0.042319,0.569705,0.441284,-0.012467,0.615478,0.46114,-0.041126,0.561922,0.459926,-0.039785,0.52353,0.450014,-0.030121,0.564382,0.386538,-0.022153,0.603411,0.410572,-0.042074,0.567889,0.421478,-0.036656,0.536125,0.419172,-0.026594
S,0.415603,0.435622,0,0.440944,0.515166,-0.015522,0.486211,0.573504,-0.023189,0.543126,0.571009,-0.032427,0.580843,0.536133,-0.039865,0.550239,0.548626,-0.000616,0.594566,0.573306,-0.026216,0.565259,0.562953,-0.043962,0.536456,0.550863,-0.051858,0.56248,0.500867,-0.005262,0.613504,0.523467,-0.030767,0.568645,0.517238,-0.042404,0.533545,0.504473,-0.044214,0.565054,0.451449,-0.013923,0.610848,0.469321,-0.042083,0.556511,0.469091,-0.040828,0.517691,0.459082,-0.031842,0.559259,0.396479,-0.02374,0.597718,0.418361,-0.043494,0.562055,0.429636,-0.038861,0.53081,0.427553,-0.029909
S,0.418341,0.435336,0,0.443996,0.512068,-0.016623,0.4895,0.569075,-0.024792,0.545696,0.566062,-0.034276,0.583696,0.532214,-0.041889,0.551482,0.542622,-0.001712,0.595887,0.568228,-0.027782,0.568135,0.559996,-0.045672,0.53919,0.547239,-0.053294,0.563444,0.495183,-0.005586,0.614096,0.518146,-0.031292,0.569399,0.513112,-0.042818,0.53412,0.501401,-0.044286,0.565736,0.446092,-0.013534,0.611667,0.46591,-0.042596,0.557817,0.465514,-0.041143,0.519164,0.455059,-0.031568,0.559826,0.39132,-0.022641,0.59724,0.415277,-0.043473,0.561664,0.426793,-0.038774,0.53045,0.423979,-0.029335
S,0.420925,0.44136,0,0.445143,0.514032,-0.014399,0.491442,0.570069,-0.02138,0.545695,0.566795,-0.030125,0.582509,0.532323,-0.037075,0.552015,0.544512,0.00053,0.593186,0.568793,-0.025648,0.564392,0.554089,-0.043621,0.535036,0.53742,-0.050832,0.564197,0.496429,-0.004115,0.61171,0.518616,-0.030215,0.567293,0.511107,-0.042205,0.530446,0.499144,-0.043404,0.56724,0.447316,-0.012719,0.611807,0.467905,-0.041193,0.558988,0.466439,-0.040494,0.519426,0.455433,-0.031206,0.561521,0.393566,-0.022251,0.5991,0.418482,-0.042262,0.564451,0.429622,-0.037817,0.531899,0.427212,-0.028411
S,0.417059,0.438331,0,0.442142,0.513125,-0.013865,0.488375,0.568724,-0.020893,0.542766,0.565891,-0.029613,0.578997,0.530103,-0.036111,0.547721,0.543649,-0.000539,0.592529,0.570162,-0.026782,0.561561,0.555699,-0.043688,0.53286,0.540068,-0.050065,0.55972,0.496717,-0.005346,0.609487,0.520539,-0.031309,0.562375,0.511387,-0.04146,0.527472,0.498641,-0.041257,0.562951,0.448504,-0.014035,0.608878,0.468841,-0.042622,0.553586,0.466349,-0.039905,0.515044,0.455813,-0.029086,0.558029,0.395228,-0.023612,0.595243,0.419334,-0.0434,0.559074,0.429544,-0.037744,0.527929,0.426579,-0.027425
S,0.421467,0.437163,0,0.445806,0.511958,-0.014297,0.491791,0.567427,-0.021494,0.546064,0.562949,-0.03036,0.582447,0.527327,-0.037106,0.550446,0.541877,-0.000166,0.592001,0.567063,-0.027072,0.561095,0.550914,-0.044916,0.532565,0.534039,-0.051848,0.562937,0.494368,-0.004882,0.611306,0.519444,-0.031165,0.565608,0.509378,-0.042278,0.530252,0.496174,-0.042719,0.566475,0.44595,-0.013608,0.61114,0.468116,-0.042551,0.557399,0.464847,-0.040969,0.518836,0.453354,-0.030843,0.561502,0.392642,-0.023208,0.598324,0.418788,-0.043147,0.5631,0.429205,-0.038009,0.531376,0.426007,-0.028069
S,0.425426,0.429606,0,0.447815,0.502137,-0.014577,0.493761,0.558268,-0.02134,0.547596,0.555956,-0.029573,0.583054,0.520284,-0.036023,0.553479,0.533773,-0.000485,0.594842,0.560204,-0.02584,0.565718,0.545065,-0.042891,0.538142,0.529222,-0.049621,0.565685,0.486483,-0.004651,0.614078,0.511463,-0.029317,0.570837,0.502746,-0.040197,0.536835,0.490706,-0.041014,0.569137,0.437766,-0.012645,0.612708,0.459701,-0.040302,0.560533,0.457377,-0.039017,0.522741,0.446324,-0.029586,0.564486,0.384533,-0.021518,0.602142,0.411486,-0.040789,0.567599,0.422455,-0.035619,0.536005,0.419299,-0.025932
S,0.425396,0.426991,0,0.448315,0.498448,-0.01597,0.494381,0.554893,-0.023488,0.548203,0.552568,-0.032207,0.584164,0.517125,-0.038808,0.554348,0.529907,-0.002084,0.596652,0.556346,-0.02844,0.565669,0.541805,-0.045348,0.538269,0.527148,-0.051756,0.56582,0.482741,-0.005725,0.613595,0.507112,-0.031601,0.568182,0.498589,-0.042052,0.535212,0.487329,-0.042271,0.56876,0.434349,-0.013387,0.61281,0.455525,-0.04223,0.559316,0.453806,-0.040111,0.522159,0.444002,-0.029789,0.564083,0.381384,-0.02203,0.601461,0.407766,-0.042009,0.566185,0.41911,-0.036552,0.535255,0.41646,-0.026399
S,0.422733,0.428862,0,0.446758,0.503771,-0.017073,0.492865,0.55996,-0.02479,0.548658,0.556239,-0.033417,0.584956,0.521041,-0.039794,0.552311,0.533893,-0.001685,0.595421,0.556755,-0.027255,0.564078,0.546374,-0.044168,0.53673,0.535725,-0.05118,0.564097,0.487578,-0.005123,0.614652,0.511612,-0.030209,0.570054,0.506673,-0.040798,0.537602,0.496723,-0.041565,0.566933,0.439167,-0.012706,0.611566,0.460024,-0.041218,0.55816,0.459302,-0.039343,0.522001,0.449487,-0.029438,0.5621,0.385239,-0.021457,0.599097,0.411278,-0.041272,0.563999,0.422642,-0.035928,0.534077,0.419063,-0.026091
S,0.420169,0.444796,0,0.444701,0.519358,-0.015012,0.490637,0.575841,-0.022638,0.545506,0.576197,-0.031676,0.581651,0.54138,-0.038602,0.550539,0.55199,-0.002064,0.594051,0.578925,-0.027772,0.562821,0.565552,-0.045022,0.534331,0.54984,-0.052093,0.562706,0.505616,-0.006404,0.611822,0.530997,-0.031125,0.565456,0.521927,-0.041309,0.531153,0.508156,-0.041972,0.565979,0.457187,-0.014614,0.61186,0.479642,-0.041843,0.558758,0.477449,-0.03943,0.52141,0.465547,-0.02966,0.561341,0.403362,-0.023903,0.599145,0.429969,-0.042865,0.564337,0.440594,-0.037364,0.533823,0.436075,-0.027737
S,0.425549,0.450821,0,0.448331,0.530644,-0.014124,0.495324,0.586204,-0.020667,0.551295,0.582893,-0.029043,0.585577,0.542894,-0.035978,0.551834,0.558369,0.003022,0.591872,0.583505,-0.022002,0.564393,0.569317,-0.040185,0.536647,0.553877,-0.048059,0.565562,0.510988,-0.001775,0.61321,0.537534,-0.025802,0.574412,0.531934,-0.038497,0.541135,0.520444,-0.041035,0.569402,0.46195,-0.010616,0.612517,0.484818,-0.037533,0.560482,0.483045,-0.038214,0.521674,0.471885,-0.030341,0.563764,0.408873,-0.020402,0.600542,0.436254,-0.038603,0.566263,0.446542,-0.034263,0.53452,0.443119,-0.025678
S,0.423216,0.447214,0,0.447949,0.525739,-0.013631,0.495388,0.581642,-0.020018,0.550363,0.578203,-0.028324,0.584519,0.538479,-0.034956,0.55438,0.556158,0.003581,0.593329,0.578814,-0.021572,0.563635,0.564476,-0.039543,0.535416,0.550298,-0.04724,0.566973,0.508261,-0.001586,0.614756,0.533098,-0.026511,0.572965,0.525842,-0.038914,0.538409,0.513487,-0.040785,0.570173,0.458782,-0.010793,0.61275,0.479792,-0.038396,0.560371,0.47832,-0.038667,0.521744,0.467635,-0.030235,0.564515,0.405118,-0.0209,0.601317,0.431163,-0.039267,0.56707,0.441728,-0.034667,0.535412,0.438765,-0.025691
S,0.429426,0.44759,0,0.45324,0.522557,-0.014924,0.49974,0.581708,-0.022652,0.555839,0.583737,-0.031919,0.594201,0.548818,-0.038895,0.562562,0.556276,-0.002696,0.609554,0.586983,-0.029525,0.574407,0.57071,-0.046753,0.543924,0.55353,-0.053493,0.5735,0.509183,-0.007164,0.624277,0.537397,-0.033369,0.574911,0.525514,-0.043594,0.539245,0.509571,-0.04379,0.576432,0.46033,-0.015533,0.624561,0.482651,-0.042965,0.569217,0.480131,-0.039601,0.53092,0.468414,-0.029125,0.572047,0.406416,-0.025034,0.612056,0.432529,-0.044008,0.575956,0.442817,-0.037967,0.545236,0.438314,-0.027863
S,0.426576,0.445232,0,0.458924,0.533163,-0.014399,0.507036,0.593113,-0.023644,0.566452,0.600114,-0.035675,0.606395,0.562475,-0.045673,0.573241,0.563417,0.000791,0.624345,0.597175,-0.027781,0.587305,0.586372,-0.048502,0.553746,0.566981,-0.057613,0.583019,0.515496,-0.005323,0.640602,0.54562,-0.032141,0.588197,0.538523,-0.044648,0.54886,0.519483,-0.046998,0.584995,0.464846,-0.015695,0.638037,0.492096,-0.044079,0.580021,0.492259,-0.041523,0.537793,0.475587,-0.031518,0.580211,0.407589,-0.027477,0.624569,0.437008,-0.047025,0.587387,0.451207,-0.041146,0.553026,0.445066,-0.03129
S,0.428003,0.447867,0,0.462384,0.539767,-0.016373,0.511582,0.600787,-0.026913,0.57362,0.606324,-0.040413,0.617214,0.569706,-0.051806,0.58009,0.571728,0.000635,0.633042,0.607729,-0.029293,0.596417,0.593978,-0.050926,0.563939,0.572304,-0.06056,0.589876,0.522022,-0.005306,0.648343,0.554525,-0.034118,0.594734,0.544973,-0.048206,0.555374,0.523591,-0.051313,0.592134,0.469645,-0.015888,0.647213,0.499126,-0.045742,0.586844,0.496864,-0.043758,0.543695,0.477874,-0.033752,0.587831,0.410453,-0.028106,0.634224,0.4413,-0.048319,0.59651,0.456253,-0.04282,0.561546,0.450312,-0.033085
S,0.428579,0.447147,0,0.46369,0.53706,-0.015547,0.513088,0.597001,-0.025799,0.57313,0.604759,-0.039075,0.616761,0.567012,-0.050369,0.580812,0.567923,0.000687,0.633432,0.603398,-0.028866,0.597436,0.591458,-0.050646,0.564623,0.570194,-0.060566,0.590665,0.518618,-0.005772,0.650604,0.550493,-0.034306,0.596367,0.541348,-0.048279,0.555639,0.520045,-0.051258,0.592489,0.466097,-0.016665,0.648262,0.493833,-0.046241,0.588335,0.493381,-0.04406,0.545043,0.475684,-0.033966,0.587451,0.406495,-0.029098,0.634231,0.435936,-0.049167,0.596689,0.451428,-0.043207,0.561428,0.44571,-0.033166
S,0.432715,0.441613,0,0.463957,0.530759,-0.017101,0.514328,0.592158,-0.026862,0.577692,0.594819,-0.038911,0.621177,0.55639,-0.048549,0.579977,0.557847,0.000175,0.634245,0.593716,-0.03034,0.597443,0.580482,-0.051246,0.563361,0.56131,-0.059728,0.591387,0.50866,-0.004852,0.651793,0.540878,-0.034421,0.598275,0.531851,-0.047569,0.556567,0.513929,-0.049033,0.594846,0.456431,-0.014641,0.650597,0.486794,-0.046283,0.590621,0.485014,-0.044333,0.546005,0.468259,-0.033354,0.591235,0.397593,-0.025817,0.636305,0.429863,-0.047781,0.597901,0.442889,-0.042347,0.56215,0.435438,-0.031855
S,0.428109,0.432371,0,0.462566,0.524653,-0.017009,0.514487,0.586884,-0.027355,0.57759,0.593341,-0.040449,0.622607,0.55495,-0.05159,0.583058,0.555721,0.000583,0.63679,0.59149,-0.029693,0.601047,0.579348,-0.05208,0.56726,0.558085,-0.062182,0.593929,0.505252,-0.005125,0.65506,0.538973,-0.033715,0.60308,0.532325,-0.048334,0.562134,0.512386,-0.051872,0.59659,0.451274,-0.015488,0.654254,0.481523,-0.046167,0.592703,0.480521,-0.044375,0.547155,0.461974,-0.034243,0.591952,0.39038,-0.027452,0.639146,0.422448,-0.048913,0.600192,0.43674,-0.043262,0.563931,0.429897,-0.033126
S,0.426102,0.434357,0,0.46328,0.525931,-0.015604,0.516123,0.589276,-0.026138,0.577596,0.601534,-0.040098,0.624183,0.561973,-0.051927,0.588684,0.558314,-0.000027,0.648129,0.593943,-0.031853,0.609959,0.582053,-0.054751,0.573991,0.55968,-0.064704,0.597448,0.507831,-0.006908,0.660999,0.540239,-0.036518,0.605489,0.533139,-0.050869,0.563798,0.512435,-0.054117,0.598488,0.453207,-0.018347,0.657409,0.481475,-0.048693,0.594706,0.481707,-0.04569,0.549473,0.463957,-0.034974,0.592782,0.391175,-0.031452,0.642413,0.422149,-0.052071,0.602636,0.438275,-0.045369,0.565401,0.432108,-0.034617
S,0.425842,0.441919,0,0.46551,0.537619,-0.016788,0.518625,0.601241,-0.028582,0.581843,0.616528,-0.044266,0.630368,0.57653,-0.057496,0.596384,0.568678,0.002878,0.656681,0.601377,-0.03003,0.616536,0.591349,-0.05397,0.578434,0.571335,-0.064432,0.603585,0.51757,-0.003922,0.666394,0.547065,-0.035366,0.609445,0.542474,-0.050719,0.566558,0.523682,-0.054221,0.603248,0.463152,-0.015864,0.661153,0.490658,-0.0487,0.598337,0.49283,-0.046513,0.551485,0.475106,-0.035488,0.597067,0.401989,-0.029599,0.645354,0.432631,-0.051837,0.605307,0.44875,-0.045794,0.567495,0.441596,-0.034897
S,0.424857,0.448226,0,0.465601,0.546997,-0.016904,0.518588,0.610134,-0.028638,0.582408,0.624164,-0.044667,0.631125,0.58237,-0.058283,0.595716,0.574289,0.005543,0.657525,0.607471,-0.027351,0.617209,0.597856,-0.051604,0.577551,0.579201,-0.062183,0.60311,0.523216,-0.001149,0.664613,0.553297,-0.033553,0.606767,0.545982,-0.049741,0.562502,0.526572,-0.053257,0.60364,0.469044,-0.013236,0.660193,0.498399,-0.047236,0.598035,0.49844,-0.045743,0.550174,0.479631,-0.034453,0.598743,0.408582,-0.027122,0.647758,0.441513,-0.049935,0.607874,0.455946,-0.043814,0.568645,0.447232,-0.032388
S,0.423754,0.446005,0,0.463454,0.541772,-0.017966,0.516762,0.605555,-0.030665,0.580681,0.620883,-0.04712,0.630555,0.580133,-0.060895,0.594446,0.572314,0.002254,0.653384,0.604328,-0.031373,0.612037,0.59244,-0.055786,0.573474,0.572194,-0.066541,0.602567,0.521432,-0.004239,0.665674,0.551364,-0.03657,0.609298,0.545141,-0.052165,0.566307,0.526547,-0.055557,0.603185,0.467318,-0.016024,0.66014,0.494986,-0.049937,0.597141,0.496243,-0.047833,0.549495,0.478722,-0.036439,0.597936,0.407274,-0.02969,0.645216,0.438831,-0.052153,0.605119,0.453669,-0.045812,0.566901,0.446577,-0.034541
S,0.422878,0.442694,0,0.45045,0.525196,-0.016923,0.498109,0.584564,-0.026041,0.556782,0.588248,-0.036995,0.596512,0.551151,-0.045624,0.56052,0.551728,-0.001029,0.608654,0.586578,-0.030524,0.575192,0.573342,-0.050373,0.544381,0.554254,-0.058147,0.572277,0.505196,-0.005401,0.626354,0.537688,-0.033816,0.576726,0.52891,-0.046197,0.539053,0.512456,-0.047182,0.576539,0.45589,-0.01432,0.625531,0.485231,-0.045136,0.568557,0.482404,-0.043426,0.527899,0.466733,-0.032633,0.57364,0.400684,-0.024532,0.614753,0.43361,-0.045473,0.578178,0.445199,-0.040004,0.545138,0.438186,-0.029597
S,0.43086,0.453314,0,0.454941,0.531108,-0.014425,0.500227,0.588096,-0.021279,0.555088,0.591755,-0.029832,0.58993,0.555166,-0.036306,0.558407,0.557497,0.001655,0.602351,0.586713,-0.024614,0.569422,0.574181,-0.042768,0.53963,0.556428,-0.050007,0.570055,0.513301,-0.002709,0.620047,0.540984,-0.028237,0.572183,0.532005,-0.039581,0.536105,0.517106,-0.040371,0.5743,0.466954,-0.011223,0.619697,0.49263,-0.038558,0.566808,0.490756,-0.037044,0.529163,0.477577,-0.027397,0.571663,0.414627,-0.020843,0.609088,0.445744,-0.039404,0.574428,0.455992,-0.034126,0.543792,0.449317,-0.024505
S,0.437546,0.450636,0,0.455925,0.522419,-0.012705,0.497335,0.576253,-0.018088,0.546452,0.577436,-0.025064,0.578171,0.544268,-0.030524,0.549935,0.547012,0.002524,0.586395,0.572881,-0.021331,0.55818,0.5605,-0.038285,0.530984,0.543203,-0.045181,0.562827,0.504961,-0.001662,0.606034,0.531337,-0.024954,0.564317,0.523418,-0.036218,0.529982,0.509738,-0.037525,0.56802,0.461374,-0.009604,0.6075,0.487116,-0.034926,0.559677,0.484237,-0.034689,0.524183,0.470808,-0.026493,0.565638,0.413051,-0.018409,0.598553,0.444007,-0.035785,0.566502,0.452394,-0.031315,0.537232,0.445433,-0.022698
S,0.430311,0.450092,0,0.449649,0.524761,-0.010787,0.490713,0.578729,-0.015809,0.539321,0.580138,-0.022702,0.569994,0.543663,-0.02819,0.544769,0.552809,0.002752,0.581555,0.5767,-0.019876,0.551307,0.56381,-0.035745,0.525321,0.549511,-0.042552,0.557471,0.510407,-0.002482,0.599709,0.536149,-0.024705,0.556774,0.52667,-0.034758,0.524797,0.512644,-0.035653,0.561562,0.466351,-0.01113,0.600069,0.490224,-0.034717,0.5515,0.486508,-0.033164,0.518144,0.47439,-0.024789,0.557632,0.418057,-0.020535,0.590132,0.44504,-0.036045,0.557627,0.453448,-0.030627,0.530151,0.448831,-0.021899
S,0.432488,0.446071,0,0.451145,0.515749,-0.011949,0.491389,0.569323,-0.017321,0.538569,0.57236,-0.024226,0.56985,0.539899,-0.02936,0.545952,0.541983,0.0015,0.581928,0.567851,-0.022,0.551211,0.555228,-0.03824,0.525234,0.53846,-0.044723,0.557431,0.501292,-0.002924,0.599394,0.528142,-0.025332,0.556245,0.519692,-0.035282,0.52438,0.505674,-0.035913,0.561625,0.45861,-0.010903,0.599369,0.483912,-0.0349,0.551592,0.481,-0.03309,0.518713,0.46782,-0.024291,0.55879,0.411277,-0.019756,0.590229,0.441282,-0.03592,0.557941,0.449106,-0.030357,0.530602,0.441767,-0.021203
S,0.432242,0.436308,0,0.450898,0.509761,-0.010556,0.492011,0.562656,-0.015426,0.539797,0.567286,-0.022111,0.570606,0.534915,-0.027432,0.545092,0.536483,0.001297,0.584526,0.562945,-0.020634,0.555865,0.553485,-0.036096,0.528814,0.53785,-0.042445,0.557185,0.496038,-0.003514,0.601785,0.522359,-0.024598,0.559786,0.514816,-0.03434,0.527537,0.499504,-0.035394,0.562057,0.453319,-0.011535,0.602187,0.478442,-0.034354,0.554496,0.475949,-0.033239,0.520642,0.462436,-0.025447,0.559746,0.405794,-0.020298,0.592202,0.434803,-0.036069,0.560287,0.443375,-0.031368,0.532616,0.436851,-0.023201
S,0.431118,0.426631,0,0.450556,0.500719,-0.010941,0.491027,0.554553,-0.016108,0.539104,0.558654,-0.023178,0.571146,0.526295,-0.028976,0.545784,0.528103,0.001802,0.585533,0.553621,-0.020449,0.558154,0.544834,-0.036591,0.530581,0.529861,-0.043413,0.557996,0.486916,-0.003029,0.603626,0.512214,-0.024228,0.563195,0.506272,-0.034723,0.53015,0.492428,-0.036399,0.562453,0.443588,-0.011148,0.603438,0.467566,-0.034272,0.556289,0.466187,-0.033741,0.521368,0.453894,-0.026354,0.559427,0.395687,-0.020054,0.592732,0.423877,-0.036198,0.561099,0.432879,-0.031733,0.532355,0.427102,-0.023679
S,0.425042,0.415488,0,0.444464,0.488357,-0.012997,0.485993,0.544908,-0.018823,0.53745,0.547161,-0.026054,0.571018,0.513692,-0.031313,0.543411,0.519593,0.000681,0.584257,0.546089,-0.022947,0.552499,0.533442,-0.038542,0.525866,0.518564,-0.044779,0.55628,0.476761,-0.003649,0.602398,0.50354,-0.02654,0.556807,0.494336,-0.035842,0.525092,0.480372,-0.035957,0.560603,0.432063,-0.011645,0.602202,0.456198,-0.036572,0.550992,0.452587,-0.034005,0.517658,0.44064,-0.024526,0.557307,0.382465,-0.020542,0.591426,0.410517,-0.037535,0.557006,0.419053,-0.031833,0.529363,0.413492,-0.022391
S,0.424326,0.408481,0,0.445483,0.481847,-0.014075,0.487591,0.538538,-0.020834,0.538684,0.540729,-0.028917,0.571967,0.505551,-0.034941,0.545669,0.512951,-0.001249,0.587072,0.53874,-0.025743,0.554776,0.526509,-0.041846,0.527691,0.51317,-0.048288,0.556955,0.469556,-0.005264,0.602807,0.495844,-0.029173,0.557277,0.486961,-0.038896,0.525909,0.473622,-0.039255,0.560584,0.424378,-0.012979,0.602239,0.447832,-0.038609,0.551245,0.445008,-0.036187,0.517245,0.433382,-0.026682,0.557323,0.374278,-0.021732,0.591848,0.402456,-0.038928,0.558033,0.411759,-0.03331,0.529916,0.406386,-0.023874
S,0.426189,0.411784,0,0.446681,0.488289,-0.011628,0.490054,0.542412,-0.016771,0.541477,0.54398,-0.023732,0.573135,0.509009,-0.029045,0.54604,0.517006,0.003289,0.585966,0.541358,-0.01924,0.554793,0.530326,-0.035008,0.527909,0.516572,-0.04183,0.55854,0.474736,-0.001839,0.604515,0.500024,-0.023913,0.560851,0.493067,-0.033916,0.528928,0.479921,-0.034902,0.562535,0.429979,-0.010576,0.60247,0.45285,-0.034698,0.552295,0.450689,-0.033268,0.518659,0.43914,-0.024796,0.558399,0.380574,-0.020174,0.591884,0.40837,-0.036257,0.558189,0.417331,-0.030927,0.530471,0.411985,-0.02212
S,0.428779,0.410076,0,0.449916,0.481455,-0.012906,0.491823,0.536152,-0.019066,0.54072,0.540106,-0.026713,0.572896,0.506092,-0.032654,0.548727,0.508215,-0.000601,0.588285,0.534318,-0.02477,0.55776,0.524309,-0.041309,0.530502,0.509544,-0.047962,0.559438,0.466401,-0.004947,0.60457,0.493314,-0.028284,0.560513,0.486729,-0.038468,0.527602,0.47309,-0.039218,0.562778,0.422456,-0.012837,0.603257,0.447204,-0.037956,0.553646,0.445749,-0.036303,0.519078,0.433315,-0.02736,0.559104,0.373711,-0.021666,0.593022,0.403075,-0.038706,0.560262,0.412434,-0.033452,0.532092,0.406218,-0.024379
S,0.42841,0.407928,0,0.448905,0.482431,-0.01238,0.490856,0.536493,-0.018123,0.541041,0.539232,-0.02552,0.573252,0.505085,-0.031201,0.54677,0.510662,0.001534,0.586853,0.535187,-0.021864,0.556514,0.524823,-0.037993,0.529263,0.510837,-0.044589,0.558743,0.468553,-0.003035,0.604773,0.494047,-0.025635,0.561242,0.487318,-0.03571,0.529066,0.474124,-0.036554,0.562932,0.42431,-0.011221,0.603475,0.44786,-0.035868,0.5536,0.445795,-0.034449,0.519622,0.433846,-0.025821,0.559667,0.375294,-0.020292,0.593468,0.403459,-0.036835,0.560323,0.412822,-0.031688,0.532171,0.407498,-0.022824
S,0.429499,0.404684,0,0.451256,0.47977,-0.011163,0.493331,0.53377,-0.016225,0.542135,0.535549,-0.023304,0.573688,0.499182,-0.02899,0.549006,0.506686,0.003401,0.586238,0.531137,-0.019179,0.556653,0.520682,-0.035611,0.5299,0.506303,-0.042753,0.560671,0.464794,-0.001819,0.604528,0.489785,-0.023668,0.561838,0.482788,-0.034214,0.529016,0.469629,-0.035602,0.564309,0.420161,-0.010535,0.603873,0.443359,-0.034318,0.555307,0.441207,-0.033286,0.520754,0.428843,-0.025191,0.560411,0.370273,-0.020092,0.594605,0.398025,-0.036175,0.562182,0.407763,-0.030999,0.532842,0.402783,-0.02225
S,0.428545,0.513311,0,0.460154,0.465695,-0.017815,0.506162,0.433592,-0.029199,0.550928,0.439325,-0.042313,0.564992,0.480423,-0.051844,0.546208,0.479163,0.002223,0.58643,0.478486,-0.021312,0.558832,0.472067,-0.035083,0.528788,0.4695,-0.040628,0.541895,0.514954,0.001771,0.583869,0.512983,-0.025398,0.543391,0.504155,-0.035498,0.511708,0.499296,-0.035496,0.533264,0.550557,-0.003522,0.570908,0.549247,-0.031122,0.531013,0.536804,-0.031749,0.498215,0.52835,-0.024151,0.518869,0.58484,-0.010622,0.550964,0.576777,-0.030239,0.526336,0.563543,-0.031049,0.501018,0.555556,-0.026336
S,0.429466,0.513185,0,0.460966,0.46434,-0.018347,0.507349,0.43172,-0.029684,0.552767,0.437928,-0.042534,0.566447,0.479848,-0.051722,0.547027,0.478324,0.002566,0.586494,0.476678,-0.020789,0.557981,0.469909,-0.034702,0.527878,0.467561,-0.040445,0.542978,0.514293,0.002517,0.585023,0.511436,-0.024349,0.544429,0.50265,-0.034566,0.513009,0.498277,-0.03469,0.534658,0.54973,-0.002436,0.571877,0.547511,-0.02992,0.532018,0.535186,-0.030788,0.499304,0.527178,-0.023329,0.520417,0.584078,-0.009228,0.552554,0.575965,-0.028754,0.527636,0.562481,-0.029603,0.50206,0.554482,-0.024903
S,0.428016,0.513602,0,0.459826,0.464815,-0.017154,0.506836,0.433066,-0.027517,0.551899,0.439677,-0.039489,0.565354,0.480978,-0.047504,0.545141,0.477654,0.002394,0.585867,0.479479,-0.020555,0.555718,0.473,-0.033524,0.524407,0.470336,-0.038456,0.540817,0.512884,0.002096,0.583184,0.513053,-0.024131,0.542383,0.504038,-0.033131,0.510915,0.498979,-0.032494,0.532549,0.548084,-0.002966,0.570679,0.548933,-0.029665,0.531276,0.53624,-0.02913,0.498653,0.527607,-0.020824,0.5184,0.582454,-0.00986,0.550979,0.577299,-0.028738,0.527094,0.56286,-0.0288,0.501672,0.553107,-0.023603
S,0.428134,0.513735,0,0.459688,0.466072,-0.018663,0.50533,0.434388,-0.030501,0.550194,0.44013,-0.043765,0.564682,0.481715,-0.05336,0.545078,0.47858,0.00094,0.584139,0.47765,-0.022605,0.555225,0.472267,-0.036413,0.524619,0.470161,-0.04201,0.541124,0.514669,0.000873,0.583247,0.513499,-0.026002,0.542696,0.504872,-0.036096,0.510948,0.499823,-0.036214,0.532884,0.550499,-0.003991,0.569532,0.549689,-0.031537,0.529743,0.536756,-0.032204,0.497146,0.527707,-0.024693,0.518839,0.585277,-0.010702,0.550362,0.57838,-0.03013,0.525709,0.564448,-0.030663,0.500529,0.555227,-0.025839
S,0.428024,0.512569,0,0.460097,0.465054,-0.018323,0.506092,0.433123,-0.029742,0.550116,0.441335,-0.042308,0.563743,0.483731,-0.051176,0.544476,0.475574,-0.000564,0.58603,0.474784,-0.023467,0.557791,0.46869,-0.036727,0.527941,0.466259,-0.042187,0.540382,0.512964,-0.000439,0.58384,0.511237,-0.026648,0.543842,0.502599,-0.036495,0.512427,0.497365,-0.03673,0.532157,0.549512,-0.004824,0.569709,0.548123,-0.031708,0.530461,0.535752,-0.031979,0.497871,0.52689,-0.02448,0.51788,0.584847,-0.010994,0.549871,0.577837,-0.030495,0.525157,0.564198,-0.030965,0.499964,0.55517,-0.026079
S,0.42959,0.511692,0,0.461741,0.463522,-0.018424,0.507616,0.431905,-0.030194,0.551593,0.43812,-0.043552,0.564569,0.480048,-0.053145,0.547556,0.478692,0.001656,0.586414,0.478576,-0.022586,0.556931,0.472241,-0.036875,0.526133,0.469328,-0.042576,0.542585,0.514177,0.001479,0.583764,0.512077,-0.02596,0.543011,0.503381,-0.036232,0.511734,0.49849,-0.036368,0.533793,0.549434,-0.003643,0.570733,0.547755,-0.031251,0.530936,0.535318,-0.031835,0.498408,0.526966,-0.024227,0.51921,0.583552,-0.010662,0.551124,0.575023,-0.029945,0.526675,0.561776,-0.03059,0.501589,0.55387,-0.025835
S,0.431828,0.511985,0,0.462706,0.462678,-0.015781,0.50934,0.43155,-0.025027,0.553129,0.44006,-0.036234,0.566817,0.481128,-0.043635,0.546866,0.474277,0.004006,0.588685,0.476982,-0.018307,0.559183,0.471657,-0.030935,0.528741,0.470985,-0.03565,0.542901,0.509381,0.003131,0.584877,0.511036,-0.0226,0.544687,0.503307,-0.031344,0.513383,0.499737,-0.030503,0.535156,0.544422,-0.002435,0.573116,0.546914,-0.028872,0.533749,0.535545,-0.028221,0.500567,0.528868,-0.01978,0.521445,0.579591,-0.009738,0.553541,0.576442,-0.028541,0.529985,0.563662,-0.028531,0.50449,0.555676,-0.02323
T,0.416265,0.514543,0,0.451665,0.470844,-0.012511,0.50976,0.459633,-0.017377,0.552489,0.47626,-0.023898,0.5807,0.500495,-0.027752,0.54259,0.487454,0.00206,0.580564,0.483177,-0.023582,0.548848,0.477285,-0.037767,0.516827,0.475021,-0.04185,0.532426,0.525945,0.000142,0.565747,0.528277,-0.02916,0.521933,0.509782,-0.036601,0.48861,0.497066,-0.032791,0.518227,0.562232,-0.006089,0.542669,0.558871,-0.035955,0.499425,0.533317,-0.032816,0.469057,0.518341,-0.02076,0.499759,0.59625,-0.013394,0.524974,0.586923,-0.033294,0.49782,0.563039,-0.030068,0.474899,0.550166,-0.021244
T,0.41959,0.516976,0,0.456109,0.473213,-0.011184,0.512598,0.461001,-0.015823,0.554942,0.477438,-0.022345,0.581827,0.502399,-0.026168,0.545481,0.490899,0.004118,0.582845,0.488112,-0.020734,0.551336,0.482959,-0.034671,0.519458,0.480879,-0.038603,0.535383,0.528595,0.001728,0.568379,0.530955,-0.026083,0.52584,0.513761,-0.033248,0.493105,0.501806,-0.029533,0.521387,0.564087,-0.004905,0.545279,0.560452,-0.033062,0.503379,0.536222,-0.029776,0.473877,0.522426,-0.018025,0.503112,0.597253,-0.012553,0.52771,0.587216,-0.030431,0.501578,0.564493,-0.026517,0.479611,0.552563,-0.017577
T,0.421308,0.535154,0,0.45784,0.491761,-0.012334,0.510908,0.474443,-0.018816,0.552586,0.486248,-0.027194,0.576711,0.509325,-0.032873,0.544589,0.50216,0.00234,0.578499,0.502993,-0.022329,0.546036,0.500187,-0.036876,0.514783,0.498516,-0.04154,0.535586,0.541065,-0.000245,0.566632,0.546442,-0.027681,0.524125,0.532288,-0.035767,0.491474,0.520455,-0.033245,0.522844,0.57745,-0.006916,0.546081,0.578232,-0.034477,0.504938,0.556437,-0.031678,0.475304,0.540874,-0.020576,0.505804,0.610981,-0.014767,0.529716,0.606471,-0.031861,0.504805,0.585181,-0.027419,0.483204,0.570412,-0.018361
T,0.423285,0.542528,0,0.458029,0.498326,-0.01606,0.51002,0.480752,-0.024762,0.552666,0.493059,-0.034451,0.575867,0.517544,-0.041098,0.544453,0.506808,-0.003029,0.579279,0.511351,-0.029632,0.545393,0.509233,-0.045535,0.513231,0.507934,-0.051229,0.5359,0.545703,-0.004025,0.565977,0.556579,-0.032556,0.523014,0.543211,-0.040473,0.491391,0.53084,-0.038313,0.52387,0.581837,-0.009483,0.54591,0.588342,-0.037893,0.505869,0.567271,-0.034724,0.477486,0.550322,-0.023782,0.508288,0.614182,-0.016516,0.529424,0.614344,-0.034763,0.504305,0.593743,-0.031007,0.483096,0.577863,-0.022611
T,0.428778,0.55057,0,0.462897,0.50733,-0.013228,0.513202,0.493011,-0.020015,0.553153,0.506721,-0.028045,0.581663,0.524502,-0.033488,0.548007,0.514717,-0.001903,0.581616,0.517834,-0.026995,0.548197,0.517687,-0.042037,0.51694,0.51598,-0.047214,0.540075,0.552657,-0.003876,0.569773,0.564549,-0.030514,0.527227,0.55317,-0.037976,0.496463,0.540116,-0.036027,0.528037,0.588418,-0.009858,0.548974,0.598442,-0.03734,0.50837,0.577377,-0.034006,0.480474,0.5585,-0.023343,0.512226,0.620641,-0.017087,0.531483,0.625036,-0.035222,0.505618,0.603393,-0.031137,0.48514,0.585569,-0.022757
T,0.427338,0.552977,0,0.460873,0.511314,-0.016095,0.509908,0.495795,-0.024056,0.550448,0.50939,-0.032611,0.577711,0.530808,-0.037905,0.54934,0.51506,-0.002541,0.581595,0.517235,-0.028262,0.548587,0.520558,-0.043158,0.518325,0.521647,-0.048045,0.542791,0.554742,-0.003199,0.570154,0.565942,-0.031012,0.526267,0.558376,-0.038741,0.496448,0.54752,-0.036379,0.531517,0.591023,-0.008209,0.550287,0.600193,-0.036989,0.508437,0.582085,-0.033779,0.481114,0.564242,-0.0225,0.515901,0.622432,-0.0147,0.532562,0.625805,-0.033799,0.506166,0.606183,-0.03008,0.486756,0.58921,-0.021343
T,0.428011,0.55659,0,0.462456,0.513847,-0.014171,0.512561,0.497735,-0.021482,0.554178,0.509791,-0.029938,0.57954,0.529205,-0.03538,0.549027,0.51891,-0.001173,0.582213,0.524855,-0.026212,0.547705,0.526128,-0.041098,0.516464,0.52511,-0.046216,0.541381,0.557531,-0.00285,0.569891,0.570444,-0.029613,0.526329,0.56093,-0.037075,0.496364,0.549113,-0.035011,0.529919,0.593276,-0.008733,0.550461,0.60447,-0.035958,0.509441,0.585451,-0.03244,0.48181,0.567709,-0.021588,0.514777,0.624734,-0.016026,0.53406,0.629422,-0.033599,0.507859,0.610288,-0.029275,0.48746,0.594487,-0.020682
T,0.429387,0.555372,0,0.46286,0.513019,-0.01582,0.511645,0.496953,-0.024069,0.552252,0.509735,-0.032739,0.579877,0.530369,-0.038255,0.549625,0.515827,-0.003564,0.582272,0.517292,-0.029329,0.549204,0.520514,-0.044448,0.51888,0.521928,-0.049664,0.542946,0.554654,-0.004283,0.570492,0.566334,-0.031699,0.526893,0.558099,-0.039047,0.4974,0.547322,-0.036798,0.531516,0.590648,-0.009255,0.551744,0.601585,-0.037607,0.510538,0.582766,-0.033753,0.483076,0.565186,-0.022461,0.515641,0.62235,-0.015695,0.533354,0.627556,-0.035252,0.506551,0.606852,-0.031465,0.486224,0.589725,-0.022804
T,0.428556,0.554475,0,0.462218,0.511047,-0.014013,0.511916,0.495304,-0.020662,0.55173,0.50953,-0.028227,0.577976,0.530713,-0.032867,0.549482,0.512957,-0.001284,0.582337,0.513667,-0.025361,0.55038,0.517788,-0.039414,0.519821,0.519021,-0.044047,0.543213,0.553243,-0.002764,0.570983,0.56409,-0.029642,0.527381,0.556568,-0.037203,0.49645,0.545423,-0.034827,0.532182,0.590195,-0.008234,0.55072,0.599027,-0.035924,0.509044,0.58066,-0.032647,0.481466,0.56301,-0.021612,0.516602,0.622524,-0.014988,0.532969,0.625936,-0.032991,0.506955,0.60615,-0.028814,0.487931,0.589305,-0.020086
T,0.427924,0.554193,0,0.462498,0.510079,-0.013178,0.513086,0.49541,-0.019151,0.552651,0.51022,-0.026193,0.579664,0.531096,-0.030481,0.54899,0.514127,0.000148,0.581387,0.514016,-0.02348,0.550145,0.517364,-0.037332,0.520105,0.518437,-0.041795,0.542341,0.553627,-0.001655,0.570974,0.563679,-0.028218,0.527592,0.555998,-0.03592,0.496124,0.545094,-0.033546,0.530858,0.589999,-0.007381,0.550521,0.597878,-0.034975,0.508812,0.579932,-0.032053,0.480731,0.562982,-0.021163,0.514826,0.6222,-0.014272,0.533237,0.625261,-0.03231,0.506921,0.605847,-0.02814,0.486999,0.589448,-0.019352
T,0.426739,0.556023,0,0.461735,0.512824,-0.013536,0.511687,0.495973,-0.020514,0.552337,0.508415,-0.028607,0.578387,0.52895,-0.033925,0.549464,0.517012,-0.001256,0.582939,0.518309,-0.025526,0.550599,0.52065,-0.039869,0.519128,0.520471,-0.044743,0.542321,0.557373,-0.003106,0.570607,0.566462,-0.03022,0.527252,0.558066,-0.038366,0.495426,0.546337,-0.036559,0.530686,0.594427,-0.008867,0.55063,0.601429,-0.036727,0.508874,0.582719,-0.034065,0.479904,0.564874,-0.023591,0.514766,0.62678,-0.015857,0.532422,0.627684,-0.034709,0.505801,0.607539,-0.031206,0.48497,0.590832,-0.022868
T,0.428432,0.558983,0,0.462217,0.514066,-0.015206,0.512835,0.496355,-0.023232,0.554765,0.509961,-0.032054,0.578647,0.53211,-0.037949,0.549155,0.518972,-0.003973,0.584824,0.520311,-0.029272,0.551552,0.520452,-0.043652,0.520129,0.519155,-0.048494,0.541835,0.559355,-0.005326,0.57341,0.568797,-0.033139,0.529282,0.558475,-0.040705,0.498245,0.54648,-0.038419,0.530438,0.596895,-0.010733,0.552403,0.60417,-0.039417,0.510031,0.583616,-0.036163,0.481745,0.565772,-0.025184,0.514944,0.630196,-0.017479,0.534302,0.631317,-0.03685,0.507391,0.610034,-0.033167,0.486694,0.593293,-0.024717
T,0.428591,0.557765,0,0.46313,0.513977,-0.016526,0.515808,0.494307,-0.025192,0.559644,0.504173,-0.034814,0.581458,0.529231,-0.041286,0.551656,0.521699,-0.003058,0.586578,0.525256,-0.029665,0.551498,0.523525,-0.045069,0.518587,0.521845,-0.050404,0.543263,0.561922,-0.00393,0.574029,0.569886,-0.03336,0.529471,0.558127,-0.041767,0.497306,0.546386,-0.03968,0.531729,0.599192,-0.009293,0.55402,0.602999,-0.039074,0.511482,0.583228,-0.036519,0.482071,0.566691,-0.025601,0.516972,0.631964,-0.0162,0.537802,0.629792,-0.035991,0.510774,0.609591,-0.032982,0.4889,0.594385,-0.024782
T,0.429268,0.564216,0,0.465196,0.519107,-0.014573,0.51651,0.500041,-0.021904,0.558701,0.511692,-0.03032,0.586975,0.533647,-0.035781,0.55736,0.523101,-0.000717,0.590199,0.522459,-0.02478,0.557834,0.524877,-0.038643,0.52659,0.525038,-0.043264,0.549764,0.564659,-0.002469,0.578754,0.571626,-0.029812,0.534159,0.562577,-0.038209,0.501675,0.551428,-0.036438,0.537464,0.603197,-0.008272,0.558471,0.607608,-0.036822,0.514734,0.588296,-0.033837,0.4845,0.571331,-0.02292,0.520157,0.637284,-0.015383,0.540014,0.636964,-0.034795,0.5123,0.615888,-0.0308,0.490734,0.59962,-0.021937
T,0.432654,0.566912,0,0.469427,0.521837,-0.014473,0.522776,0.503004,-0.021781,0.565863,0.515177,-0.030642,0.596721,0.535714,-0.036868,0.561786,0.526041,0.000257,0.596405,0.520117,-0.026243,0.564508,0.520832,-0.041839,0.533272,0.522285,-0.047137,0.554335,0.567139,-0.001963,0.585502,0.571251,-0.032316,0.539705,0.56171,-0.041893,0.5061,0.551496,-0.040159,0.542526,0.607064,-0.008551,0.566261,0.608886,-0.039982,0.520162,0.590153,-0.037888,0.487903,0.574485,-0.026649,0.526283,0.643211,-0.016411,0.548866,0.641076,-0.038024,0.520057,0.620054,-0.034918,0.496834,0.604759,-0.026068
T,0.432624,0.572309,0,0.469308,0.526466,-0.014891,0.524262,0.506763,-0.021449,0.569103,0.519348,-0.029181,0.60286,0.539701,-0.034079,0.566353,0.527906,0.002044,0.600489,0.519351,-0.023351,0.568862,0.522701,-0.038197,0.536602,0.524513,-0.043035,0.560096,0.57163,0.000499,0.591302,0.572788,-0.028758,0.544554,0.565249,-0.03812,0.509945,0.555402,-0.036157,0.548129,0.612884,-0.005496,0.570026,0.611678,-0.036668,0.523058,0.593689,-0.03474,0.49054,0.578137,-0.023546,0.530374,0.64977,-0.012749,0.550752,0.644422,-0.034566,0.520545,0.621962,-0.031629,0.497339,0.60585,-0.022802
T,0.426383,0.574616,0,0.462584,0.526323,-0.017116,0.518302,0.507487,-0.024088,0.563307,0.521042,-0.031541,0.59887,0.54189,-0.035773,0.562911,0.52725,0.000378,0.597609,0.512998,-0.027085,0.565167,0.518032,-0.042535,0.531676,0.522345,-0.04704,0.557895,0.573754,0.000189,0.587061,0.56995,-0.031065,0.538295,0.563528,-0.040147,0.502485,0.555726,-0.037226,0.546512,0.617424,-0.004886,0.565539,0.611664,-0.038011,0.517262,0.593098,-0.035618,0.484104,0.578797,-0.023385,0.528548,0.656614,-0.011387,0.546628,0.646694,-0.034835,0.514237,0.62222,-0.0321,0.490132,0.606524,-0.022715
T,0.423357,0.578633,0,0.459621,0.529452,-0.019941,0.515987,0.508985,-0.028366,0.56241,0.52376,-0.036419,0.598384,0.545833,-0.040882,0.561305,0.528172,-0.002816,0.5966,0.515974,-0.030825,0.564017,0.52358,-0.046439,0.530499,0.528988,-0.051134,0.556461,0.575166,-0.001961,0.58566,0.574245,-0.034245,0.53654,0.568673,-0.043807,0.500074,0.559848,-0.041231,0.544931,0.619058,-0.006084,0.56497,0.617711,-0.040445,0.515823,0.599363,-0.038156,0.481375,0.582781,-0.02592,0.526703,0.658034,-0.011841,0.545041,0.651523,-0.037619,0.511862,0.627397,-0.035652,0.486516,0.609733,-0.026382
T,0.424779,0.576969,0,0.460602,0.52664,-0.018756,0.518573,0.507926,-0.025937,0.564724,0.525464,-0.032729,0.602264,0.545773,-0.036129,0.560757,0.523847,-0.003595,0.59807,0.510406,-0.031315,0.566251,0.519418,-0.046386,0.532748,0.526224,-0.050604,0.555975,0.571357,-0.002923,0.58654,0.570904,-0.034885,0.537868,0.56599,-0.04369,0.501153,0.55747,-0.040773,0.544813,0.615982,-0.007023,0.567149,0.615739,-0.040938,0.517768,0.597373,-0.037917,0.482618,0.58128,-0.025434,0.526799,0.656255,-0.012653,0.546146,0.650301,-0.038555,0.512683,0.625768,-0.036592,0.486956,0.608378,-0.027477
T,0.424176,0.574568,0,0.461534,0.523574,-0.018085,0.521212,0.502621,-0.024943,0.569011,0.515237,-0.032189,0.605622,0.536428,-0.035878,0.568078,0.523829,0.001887,0.602294,0.507977,-0.026151,0.568474,0.513501,-0.04151,0.534363,0.518657,-0.045869,0.563565,0.572735,0.00201,0.59162,0.565272,-0.030396,0.539872,0.557677,-0.039396,0.503336,0.550076,-0.035788,0.552182,0.617887,-0.003087,0.569726,0.607448,-0.037432,0.518942,0.588043,-0.034797,0.484862,0.57475,-0.021873,0.533629,0.658934,-0.009725,0.549884,0.643854,-0.033951,0.515713,0.618865,-0.031394,0.491258,0.604922,-0.021756
T,0.424643,0.572296,0,0.462499,0.520581,-0.019842,0.522027,0.500146,-0.027473,0.569858,0.51483,-0.034975,0.608229,0.537489,-0.03876,0.568221,0.515953,-0.000207,0.603505,0.497944,-0.029608,0.570299,0.50684,-0.045949,0.536473,0.51463,-0.050778,0.564732,0.565477,0.000461,0.594618,0.559532,-0.033038,0.54337,0.554242,-0.042452,0.507053,0.547585,-0.039236,0.553739,0.61161,-0.004232,0.574511,0.605119,-0.039655,0.522535,0.586712,-0.036235,0.487411,0.573101,-0.022726,0.535054,0.653306,-0.010635,0.553213,0.641874,-0.036237,0.518484,0.617937,-0.033382,0.49356,0.603783,-0.023318
T,0.426534,0.571461,0,0.463692,0.519315,-0.021092,0.52494,0.496175,-0.029444,0.574851,0.507699,-0.037512,0.610561,0.534713,-0.041431,0.572696,0.515174,-0.000308,0.608892,0.497515,-0.031123,0.573395,0.505612,-0.047904,0.538821,0.513632,-0.052782,0.568361,0.565331,0.000799,0.599021,0.558482,-0.03449,0.545916,0.552414,-0.043715,0.509856,0.546145,-0.039526,0.556773,0.611479,-0.003787,0.576951,0.603198,-0.041121,0.523847,0.5838,-0.03747,0.48966,0.570236,-0.022929,0.537897,0.653223,-0.010122,0.555006,0.639213,-0.03646,0.519455,0.614176,-0.033556,0.495075,0.600169,-0.022995
T,0.423779,0.574233,0,0.46315,0.522191,-0.020021,0.525079,0.499242,-0.027946,0.574419,0.511398,-0.03602,0.609255,0.538017,-0.04015,0.571706,0.521176,0.00053,0.608044,0.50377,-0.029387,0.573203,0.510215,-0.045509,0.537929,0.516794,-0.050057,0.566515,0.57133,0.00101,0.596733,0.563376,-0.034356,0.543851,0.555618,-0.044152,0.506051,0.547987,-0.040254,0.55436,0.617967,-0.004014,0.573915,0.607377,-0.041297,0.52135,0.587252,-0.03861,0.485695,0.573288,-0.024651,0.534984,0.660595,-0.010676,0.553664,0.646044,-0.036988,0.518762,0.620402,-0.034437,0.49305,0.605699,-0.024122
T,0.416583,0.571729,0,0.454987,0.521456,-0.020767,0.516061,0.499197,-0.029329,0.565724,0.509585,-0.037798,0.600374,0.531645,-0.042142,0.566651,0.525968,0.000795,0.599483,0.507934,-0.029187,0.562675,0.511212,-0.045508,0.52711,0.515172,-0.050177,0.561079,0.575806,0.00191,0.586886,0.56557,-0.03224,0.532866,0.55453,-0.041119,0.496452,0.545115,-0.036891,0.547765,0.62146,-0.00268,0.564741,0.608045,-0.039037,0.512268,0.585521,-0.035671,0.477943,0.570542,-0.021553,0.527069,0.662153,-0.00901,0.544126,0.646242,-0.034697,0.509634,0.618909,-0.031803,0.485099,0.603578,-0.02132
T,0.41142,0.569597,0,0.450647,0.519645,-0.020826,0.511966,0.497167,-0.029898,0.560492,0.508736,-0.038571,0.595043,0.535576,-0.042974,0.558807,0.520548,-0.003358,0.59471,0.503759,-0.034712,0.558031,0.50932,-0.050881,0.523158,0.515257,-0.055213,0.552126,0.570503,-0.002657,0.580117,0.563225,-0.03855,0.526495,0.55362,-0.047154,0.490783,0.545094,-0.042735,0.538609,0.616764,-0.007503,0.55841,0.607465,-0.045032,0.506656,0.585484,-0.040631,0.473082,0.570427,-0.025887,0.517937,0.65801,-0.014047,0.537158,0.645146,-0.041005,0.501862,0.61742,-0.037765,0.47675,0.601355,-0.026995
T,0.408574,0.570755,0,0.446146,0.520781,-0.020646,0.507221,0.501078,-0.028594,0.555051,0.514307,-0.036162,0.591958,0.536038,-0.039715,0.554217,0.521548,-0.002334,0.589166,0.503757,-0.032351,0.554162,0.509781,-0.04852,0.519401,0.515756,-0.053202,0.548914,0.571414,-0.001249,0.575583,0.56342,-0.035811,0.523015,0.554623,-0.044653,0.487238,0.546454,-0.040697,0.536523,0.616971,-0.005613,0.553561,0.606303,-0.041694,0.502481,0.585127,-0.037973,0.469222,0.571046,-0.024115,0.51681,0.657933,-0.011738,0.533164,0.6436,-0.037237,0.499209,0.617514,-0.034294,0.475575,0.603625,-0.024186
T,0.406337,0.567209,0,0.444369,0.519198,-0.019693,0.504676,0.498044,-0.028093,0.552815,0.509452,-0.036285,0.586254,0.531807,-0.040423,0.549577,0.519362,-0.003837,0.587063,0.501621,-0.033897,0.551181,0.506039,-0.048983,0.516834,0.511965,-0.052874,0.542997,0.568113,-0.003302,0.573428,0.560729,-0.038177,0.520412,0.550617,-0.046039,0.485281,0.542424,-0.041289,0.53024,0.613317,-0.007991,0.551596,0.603152,-0.044556,0.50054,0.581491,-0.04019,0.467437,0.567481,-0.025681,0.510821,0.654198,-0.014233,0.531571,0.640738,-0.040233,0.497589,0.614145,-0.037059,0.472943,0.599438,-0.026662
T,0.408358,0.566956,0,0.44593,0.518228,-0.020284,0.506002,0.497797,-0.028535,0.5535,0.510981,-0.036356,0.587654,0.533694,-0.040173,0.551513,0.519491,-0.004674,0.587838,0.501661,-0.034199,0.552288,0.506663,-0.04912,0.51815,0.513148,-0.053086,0.545278,0.568433,-0.003721,0.573465,0.560687,-0.038283,0.521255,0.551197,-0.046475,0.48608,0.543281,-0.042114,0.532741,0.613675,-0.007905,0.551243,0.602653,-0.044224,0.500936,0.581129,-0.040617,0.467934,0.566921,-0.026767,0.513736,0.654475,-0.013688,0.532049,0.640498,-0.039675,0.498514,0.613776,-0.037073,0.473977,0.598863,-0.027139
T,0.410258,0.567936,0,0.447634,0.519167,-0.018921,0.507413,0.499072,-0.026421,0.555115,0.512127,-0.033755,0.591288,0.532721,-0.037366,0.553157,0.520011,-0.003676,0.589012,0.501645,-0.031729,0.555023,0.506188,-0.045571,0.521854,0.511931,-0.049001,0.547546,0.568677,-0.003224,0.574566,0.560754,-0.036037,0.523519,0.550214,-0.043419,0.489365,0.541899,-0.038873,0.535102,0.613663,-0.007688,0.552305,0.602736,-0.042519,0.502894,0.579882,-0.038732,0.471148,0.565186,-0.025191,0.515981,0.653841,-0.013622,0.533258,0.639456,-0.038238,0.500416,0.612637,-0.035171,0.476853,0.597834,-0.025236
T,0.410772,0.568369,0,0.448174,0.518946,-0.019556,0.50831,0.498973,-0.026966,0.555948,0.512456,-0.034031,0.591701,0.532825,-0.037342,0.555064,0.519612,-0.003267,0.588957,0.500485,-0.03144,0.554585,0.505389,-0.045792,0.521611,0.511414,-0.049718,0.550209,0.568631,-0.002446,0.575669,0.559491,-0.035452,0.524012,0.549818,-0.0432,0.489511,0.542339,-0.038837,0.538234,0.613401,-0.006659,0.552796,0.600789,-0.041583,0.502965,0.578895,-0.038146,0.471071,0.565003,-0.024798,0.519392,0.653181,-0.012466,0.533385,0.636473,-0.037281,0.499697,0.610393,-0.034746,0.476279,0.597095,-0.025146
T,0.466267,0.434773,0,0.484968,0.501243,-0.01153,0.539204,0.544954,-0.015805,0.592617,0.534342,-0.022471,0.627695,0.517469,-0.026992,0.580307,0.53615,0.001314,0.619657,0.561346,-0.025922,0.588929,0.547921,-0.041043,0.559658,0.531258,-0.04544,0.585115,0.492055,-0.003635,0.618557,0.503691,-0.032636,0.571161,0.49563,-0.041649,0.537658,0.488318,-0.040722,0.583724,0.446428,-0.013136,0.6093,0.459807,-0.043743,0.55823,0.460181,-0.043149,0.524556,0.457009,-0.033984,0.577253,0.398002,-0.023348,0.604209,0.417269,-0.042956,0.57079,0.425514,-0.040391,0.544019,0.42721,-0.033212
T,0.465172,0.427301,0,0.485308,0.494355,-0.012278,0.541697,0.536065,-0.016859,0.595046,0.526354,-0.023524,0.630231,0.512935,-0.028103,0.57965,0.528453,-0.000874,0.617862,0.553998,-0.027915,0.58863,0.540704,-0.043323,0.558963,0.523383,-0.048075,0.584801,0.484275,-0.005323,0.618823,0.497404,-0.033983,0.572975,0.489074,-0.043375,0.538778,0.48144,-0.042953,0.583708,0.439262,-0.014158,0.60936,0.453271,-0.044439,0.559262,0.454001,-0.04456,0.524446,0.450577,-0.036189,0.577598,0.392,-0.023768,0.603974,0.410351,-0.043642,0.571862,0.418667,-0.041844,0.544846,0.420689,-0.035386
T,0.466867,0.436145,0,0.48688,0.500888,-0.011847,0.543123,0.543635,-0.015786,0.596023,0.533836,-0.02193,0.631282,0.519939,-0.025679,0.582266,0.536177,0.001741,0.619249,0.560957,-0.025077,0.589371,0.546915,-0.040044,0.560331,0.529072,-0.044423,0.587598,0.492218,-0.002966,0.620822,0.503878,-0.031632,0.574088,0.495854,-0.040748,0.54024,0.488317,-0.039788,0.586723,0.446622,-0.012187,0.611073,0.459934,-0.042973,0.560259,0.460404,-0.042495,0.526174,0.456754,-0.033236,0.580612,0.398599,-0.022129,0.605294,0.416885,-0.042208,0.57233,0.425569,-0.039897,0.545828,0.427516,-0.032739
T,0.473139,0.456874,0,0.493745,0.520374,-0.010368,0.549448,0.563659,-0.013988,0.603697,0.553985,-0.019928,0.639851,0.54055,-0.023766,0.588929,0.554684,-0.000562,0.628791,0.581699,-0.026414,0.599771,0.567578,-0.039831,0.570875,0.548406,-0.043122,0.593933,0.509758,-0.005584,0.630607,0.524908,-0.033974,0.580975,0.515176,-0.042029,0.545388,0.505503,-0.040141,0.592723,0.463849,-0.014513,0.621644,0.477917,-0.044607,0.568574,0.477416,-0.042686,0.532797,0.473165,-0.032405,0.586694,0.415469,-0.023917,0.618205,0.434101,-0.042911,0.58555,0.443528,-0.039088,0.557941,0.445604,-0.031003
T,0.46788,0.463758,0,0.486687,0.530242,-0.013525,0.542816,0.576337,-0.018576,0.599238,0.56461,-0.025675,0.636984,0.551882,-0.030212,0.585117,0.567587,-0.000328,0.6248,0.596069,-0.02903,0.593263,0.582152,-0.044581,0.562664,0.562775,-0.048723,0.591706,0.520954,-0.004711,0.628558,0.538215,-0.035724,0.578366,0.528624,-0.045289,0.542061,0.518907,-0.043635,0.591617,0.473417,-0.013795,0.618047,0.490737,-0.046616,0.563155,0.489243,-0.045641,0.527096,0.484575,-0.034989,0.585896,0.42367,-0.023636,0.614445,0.445074,-0.044052,0.579579,0.453682,-0.040518,0.551978,0.455357,-0.032098
T,0.463039,0.459239,0,0.48108,0.524007,-0.014007,0.538788,0.569531,-0.018961,0.594966,0.559138,-0.025703,0.63212,0.546946,-0.029881,0.581965,0.563825,-0.001208,0.619624,0.590845,-0.029803,0.587363,0.57566,-0.045261,0.55714,0.556,-0.049487,0.58801,0.517883,-0.005295,0.621512,0.533012,-0.035469,0.572634,0.523825,-0.044544,0.53824,0.51499,-0.043221,0.587172,0.47066,-0.014179,0.61151,0.486873,-0.046303,0.558,0.486264,-0.045696,0.522927,0.481714,-0.036057,0.580664,0.420881,-0.023913,0.606183,0.442199,-0.044881,0.571512,0.450679,-0.042534,0.544522,0.452114,-0.035188
T,0.469655,0.460671,0,0.488416,0.525048,-0.012289,0.543869,0.5682,-0.016797,0.598682,0.556506,-0.023318,0.63494,0.54504,-0.027406,0.58564,0.559943,-0.001153,0.625093,0.587172,-0.028851,0.594906,0.573099,-0.043388,0.564663,0.554996,-0.047127,0.591591,0.513475,-0.005761,0.62751,0.529606,-0.035951,0.577521,0.520485,-0.044666,0.541259,0.512425,-0.04269,0.590966,0.466384,-0.014688,0.617797,0.482184,-0.046433,0.563958,0.481832,-0.044795,0.528293,0.478589,-0.034131,0.584588,0.417261,-0.024263,0.612587,0.437336,-0.044218,0.57848,0.446915,-0.040589,0.551311,0.449554,-0.032252
T,0.46993,0.454896,0,0.491635,0.521142,-0.011223,0.547998,0.564099,-0.015386,0.602981,0.552337,-0.021953,0.638973,0.538691,-0.026206,0.587142,0.555857,0.000174,0.627225,0.584095,-0.027137,0.597376,0.569198,-0.041678,0.567183,0.550216,-0.045456,0.59282,0.509833,-0.004962,0.629907,0.525032,-0.034651,0.580461,0.515695,-0.043315,0.544325,0.50751,-0.041477,0.591856,0.46288,-0.014371,0.619203,0.47806,-0.045469,0.565867,0.477241,-0.043755,0.530247,0.473393,-0.033238,0.58526,0.413905,-0.02443,0.615586,0.433735,-0.043565,0.582147,0.442739,-0.039579,0.554528,0.444685,-0.0312
T,0.46875,0.437024,0,0.491523,0.508591,-0.010884,0.547491,0.552484,-0.015309,0.603554,0.54146,-0.022528,0.639654,0.525185,-0.027562,0.586765,0.541459,0.001066,0.627533,0.573149,-0.026524,0.597366,0.557377,-0.041887,0.566132,0.538454,-0.046191,0.592164,0.495365,-0.004509,0.628022,0.514719,-0.034075,0.580685,0.502998,-0.043352,0.543836,0.493576,-0.042221,0.591672,0.448873,-0.014489,0.61724,0.46822,-0.045504,0.566148,0.465813,-0.04456,0.529682,0.460298,-0.034744,0.586215,0.399693,-0.025163,0.616574,0.422185,-0.044379,0.583709,0.430012,-0.040713,0.553904,0.430887,-0.032628
T,0.467253,0.429614,0,0.490824,0.501664,-0.01052,0.547496,0.544905,-0.01511,0.602398,0.534318,-0.022599,0.63888,0.518743,-0.027916,0.585809,0.537875,0.002147,0.626345,0.564771,-0.02568,0.594901,0.54915,-0.041681,0.563705,0.53142,-0.046617,0.590612,0.492343,-0.003835,0.626904,0.507299,-0.033342,0.579514,0.497275,-0.043173,0.543885,0.489081,-0.042804,0.590063,0.445484,-0.01432,0.617369,0.462103,-0.045091,0.565969,0.461306,-0.044733,0.530257,0.456889,-0.035698,0.584679,0.395504,-0.025495,0.615022,0.415869,-0.044689,0.581724,0.423432,-0.041657,0.55268,0.424342,-0.034278
T,0.467008,0.430983,0,0.491202,0.502491,-0.010796,0.548069,0.544662,-0.01567,0.602612,0.535028,-0.023346,0.63941,0.520229,-0.028918,0.585855,0.537114,0.001371,0.625855,0.564562,-0.026537,0.595348,0.550125,-0.042664,0.564242,0.5322,-0.04759,0.590702,0.491755,-0.004383,0.626737,0.507321,-0.033844,0.579578,0.497333,-0.043582,0.543699,0.48852,-0.043102,0.590123,0.444905,-0.014579,0.616605,0.461939,-0.045315,0.565425,0.460981,-0.044847,0.529692,0.4562,-0.035664,0.58447,0.395189,-0.025477,0.614839,0.415665,-0.044514,0.581786,0.423642,-0.041237,0.552881,0.424725,-0.033667
T,0.467459,0.435451,0,0.49236,0.505064,-0.010112,0.549389,0.546861,-0.014126,0.603993,0.535916,-0.020987,0.640486,0.519131,-0.025977,0.587107,0.53623,0.001388,0.628345,0.563548,-0.025187,0.599845,0.551874,-0.040114,0.569864,0.535426,-0.044537,0.591968,0.490594,-0.004509,0.630673,0.506382,-0.033781,0.582146,0.498303,-0.043244,0.544985,0.490289,-0.04223,0.590758,0.443701,-0.014541,0.618992,0.46036,-0.04546,0.566928,0.46115,-0.044575,0.530677,0.45728,-0.034774,0.584546,0.394045,-0.025119,0.616736,0.413351,-0.044312,0.584008,0.423584,-0.040634,0.555,0.42623,-0.032626
T,0.464596,0.429017,0,0.489516,0.503189,-0.0108,0.54666,0.545158,-0.015974,0.602791,0.53273,-0.024121,0.63868,0.515662,-0.030061,0.585276,0.5346,0.000679,0.628422,0.565418,-0.027954,0.596784,0.550572,-0.044208,0.564414,0.532156,-0.049134,0.589959,0.487547,-0.005386,0.626296,0.505328,-0.035888,0.577996,0.494654,-0.045371,0.54133,0.485849,-0.044547,0.588958,0.440367,-0.016025,0.6149,0.459733,-0.047647,0.563393,0.458985,-0.04671,0.527318,0.454631,-0.037038,0.582956,0.390999,-0.027418,0.613574,0.413033,-0.046974,0.579915,0.421646,-0.043433,0.550159,0.423435,-0.035562
T,0.464551,0.429165,0,0.489358,0.499481,-0.011214,0.546459,0.540822,-0.016156,0.601607,0.529287,-0.023839,0.637725,0.514459,-0.029152,0.586354,0.529368,-0.000398,0.626128,0.559973,-0.028674,0.594336,0.545661,-0.04403,0.563453,0.52727,-0.048357,0.590566,0.483154,-0.006166,0.625926,0.49981,-0.036262,0.576916,0.491004,-0.045053,0.5414,0.482664,-0.043817,0.588631,0.435862,-0.016426,0.614852,0.453668,-0.048175,0.562407,0.454733,-0.046928,0.526937,0.450472,-0.036977,0.581542,0.386055,-0.027382,0.612646,0.407059,-0.047308,0.579235,0.418234,-0.043947,0.550537,0.420685,-0.036131
T,0.462505,0.426359,0,0.486347,0.494452,-0.010687,0.542054,0.535256,-0.015081,0.594046,0.524977,-0.022132,0.629086,0.508794,-0.026954,0.581634,0.524563,0.001223,0.618707,0.551,-0.025883,0.587282,0.538146,-0.041263,0.557301,0.521101,-0.045914,0.585745,0.480664,-0.00428,0.619181,0.494602,-0.033006,0.572337,0.487398,-0.042215,0.538263,0.47962,-0.041499,0.583831,0.43516,-0.014158,0.60792,0.450891,-0.044618,0.557591,0.453239,-0.044453,0.523385,0.450086,-0.035589,0.576525,0.387291,-0.024672,0.602662,0.407461,-0.044013,0.569939,0.417202,-0.041432,0.542749,0.419089,-0.034331
T,0.460656,0.419306,0,0.483044,0.486298,-0.009898,0.535295,0.523238,-0.01416,0.584935,0.51196,-0.020862,0.616655,0.49684,-0.025648,0.572146,0.514836,0.001233,0.608723,0.53858,-0.024009,0.580485,0.526537,-0.03875,0.552047,0.511879,-0.043609,0.576454,0.472577,-0.004066,0.609405,0.485413,-0.031019,0.56674,0.477993,-0.039934,0.534504,0.471603,-0.039624,0.574862,0.429763,-0.013464,0.598498,0.443875,-0.041799,0.552437,0.445357,-0.041598,0.520046,0.443115,-0.03345,0.568035,0.384799,-0.023539,0.594055,0.404021,-0.041475,0.563978,0.4117,-0.038908,0.538002,0.413278,-0.032273
T,0.45617,0.422037,0,0.481747,0.484908,-0.009516,0.53324,0.515466,-0.014026,0.580477,0.503446,-0.021107,0.613031,0.49111,-0.026334,0.568009,0.506433,0.00257,0.6021,0.528024,-0.021733,0.575795,0.516766,-0.03614,0.549122,0.502446,-0.04089,0.571718,0.466067,-0.002517,0.602231,0.476226,-0.028901,0.558432,0.469866,-0.03741,0.525425,0.463507,-0.036667,0.570021,0.424933,-0.011578,0.593831,0.436326,-0.039199,0.547377,0.438503,-0.037614,0.514947,0.43595,-0.028417,0.563184,0.381396,-0.02133,0.589765,0.39763,-0.038617,0.559293,0.406546,-0.034669,0.533766,0.408984,-0.026897
T,0.456607,0.423824,0,0.481736,0.48535,-0.010185,0.534125,0.51358,-0.014759,0.580445,0.500387,-0.021858,0.612994,0.485988,-0.02698,0.569449,0.501657,0.001673,0.601792,0.527037,-0.023863,0.575039,0.516855,-0.038595,0.548388,0.501778,-0.04304,0.572379,0.461788,-0.002884,0.600838,0.473765,-0.030321,0.556224,0.469008,-0.038345,0.523505,0.463471,-0.036889,0.570088,0.421096,-0.011628,0.593413,0.43492,-0.040401,0.546243,0.437732,-0.03835,0.513597,0.434198,-0.02825,0.563076,0.378341,-0.021112,0.589067,0.395676,-0.039156,0.558667,0.405557,-0.035285,0.534006,0.40719,-0.02721
T,0.459886,0.414725,0,0.483753,0.475807,-0.008694,0.533729,0.509304,-0.012381,0.580667,0.498182,-0.018539,0.611459,0.482658,-0.022968,0.569675,0.497925,0.002149,0.60156,0.52029,-0.021292,0.576083,0.510562,-0.034737,0.550183,0.497907,-0.039018,0.573489,0.458114,-0.003096,0.603136,0.470357,-0.028824,0.561485,0.464125,-0.036908,0.529725,0.457635,-0.035952,0.571353,0.417723,-0.012034,0.592445,0.429656,-0.03914,0.547715,0.432196,-0.038022,0.516292,0.430173,-0.029239,0.564109,0.375431,-0.021513,0.588834,0.390774,-0.038245,0.559875,0.400324,-0.03481,0.535446,0.403791,-0.027582
T,0.454836,0.408475,0,0.479162,0.468382,-0.008325,0.530024,0.50129,-0.011618,0.576579,0.490509,-0.017315,0.607393,0.474587,-0.021539,0.563345,0.490646,0.002017,0.595995,0.510468,-0.020266,0.571899,0.501457,-0.033352,0.546543,0.489676,-0.037653,0.566907,0.451341,-0.003181,0.598472,0.461049,-0.027788,0.557956,0.455841,-0.036041,0.526091,0.449934,-0.035525,0.564821,0.411077,-0.011832,0.588234,0.420448,-0.037807,0.544159,0.423929,-0.037004,0.512473,0.422422,-0.028864,0.557887,0.368563,-0.020973,0.584818,0.382281,-0.037139,0.556618,0.391801,-0.033756,0.531612,0.395233,-0.02683
U,0.290013,0.433758,0,0.311459,0.49686,-0.021085,0.35901,0.52703,-0.030011,0.398004,0.500053,-0.039936,0.428248,0.469845,-0.04845,0.441158,0.509956,-0.010238,0.500823,0.521714,-0.027573,0.538624,0.525573,-0.040547,0.571872,0.526598,-0.049709,0.446514,0.464714,-0.016834,0.514913,0.479203,-0.036464,0.556684,0.491077,-0.051687,0.593023,0.49601,-0.060583,0.434229,0.420887,-0.026663,0.488967,0.425292,-0.061643,0.451356,0.437717,-0.069619,0.418931,0.4429,-0.065411,0.408244,0.378785,-0.037839,0.437147,0.397694,-0.069739,0.408317,0.420104,-0.073408,0.380407,0.433077,-0.068959
U,0.288432,0.444482,0,0.310131,0.507445,-0.019761,0.357309,0.538245,-0.027813,0.395088,0.51466,-0.037202,0.425758,0.484514,-0.045447,0.439533,0.521279,-0.008345,0.499641,0.533743,-0.02509,0.537075,0.537829,-0.037661,0.569896,0.538976,-0.0465,0.445518,0.476602,-0.015733,0.515497,0.4904,-0.03429,0.556701,0.502617,-0.048651,0.592453,0.508309,-0.056944,0.433088,0.43314,-0.026367,0.488627,0.436357,-0.060682,0.449777,0.449791,-0.067816,0.41643,0.456142,-0.063012,0.406434,0.390848,-0.038309,0.436434,0.407577,-0.069873,0.407466,0.429354,-0.072804,0.379389,0.441933,-0.0678
U,0.287861,0.449796,0,0.311619,0.514038,-0.020514,0.359802,0.544939,-0.029478,0.39824,0.520899,-0.039793,0.430612,0.490452,-0.048707,0.443835,0.524408,-0.009237,0.503804,0.536249,-0.026103,0.541759,0.539511,-0.038756,0.574979,0.539986,-0.047946,0.449112,0.479692,-0.016705,0.521115,0.492287,-0.03503,0.56128,0.504499,-0.048637,0.595973,0.509937,-0.056816,0.435798,0.436207,-0.027637,0.491662,0.442757,-0.061632,0.450567,0.458361,-0.06784,0.416002,0.465159,-0.062897,0.408963,0.39541,-0.040109,0.438563,0.41465,-0.07106,0.409065,0.436999,-0.074007,0.381425,0.449098,-0.069646
U,0.290095,0.447687,0,0.313339,0.511047,-0.020583,0.362335,0.541058,-0.029312,0.401147,0.514856,-0.039107,0.432517,0.483884,-0.047634,0.444616,0.521454,-0.010443,0.5056,0.532762,-0.027432,0.544227,0.535441,-0.04024,0.577582,0.53567,-0.049335,0.449366,0.476098,-0.017378,0.520697,0.488191,-0.035479,0.562286,0.499862,-0.049409,0.598109,0.504891,-0.057822,0.435923,0.432661,-0.02756,0.492129,0.437739,-0.061113,0.453584,0.453599,-0.068086,0.420081,0.46075,-0.063739,0.40897,0.391592,-0.039174,0.439742,0.410559,-0.070138,0.411253,0.433233,-0.0732,0.383319,0.445796,-0.068727
U,0.295511,0.436174,0,0.318974,0.500182,-0.020266,0.370212,0.528113,-0.028976,0.411062,0.498483,-0.038909,0.441655,0.465301,-0.047947,0.450888,0.506813,-0.011138,0.512047,0.513475,-0.029548,0.551729,0.5152,-0.043413,0.586809,0.51504,-0.053366,0.455505,0.46042,-0.01856,0.526744,0.470767,-0.040041,0.571437,0.478728,-0.056756,0.610571,0.481868,-0.066629,0.442569,0.416687,-0.028851,0.503731,0.41559,-0.065494,0.46831,0.428643,-0.073697,0.435375,0.436338,-0.069353,0.415282,0.375437,-0.040351,0.449652,0.39075,-0.073685,0.42085,0.414338,-0.077248,0.390147,0.429343,-0.072369
U,0.289011,0.440422,0,0.313613,0.507077,-0.020261,0.365872,0.535904,-0.028735,0.407084,0.50548,-0.038539,0.437544,0.469352,-0.047558,0.451801,0.508165,-0.009405,0.516258,0.514713,-0.026535,0.557358,0.515304,-0.039519,0.592569,0.514773,-0.04891,0.454863,0.460135,-0.016952,0.529908,0.467654,-0.035936,0.575606,0.474386,-0.051435,0.614665,0.477666,-0.060741,0.439249,0.416846,-0.027618,0.504132,0.412112,-0.062782,0.472621,0.427759,-0.07177,0.441851,0.438451,-0.068488,0.408945,0.376134,-0.039507,0.445669,0.387945,-0.072248,0.417849,0.412836,-0.076312,0.38615,0.429904,-0.072115
U,0.272752,0.447928,0,0.302912,0.516935,-0.020458,0.358271,0.546689,-0.030259,0.400835,0.516251,-0.041737,0.430649,0.477438,-0.052277,0.446789,0.515063,-0.012847,0.51275,0.52075,-0.032718,0.554025,0.518673,-0.047776,0.590877,0.515043,-0.058627,0.448814,0.465263,-0.022016,0.528163,0.472823,-0.04298,0.574438,0.480335,-0.059018,0.614969,0.481891,-0.069227,0.43147,0.418989,-0.03426,0.491982,0.419343,-0.070624,0.450557,0.439518,-0.07756,0.413891,0.451002,-0.072873,0.400036,0.37709,-0.047969,0.435865,0.393477,-0.080005,0.405716,0.420101,-0.081883,0.374601,0.436649,-0.076599
U,0.271794,0.445452,0,0.301789,0.514089,-0.020289,0.35757,0.542957,-0.029424,0.399507,0.512013,-0.04038,0.429545,0.473345,-0.05013,0.445675,0.512151,-0.010407,0.511582,0.51824,-0.029666,0.552733,0.516364,-0.044393,0.58893,0.512352,-0.054894,0.447778,0.461894,-0.019336,0.525644,0.468925,-0.040261,0.572464,0.476277,-0.056777,0.612594,0.477281,-0.067041,0.430683,0.415343,-0.031495,0.490454,0.41506,-0.068135,0.448875,0.435137,-0.075572,0.41231,0.446602,-0.070773,0.399099,0.373736,-0.045096,0.434682,0.390678,-0.077606,0.404418,0.418405,-0.080057,0.373201,0.436046,-0.074801
U,0.26988,0.449085,0,0.300614,0.517647,-0.019931,0.356252,0.546436,-0.029309,0.397518,0.517195,-0.04074,0.427488,0.477753,-0.051112,0.445237,0.513627,-0.011121,0.511877,0.51915,-0.030568,0.553168,0.517029,-0.045515,0.590003,0.513365,-0.056393,0.446856,0.463668,-0.020602,0.525699,0.469497,-0.041584,0.572298,0.476693,-0.058061,0.613029,0.478265,-0.068646,0.429372,0.417307,-0.033195,0.490126,0.417214,-0.069545,0.447726,0.437716,-0.076181,0.410574,0.449411,-0.071213,0.397477,0.376197,-0.047288,0.433736,0.392713,-0.079299,0.403346,0.419907,-0.08106,0.372088,0.436751,-0.075639
U,0.275102,0.453803,0,0.304589,0.522696,-0.01974,0.359443,0.551711,-0.028993,0.400877,0.522653,-0.040211,0.43076,0.485401,-0.050355,0.44844,0.520403,-0.010791,0.514902,0.526634,-0.030141,0.555771,0.524879,-0.044849,0.592132,0.521215,-0.055315,0.450438,0.470534,-0.019989,0.529039,0.478493,-0.040753,0.575771,0.485563,-0.057005,0.616321,0.487159,-0.067248,0.433524,0.424329,-0.032281,0.495288,0.423964,-0.068803,0.454566,0.442414,-0.07589,0.417563,0.453143,-0.07099,0.401894,0.382886,-0.045949,0.438464,0.399682,-0.078364,0.408384,0.426504,-0.080359,0.376057,0.443496,-0.074809
U,0.278233,0.457536,0,0.306277,0.525956,-0.01898,0.360059,0.557183,-0.028189,0.402862,0.529168,-0.039328,0.434743,0.491651,-0.049643,0.450311,0.526262,-0.010492,0.517644,0.53258,-0.029301,0.55981,0.531416,-0.043561,0.596542,0.529078,-0.053821,0.452691,0.476575,-0.019768,0.532339,0.484352,-0.039752,0.577891,0.491021,-0.055437,0.617893,0.493252,-0.065211,0.436004,0.431103,-0.031987,0.499329,0.429543,-0.067927,0.460109,0.448419,-0.075367,0.42369,0.460238,-0.070951,0.404788,0.389718,-0.045424,0.441318,0.405039,-0.077995,0.41153,0.431031,-0.080512,0.378903,0.447774,-0.075353
U,0.279333,0.453661,0,0.308962,0.522706,-0.018989,0.363038,0.554262,-0.028137,0.405278,0.527021,-0.039341,0.435682,0.486863,-0.049653,0.451951,0.521501,-0.011352,0.518405,0.530141,-0.030542,0.559238,0.528886,-0.045113,0.5957,0.525917,-0.055676,0.454431,0.472777,-0.020839,0.534373,0.480293,-0.040767,0.57883,0.488595,-0.056062,0.618059,0.491771,-0.06612,0.437657,0.427384,-0.033292,0.497227,0.430119,-0.068166,0.455356,0.450289,-0.074672,0.418387,0.461576,-0.070328,0.406896,0.386602,-0.0472,0.441447,0.403688,-0.077614,0.411867,0.429951,-0.079295,0.381138,0.445977,-0.074462
U,0.282521,0.451907,0,0.310263,0.520242,-0.018384,0.363617,0.550568,-0.027325,0.405827,0.522184,-0.038264,0.436593,0.485639,-0.048518,0.450758,0.519596,-0.010731,0.516552,0.526311,-0.029516,0.557516,0.526095,-0.043544,0.593662,0.524159,-0.053661,0.453512,0.471157,-0.020235,0.532023,0.480586,-0.040577,0.577465,0.488091,-0.05618,0.617392,0.490389,-0.065879,0.437414,0.426505,-0.032581,0.500738,0.425259,-0.068297,0.462359,0.443229,-0.075122,0.426954,0.454316,-0.070296,0.406646,0.385248,-0.046113,0.444756,0.399841,-0.077994,0.41555,0.426212,-0.079935,0.383131,0.443372,-0.074482
U,0.282934,0.45621,0,0.310755,0.523648,-0.018404,0.364134,0.55546,-0.027371,0.40612,0.528646,-0.038346,0.436874,0.490804,-0.048446,0.45246,0.523345,-0.010543,0.517578,0.530794,-0.029342,0.557711,0.529212,-0.04364,0.593146,0.526181,-0.053946,0.454841,0.474722,-0.019961,0.533322,0.483815,-0.040155,0.578666,0.491537,-0.055894,0.618496,0.494058,-0.065941,0.438691,0.430039,-0.032202,0.50196,0.431525,-0.067674,0.463171,0.450253,-0.074489,0.427146,0.46061,-0.06993,0.408334,0.389654,-0.045686,0.445071,0.408753,-0.077371,0.415506,0.434341,-0.079299,0.383561,0.449039,-0.074027
U,0.279019,0.456567,0,0.307919,0.524218,-0.018146,0.361617,0.556687,-0.026535,0.403497,0.530244,-0.03704,0.434046,0.491885,-0.046634,0.449919,0.523216,-0.009198,0.516027,0.532445,-0.027187,0.556401,0.531546,-0.040682,0.59161,0.52897,-0.0504,0.452547,0.474913,-0.018747,0.531886,0.482815,-0.038187,0.576138,0.491577,-0.053091,0.615016,0.494757,-0.062418,0.43615,0.430007,-0.031264,0.496356,0.434416,-0.066421,0.45506,0.454712,-0.072984,0.418513,0.464944,-0.068154,0.405505,0.389492,-0.045034,0.441823,0.410491,-0.076016,0.412059,0.436764,-0.077588,0.380641,0.451108,-0.07223
U,0.277588,0.466488,0,0.307678,0.537734,-0.019069,0.361118,0.571832,-0.027979,0.404319,0.546075,-0.038882,0.434373,0.507678,-0.048715,0.453004,0.537042,-0.010647,0.518489,0.545651,-0.029162,0.559046,0.545874,-0.043693,0.595529,0.54423,-0.054741,0.454777,0.487796,-0.019991,0.534835,0.495847,-0.039869,0.578011,0.504924,-0.055599,0.615996,0.508545,-0.066251,0.437458,0.442527,-0.032334,0.499172,0.44948,-0.067561,0.458075,0.470963,-0.075274,0.421136,0.482384,-0.072069,0.406446,0.403411,-0.0461,0.439726,0.426248,-0.077621,0.409506,0.453007,-0.081138,0.379022,0.468241,-0.077825
U,0.279332,0.470751,0,0.309281,0.541609,-0.018439,0.362436,0.575445,-0.027227,0.40592,0.55116,-0.038375,0.438176,0.514586,-0.048277,0.455204,0.544205,-0.008382,0.520546,0.554537,-0.026825,0.560758,0.555231,-0.041466,0.597182,0.554848,-0.052591,0.457638,0.494805,-0.018081,0.536846,0.504388,-0.037883,0.579148,0.514832,-0.053495,0.616583,0.520214,-0.064085,0.441395,0.449734,-0.031011,0.501518,0.459703,-0.066309,0.458581,0.480811,-0.074027,0.420707,0.491321,-0.07086,0.411333,0.410697,-0.045425,0.441176,0.435571,-0.076712,0.410177,0.461325,-0.080559,0.380175,0.475579,-0.077633
U,0.27939,0.467871,0,0.308918,0.53952,-0.019285,0.361807,0.572784,-0.028526,0.405403,0.548038,-0.040073,0.43977,0.512937,-0.050235,0.455673,0.543646,-0.008345,0.519935,0.553796,-0.026703,0.55962,0.554442,-0.041612,0.596153,0.554826,-0.053196,0.458226,0.493815,-0.017856,0.537377,0.502647,-0.037802,0.579043,0.512944,-0.053665,0.616449,0.518751,-0.064612,0.442159,0.448275,-0.030783,0.502664,0.457496,-0.066883,0.458564,0.478973,-0.075201,0.420213,0.489835,-0.072461,0.412388,0.408949,-0.045243,0.441157,0.433386,-0.077638,0.409308,0.459256,-0.082405,0.379243,0.473857,-0.080156
U,0.280165,0.481725,0,0.309381,0.551616,-0.02079,0.362995,0.585564,-0.030571,0.406764,0.559521,-0.042133,0.440429,0.524595,-0.052228,0.455844,0.551942,-0.011642,0.520528,0.561586,-0.031359,0.561046,0.562141,-0.046494,0.597,0.559796,-0.057729,0.457597,0.502598,-0.020377,0.536766,0.511423,-0.041784,0.580624,0.521309,-0.058421,0.619268,0.525117,-0.069316,0.440259,0.456826,-0.032388,0.501911,0.464322,-0.06918,0.460662,0.487064,-0.077394,0.423765,0.499014,-0.074073,0.409323,0.41653,-0.045926,0.441248,0.440517,-0.079082,0.411075,0.468548,-0.083535,0.381293,0.484679,-0.080445
U,0.27715,0.484419,0,0.30592,0.555331,-0.020269,0.359587,0.5905,-0.029399,0.40253,0.563571,-0.040353,0.434995,0.526146,-0.049913,0.453371,0.555228,-0.010132,0.518447,0.564705,-0.028849,0.558992,0.564925,-0.043688,0.595511,0.563792,-0.055058,0.455144,0.504846,-0.018987,0.535442,0.51202,-0.039067,0.577753,0.521684,-0.054937,0.615506,0.526245,-0.06579,0.43819,0.459043,-0.03119,0.499732,0.470005,-0.06732,0.456826,0.492585,-0.075356,0.419499,0.502714,-0.072401,0.407535,0.41961,-0.044942,0.437534,0.44708,-0.077616,0.405844,0.473609,-0.082022,0.376243,0.486862,-0.079397
U,0.275896,0.471037,0,0.305616,0.542475,-0.018855,0.358532,0.576038,-0.027453,0.401109,0.548181,-0.038217,0.432214,0.509619,-0.0479,0.453066,0.543149,-0.008101,0.518028,0.550751,-0.026448,0.558718,0.550701,-0.04108,0.594904,0.549239,-0.052115,0.454183,0.493067,-0.017878,0.533781,0.500244,-0.03754,0.577074,0.508795,-0.053289,0.614445,0.512184,-0.063705,0.43616,0.447593,-0.030971,0.496292,0.452129,-0.066868,0.4542,0.474024,-0.075352,0.41642,0.486815,-0.07233,0.404741,0.40782,-0.045485,0.434934,0.42735,-0.077643,0.404625,0.454004,-0.081911,0.374883,0.47106,-0.078967
U,0.279227,0.455277,0,0.307162,0.523588,-0.018685,0.359909,0.556646,-0.027796,0.402364,0.529204,-0.038874,0.433063,0.489805,-0.049265,0.451038,0.524968,-0.010725,0.517152,0.532173,-0.029435,0.558047,0.530704,-0.043445,0.593882,0.528628,-0.053514,0.452979,0.476424,-0.020251,0.531925,0.482873,-0.040042,0.576031,0.491278,-0.055525,0.614769,0.495258,-0.065363,0.436039,0.431136,-0.032692,0.49297,0.433585,-0.067796,0.451709,0.454557,-0.075501,0.415622,0.466326,-0.071762,0.405675,0.389719,-0.046376,0.438351,0.405133,-0.077074,0.408681,0.431643,-0.079539,0.37833,0.448413,-0.075107
U,0.279785,0.450916,0,0.306669,0.518705,-0.02024,0.360421,0.548478,-0.029676,0.402202,0.519563,-0.040767,0.433453,0.4837,-0.050837,0.448883,0.521231,-0.011839,0.515261,0.527871,-0.030971,0.556655,0.526657,-0.045178,0.592871,0.524854,-0.055253,0.451362,0.471655,-0.020582,0.529992,0.479637,-0.040945,0.575983,0.487221,-0.056606,0.61591,0.490525,-0.066357,0.435107,0.42549,-0.032404,0.494799,0.426073,-0.068893,0.453921,0.443099,-0.076245,0.417246,0.452708,-0.071552,0.40458,0.383203,-0.04556,0.439244,0.397715,-0.078336,0.408974,0.423392,-0.080926,0.377101,0.440269,-0.075757
U,0.279386,0.445879,0,0.307736,0.514848,-0.020151,0.361606,0.545689,-0.02994,0.40307,0.517432,-0.041671,0.432706,0.478001,-0.052431,0.449958,0.517212,-0.0126,0.516197,0.525678,-0.032587,0.557254,0.524948,-0.047695,0.59412,0.52312,-0.058624,0.452327,0.46782,-0.022065,0.530718,0.476118,-0.043708,0.577016,0.48478,-0.060465,0.617684,0.488421,-0.071263,0.435595,0.421429,-0.034544,0.493835,0.424155,-0.071045,0.451351,0.441758,-0.07789,0.414809,0.451325,-0.073225,0.40484,0.379613,-0.048533,0.438722,0.395935,-0.080253,0.408231,0.421488,-0.082099,0.377543,0.43762,-0.076939
U,0.27973,0.442191,0,0.308717,0.510672,-0.021687,0.362334,0.540646,-0.032005,0.403384,0.512223,-0.043883,0.433296,0.473468,-0.054527,0.451252,0.512691,-0.014134,0.517378,0.520412,-0.03428,0.55861,0.519412,-0.049604,0.595751,0.517066,-0.060834,0.453692,0.463331,-0.022747,0.531127,0.471798,-0.044827,0.577189,0.480808,-0.061935,0.617196,0.484269,-0.073028,0.437209,0.416485,-0.034507,0.495205,0.420054,-0.071206,0.452873,0.437404,-0.078473,0.416592,0.446768,-0.074201,0.407039,0.374803,-0.047943,0.438086,0.392129,-0.080284,0.407825,0.41749,-0.083209,0.37838,0.433727,-0.078842
U,0.303276,0.51029,0,0.336828,0.473389,-0.022312,0.378939,0.461262,-0.031715,0.410135,0.493994,-0.04124,0.434787,0.532247,-0.04916,0.438786,0.479593,-0.007459,0.488912,0.4804,-0.021268,0.517601,0.482419,-0.032409,0.543773,0.488768,-0.041499,0.438273,0.5184,-0.009174,0.503035,0.517659,-0.024593,0.535748,0.516973,-0.035193,0.562663,0.518274,-0.042301,0.424206,0.552001,-0.014496,0.472901,0.569492,-0.041989,0.442041,0.555493,-0.046998,0.414959,0.543569,-0.044467,0.400084,0.583478,-0.021706,0.42934,0.591369,-0.048691,0.409543,0.571098,-0.052384,0.38749,0.552956,-0.050153
U,0.304672,0.511805,0,0.337731,0.474398,-0.022154,0.379563,0.461906,-0.031337,0.410845,0.495094,-0.040644,0.434942,0.533699,-0.048335,0.439925,0.479453,-0.00678,0.490119,0.480079,-0.020085,0.51896,0.482156,-0.030895,0.545069,0.488614,-0.039795,0.43969,0.518543,-0.008423,0.50392,0.516856,-0.023454,0.536795,0.515982,-0.033846,0.563884,0.517204,-0.040787,0.425851,0.552387,-0.013698,0.473981,0.569268,-0.040956,0.443073,0.555431,-0.045999,0.41596,0.543837,-0.043453,0.401928,0.584196,-0.020847,0.431101,0.591705,-0.047805,0.410956,0.571085,-0.051592,0.388638,0.553047,-0.049366
U,0.30414,0.511811,0,0.338011,0.474784,-0.022666,0.379704,0.462631,-0.032121,0.411052,0.496269,-0.041636,0.435104,0.535154,-0.049539,0.439636,0.480135,-0.007194,0.489597,0.481331,-0.020801,0.518007,0.483495,-0.031729,0.543955,0.489732,-0.040658,0.439451,0.519157,-0.008737,0.504293,0.517593,-0.024141,0.536641,0.516685,-0.034565,0.563383,0.517597,-0.041463,0.425507,0.552998,-0.013988,0.473257,0.570738,-0.041822,0.441647,0.557184,-0.046928,0.414318,0.545036,-0.044252,0.401398,0.584643,-0.021153,0.430759,0.592858,-0.048493,0.4103,0.572987,-0.052374,0.387957,0.554745,-0.050165
U,0.306509,0.51488,0,0.340053,0.477403,-0.022946,0.381994,0.464681,-0.032477,0.413281,0.497993,-0.042107,0.43814,0.537348,-0.050065,0.443238,0.482896,-0.006355,0.492611,0.483644,-0.019639,0.520895,0.48603,-0.030436,0.54685,0.493108,-0.039344,0.442798,0.522177,-0.007836,0.507254,0.520169,-0.023061,0.539007,0.519317,-0.033608,0.565272,0.520881,-0.040646,0.428873,0.555799,-0.013119,0.475396,0.574641,-0.041376,0.443172,0.560038,-0.046737,0.415801,0.547195,-0.044126,0.404868,0.587373,-0.020293,0.433375,0.595854,-0.047735,0.412507,0.575879,-0.051626,0.390327,0.557724,-0.049433
U,0.308706,0.516974,0,0.342287,0.480168,-0.022957,0.38469,0.467293,-0.032592,0.417442,0.497921,-0.042813,0.44181,0.537693,-0.051215,0.446145,0.485221,-0.004916,0.496226,0.487343,-0.018947,0.525624,0.488437,-0.030391,0.552554,0.49412,-0.039606,0.44598,0.524076,-0.006574,0.509916,0.522001,-0.02247,0.542775,0.520252,-0.033682,0.570473,0.521559,-0.040986,0.43228,0.558075,-0.012234,0.478639,0.574435,-0.041209,0.445587,0.557287,-0.046737,0.418333,0.543396,-0.043764,0.408662,0.590769,-0.019875,0.435938,0.597972,-0.047389,0.415475,0.576932,-0.051537,0.39403,0.558593,-0.049342
U,0.307717,0.51584,0,0.341818,0.479396,-0.022288,0.384054,0.465877,-0.031947,0.416465,0.497388,-0.042232,0.441406,0.537485,-0.05072,0.445069,0.483404,-0.004552,0.494948,0.485164,-0.018119,0.524371,0.485924,-0.028939,0.551369,0.491024,-0.03768,0.445013,0.522786,-0.006608,0.50857,0.520601,-0.022207,0.541254,0.518108,-0.032966,0.56902,0.51885,-0.039835,0.431215,0.556912,-0.012569,0.477696,0.573046,-0.041384,0.444671,0.555366,-0.046491,0.417656,0.541601,-0.043126,0.407328,0.589253,-0.020381,0.435867,0.596015,-0.047429,0.415481,0.574652,-0.050863,0.394058,0.556115,-0.048136
U,0.304902,0.51527,0,0.340432,0.479751,-0.02234,0.382557,0.466537,-0.031903,0.415036,0.497728,-0.04222,0.439587,0.537745,-0.050578,0.444278,0.484426,-0.00383,0.494337,0.486454,-0.017542,0.523459,0.48775,-0.028991,0.55053,0.493589,-0.038297,0.444178,0.52328,-0.005862,0.508516,0.521391,-0.021562,0.541128,0.519358,-0.032852,0.568821,0.520222,-0.040283,0.430282,0.557341,-0.011859,0.476294,0.574446,-0.040717,0.443183,0.557195,-0.046042,0.416116,0.54242,-0.042937,0.406116,0.58995,-0.01982,0.433064,0.598283,-0.046956,0.413224,0.576799,-0.050721,0.392502,0.557032,-0.048301
U,0.307123,0.519656,0,0.341445,0.483427,-0.022767,0.383915,0.470979,-0.032246,0.415612,0.503373,-0.042249,0.440422,0.543521,-0.050499,0.446873,0.490046,-0.004954,0.49747,0.491853,-0.018895,0.527122,0.493663,-0.030504,0.554093,0.500305,-0.039962,0.44615,0.529287,-0.006803,0.510133,0.527114,-0.022483,0.542739,0.525407,-0.03381,0.570202,0.526721,-0.041385,0.431664,0.563301,-0.012623,0.478053,0.580871,-0.041418,0.44445,0.563885,-0.046946,0.416825,0.550149,-0.044199,0.406878,0.595429,-0.020405,0.434709,0.603256,-0.048125,0.413714,0.581669,-0.052235,0.39189,0.563068,-0.050068
U,0.304966,0.52933,0,0.340427,0.490652,-0.023196,0.384147,0.476817,-0.033023,0.417091,0.509092,-0.043668,0.442976,0.549125,-0.05257,0.447264,0.494159,-0.004319,0.499637,0.495586,-0.018889,0.531078,0.497236,-0.030599,0.559601,0.503642,-0.040072,0.447206,0.535398,-0.006723,0.513216,0.532913,-0.024006,0.548175,0.53076,-0.035996,0.577775,0.531562,-0.043516,0.432399,0.571353,-0.013242,0.480781,0.587714,-0.044634,0.44619,0.570821,-0.050498,0.418083,0.557897,-0.047001,0.40715,0.604519,-0.021648,0.436206,0.611602,-0.051117,0.413907,0.590836,-0.055202,0.39104,0.574086,-0.052496
U,0.298686,0.531404,0,0.334385,0.491228,-0.023834,0.379342,0.476654,-0.033927,0.414145,0.509166,-0.044842,0.440562,0.550497,-0.054,0.4442,0.494826,-0.004644,0.498519,0.495563,-0.019693,0.531277,0.496377,-0.031663,0.560765,0.501985,-0.041272,0.444233,0.536678,-0.006984,0.512301,0.533849,-0.024729,0.54827,0.53115,-0.036821,0.578508,0.531564,-0.044277,0.429162,0.57349,-0.013508,0.479547,0.589015,-0.045641,0.443901,0.57123,-0.051216,0.41454,0.558135,-0.047207,0.403356,0.607778,-0.021982,0.433912,0.613819,-0.052218,0.411098,0.591992,-0.056131,0.387183,0.574786,-0.052999
U,0.294822,0.526989,0,0.331147,0.485798,-0.023484,0.376988,0.470532,-0.033499,0.411308,0.504418,-0.044557,0.435695,0.54812,-0.053749,0.443196,0.491206,-0.004222,0.498288,0.492495,-0.019431,0.53085,0.492689,-0.031851,0.560907,0.497894,-0.042012,0.442987,0.533531,-0.00718,0.513014,0.530815,-0.024895,0.549565,0.528347,-0.037383,0.58052,0.529229,-0.045499,0.427545,0.571189,-0.014332,0.478937,0.587203,-0.046394,0.442086,0.569285,-0.052122,0.411444,0.555886,-0.048557,0.401064,0.607251,-0.023535,0.430864,0.612714,-0.054189,0.407674,0.590089,-0.058517,0.383292,0.57232,-0.055834
U,0.287716,0.524699,0,0.324063,0.482223,-0.024983,0.369326,0.466224,-0.035772,0.40389,0.500067,-0.04713,0.432034,0.541327,-0.056619,0.437737,0.486299,-0.007479,0.495465,0.485479,-0.023235,0.529309,0.486036,-0.035779,0.559736,0.492859,-0.045957,0.437662,0.529729,-0.009824,0.509198,0.525675,-0.027879,0.547501,0.523793,-0.040578,0.578877,0.525174,-0.048955,0.422392,0.568101,-0.016359,0.475085,0.584014,-0.048244,0.439859,0.568475,-0.054455,0.408836,0.556344,-0.051593,0.396062,0.604584,-0.025053,0.426988,0.610048,-0.055927,0.403949,0.586426,-0.060542,0.378552,0.566927,-0.058179
U,0.288419,0.523649,0,0.324954,0.479453,-0.024824,0.371775,0.463892,-0.03546,0.406767,0.497081,-0.04704,0.434002,0.539843,-0.056877,0.440681,0.486479,-0.005953,0.498147,0.485399,-0.022238,0.532728,0.484839,-0.03504,0.56383,0.490584,-0.045376,0.440716,0.530543,-0.00886,0.512927,0.525536,-0.027893,0.55126,0.522057,-0.040789,0.583129,0.522792,-0.048906,0.424708,0.569481,-0.016099,0.477987,0.583325,-0.050082,0.439665,0.565249,-0.055915,0.407408,0.552769,-0.051881,0.397415,0.605611,-0.025433,0.429168,0.609852,-0.057763,0.404744,0.585976,-0.062088,0.378773,0.567736,-0.059029
U,0.290247,0.5257,0,0.326376,0.480507,-0.025674,0.373763,0.464184,-0.036343,0.40967,0.497442,-0.047863,0.437568,0.540071,-0.057589,0.44385,0.486141,-0.006227,0.501751,0.483892,-0.022718,0.537012,0.483232,-0.035676,0.568411,0.488868,-0.046139,0.444096,0.530839,-0.009003,0.516927,0.524394,-0.028664,0.556309,0.5206,-0.042094,0.588717,0.521111,-0.050436,0.427979,0.57011,-0.016205,0.480714,0.584627,-0.051161,0.441985,0.567117,-0.057248,0.409698,0.554483,-0.053135,0.400292,0.606452,-0.025525,0.431445,0.611048,-0.058523,0.406826,0.586909,-0.062854,0.381052,0.568117,-0.059676
U,0.29122,0.527068,0,0.327144,0.481953,-0.027394,0.374275,0.465196,-0.038712,0.410203,0.499127,-0.050459,0.438937,0.542437,-0.060319,0.445887,0.486586,-0.007976,0.504944,0.484589,-0.02487,0.540572,0.48439,-0.038217,0.572585,0.490669,-0.049011,0.445775,0.532075,-0.009825,0.519575,0.526308,-0.029538,0.559645,0.522371,-0.043027,0.592421,0.522888,-0.051561,0.429599,0.572387,-0.01624,0.483995,0.586484,-0.051295,0.445391,0.568159,-0.057765,0.412327,0.556153,-0.054055,0.402072,0.610185,-0.024926,0.43385,0.612676,-0.058825,0.408461,0.587978,-0.06394,0.381432,0.57043,-0.061199
U,0.279925,0.532629,0,0.31698,0.487657,-0.027146,0.365645,0.47512,-0.038223,0.400511,0.514823,-0.049334,0.430662,0.558444,-0.058855,0.435853,0.49481,-0.010625,0.498863,0.49486,-0.02685,0.534857,0.495826,-0.038941,0.566846,0.504334,-0.049016,0.434451,0.542753,-0.012694,0.514924,0.538612,-0.031594,0.556062,0.536862,-0.04438,0.588809,0.539158,-0.052725,0.417097,0.584438,-0.019047,0.475094,0.602374,-0.053897,0.43445,0.585355,-0.060902,0.398601,0.573162,-0.057802,0.388905,0.622644,-0.027502,0.424868,0.627314,-0.062593,0.39853,0.602307,-0.068573,0.369679,0.583535,-0.066472
U,0.274383,0.537782,0,0.31133,0.490255,-0.029223,0.36019,0.47661,-0.041073,0.395643,0.516982,-0.052392,0.426633,0.561141,-0.061824,0.433061,0.496381,-0.011856,0.495424,0.498061,-0.028898,0.531908,0.499534,-0.041824,0.56431,0.50857,-0.052344,0.431331,0.54525,-0.012982,0.510262,0.54146,-0.0326,0.552268,0.540571,-0.045986,0.586565,0.544019,-0.054581,0.413507,0.587021,-0.018566,0.471309,0.60875,-0.054346,0.430725,0.591854,-0.06109,0.395484,0.579329,-0.057552,0.385155,0.625406,-0.026379,0.420527,0.632995,-0.062326,0.393024,0.608554,-0.067988,0.364114,0.590414,-0.065287
U,0.274799,0.529792,0,0.312759,0.486992,-0.028202,0.360951,0.472434,-0.040339,0.395848,0.507301,-0.053064,0.423958,0.551801,-0.063961,0.437095,0.493578,-0.010074,0.498646,0.492407,-0.027972,0.534752,0.495126,-0.042741,0.567691,0.503822,-0.054932,0.435598,0.540953,-0.012644,0.514063,0.536409,-0.032772,0.555647,0.533757,-0.04732,0.590143,0.533533,-0.057434,0.417686,0.582479,-0.019812,0.475832,0.601175,-0.055244,0.435199,0.58483,-0.062122,0.399767,0.571295,-0.05932,0.388084,0.621062,-0.02942,0.424003,0.62749,-0.06433,0.397871,0.603278,-0.069899,0.369072,0.583963,-0.067839
U,0.27761,0.530945,0,0.31342,0.483875,-0.028723,0.362614,0.469355,-0.040622,0.397657,0.50804,-0.05261,0.428041,0.551617,-0.062819,0.437616,0.489187,-0.011629,0.50002,0.488932,-0.030464,0.536716,0.490536,-0.04523,0.569767,0.498397,-0.057022,0.436665,0.537974,-0.013723,0.514983,0.534675,-0.034903,0.557305,0.533475,-0.049807,0.592419,0.535247,-0.059392,0.419215,0.580476,-0.020366,0.478131,0.597546,-0.057294,0.436821,0.581299,-0.064813,0.400688,0.569763,-0.061541,0.390309,0.61982,-0.029289,0.425106,0.623471,-0.065761,0.398103,0.598875,-0.071856,0.36901,0.580913,-0.069396
U,0.278665,0.530639,0,0.314794,0.484616,-0.02903,0.363865,0.469239,-0.040997,0.400159,0.506031,-0.053369,0.43073,0.550584,-0.063782,0.439552,0.491408,-0.00843,0.500764,0.49189,-0.026428,0.537926,0.493014,-0.040421,0.571331,0.500209,-0.051645,0.438632,0.539408,-0.010618,0.515111,0.535193,-0.032006,0.557497,0.533141,-0.046655,0.592431,0.535386,-0.055675,0.420942,0.580838,-0.017714,0.477173,0.59785,-0.055826,0.435831,0.578642,-0.063369,0.400717,0.565694,-0.059421,0.391789,0.619219,-0.027122,0.425437,0.622801,-0.063969,0.398522,0.597748,-0.070072,0.370147,0.579864,-0.067381
U,0.284218,0.530639,0,0.319229,0.482979,-0.030882,0.368637,0.468463,-0.043228,0.404959,0.50481,-0.055786,0.435351,0.548592,-0.066232,0.444262,0.487922,-0.009001,0.505272,0.488598,-0.027128,0.542444,0.489759,-0.041208,0.57563,0.49701,-0.052527,0.443967,0.535722,-0.010421,0.519819,0.530933,-0.03237,0.562276,0.530292,-0.047703,0.597023,0.533999,-0.057151,0.427035,0.577057,-0.017008,0.482022,0.593775,-0.0561,0.440454,0.574766,-0.064987,0.40531,0.561673,-0.061741,0.399012,0.61575,-0.026055,0.430516,0.619522,-0.064145,0.403095,0.594842,-0.07185,0.374861,0.576983,-0.070218
U,0.286063,0.528758,0,0.320602,0.483902,-0.03056,0.368464,0.471069,-0.042745,0.403027,0.508287,-0.055065,0.431082,0.551954,-0.06534,0.445086,0.486472,-0.009728,0.505833,0.48857,-0.027721,0.542681,0.490642,-0.042265,0.575963,0.497751,-0.054185,0.44456,0.534172,-0.011118,0.520393,0.530297,-0.032702,0.562462,0.530353,-0.048361,0.597235,0.533333,-0.058458,0.427658,0.575649,-0.017447,0.484144,0.593209,-0.055722,0.443085,0.576288,-0.064428,0.407532,0.56323,-0.061639,0.399599,0.614319,-0.026246,0.431248,0.618507,-0.064398,0.403935,0.593544,-0.072057,0.375208,0.574244,-0.070512
U,0.284282,0.528101,0,0.319453,0.482328,-0.028874,0.367112,0.467457,-0.041477,0.40101,0.504111,-0.054798,0.426455,0.548656,-0.066023,0.442763,0.485799,-0.009676,0.502996,0.486694,-0.029192,0.540113,0.488067,-0.044618,0.573698,0.494565,-0.056903,0.443205,0.532874,-0.012522,0.518767,0.530145,-0.035615,0.560765,0.53004,-0.051792,0.596105,0.533171,-0.061924,0.42658,0.57421,-0.020124,0.48085,0.590489,-0.058621,0.440362,0.572902,-0.066135,0.40639,0.55981,-0.062236,0.398258,0.612374,-0.030185,0.429334,0.61786,-0.066177,0.402973,0.592446,-0.071803,0.375576,0.572688,-0.069073
U,0.282255,0.524996,0,0.318354,0.479725,-0.027762,0.366132,0.46608,-0.039113,0.400605,0.502698,-0.050908,0.427868,0.546011,-0.060735,0.441474,0.482307,-0.009557,0.50221,0.482619,-0.027808,0.538702,0.484694,-0.042603,0.571623,0.491645,-0.054447,0.440803,0.528933,-0.011874,0.516443,0.525616,-0.032505,0.55771,0.525057,-0.047266,0.591799,0.52648,-0.056863,0.424215,0.57069,-0.018757,0.480367,0.586861,-0.05439,0.4421,0.570962,-0.061791,0.408604,0.558836,-0.058882,0.396354,0.610073,-0.028007,0.427687,0.614476,-0.062787,0.401881,0.589077,-0.068622,0.374368,0.570031,-0.066378
U,0.281223,0.524173,0,0.316313,0.477773,-0.027789,0.363806,0.463066,-0.039761,0.398489,0.50119,-0.051994,0.426621,0.545082,-0.062467,0.4386,0.477736,-0.012124,0.499877,0.478579,-0.030534,0.535893,0.480061,-0.044696,0.568318,0.486564,-0.055932,0.438829,0.525866,-0.0144,0.515252,0.523046,-0.034966,0.556358,0.52226,-0.049185,0.590632,0.523547,-0.058346,0.422584,0.567802,-0.020986,0.478728,0.583096,-0.056118,0.440613,0.56794,-0.063241,0.406945,0.555986,-0.060228,0.394623,0.606158,-0.029876,0.427079,0.609984,-0.064012,0.401963,0.585763,-0.069419,0.374223,0.566382,-0.066964
V,0.34685,0.514742,0,0.377032,0.477738,-0.021293,0.417465,0.468696,-0.031158,0.441675,0.504967,-0.041391,0.464388,0.541142,-0.050864,0.482809,0.495807,-0.016073,0.538778,0.481733,-0.034448,0.572327,0.474717,-0.048833,0.601087,0.475996,-0.059169,0.478138,0.539805,-0.01924,0.547811,0.552052,-0.035895,0.58548,0.558244,-0.047671,0.614054,0.564811,-0.055458,0.458851,0.575755,-0.025165,0.503955,0.59791,-0.053024,0.471954,0.570796,-0.057344,0.443891,0.551718,-0.054067,0.429293,0.606649,-0.032785,0.453301,0.613023,-0.059315,0.431645,0.581481,-0.060556,0.40958,0.558356,-0.056277
V,0.346317,0.516334,0,0.377049,0.479056,-0.020649,0.418066,0.469316,-0.030045,0.443121,0.504956,-0.040083,0.465736,0.540893,-0.049304,0.483213,0.496703,-0.014084,0.538934,0.482319,-0.031885,0.571965,0.47495,-0.046135,0.600491,0.47588,-0.056493,0.478956,0.540073,-0.017524,0.548477,0.550804,-0.033733,0.585834,0.555571,-0.045476,0.614116,0.561107,-0.053362,0.459941,0.575676,-0.023795,0.505244,0.597158,-0.051377,0.472713,0.570711,-0.055732,0.444004,0.55191,-0.052555,0.430572,0.606401,-0.031781,0.454957,0.613098,-0.058001,0.433481,0.582081,-0.059296,0.411298,0.558789,-0.055184
V,0.346276,0.518338,0,0.377484,0.477925,-0.019967,0.418353,0.466408,-0.028989,0.443894,0.502721,-0.039004,0.465818,0.538492,-0.048048,0.482905,0.492828,-0.011097,0.539136,0.477762,-0.028881,0.572692,0.470538,-0.043134,0.602076,0.470273,-0.053227,0.479321,0.536535,-0.014793,0.547207,0.547455,-0.031207,0.584644,0.553511,-0.043289,0.613582,0.560237,-0.051098,0.460729,0.572933,-0.021546,0.504445,0.591587,-0.049566,0.470869,0.565663,-0.053764,0.441706,0.547737,-0.049813,0.431741,0.604955,-0.029984,0.456357,0.611215,-0.055934,0.433931,0.580085,-0.056504,0.410898,0.556813,-0.05153
V,0.345922,0.516719,0,0.377032,0.477354,-0.020814,0.417588,0.466935,-0.030212,0.442757,0.502835,-0.040401,0.465892,0.537627,-0.049742,0.481997,0.492963,-0.012661,0.538184,0.477994,-0.030814,0.571841,0.471248,-0.045193,0.601022,0.471843,-0.055381,0.477928,0.536827,-0.016091,0.547095,0.548141,-0.033275,0.585041,0.554162,-0.045827,0.614036,0.560603,-0.053845,0.459412,0.573154,-0.022524,0.504595,0.592218,-0.051241,0.472501,0.566613,-0.056294,0.444194,0.54853,-0.052938,0.43051,0.604877,-0.030611,0.455464,0.61092,-0.057212,0.43338,0.57969,-0.058433,0.41044,0.5561,-0.053944
V,0.346196,0.518455,0,0.37708,0.480732,-0.020539,0.418012,0.470554,-0.029789,0.443996,0.506024,-0.039897,0.467792,0.541213,-0.049139,0.483492,0.496821,-0.011872,0.539379,0.482341,-0.0297,0.572697,0.474889,-0.043934,0.601524,0.474921,-0.054047,0.479658,0.540102,-0.01543,0.54888,0.551108,-0.031822,0.585824,0.556566,-0.043565,0.614017,0.56314,-0.051161,0.460739,0.575303,-0.022074,0.505776,0.594646,-0.050047,0.473463,0.568178,-0.054485,0.445018,0.549778,-0.050967,0.431518,0.605658,-0.03045,0.456158,0.611415,-0.056564,0.434729,0.580607,-0.057655,0.412481,0.557535,-0.053262
V,0.348725,0.520513,0,0.379684,0.480011,-0.021805,0.420493,0.469265,-0.031897,0.446627,0.504921,-0.042654,0.470186,0.540427,-0.052386,0.484158,0.494953,-0.012512,0.540083,0.480841,-0.031007,0.573973,0.474329,-0.045491,0.603337,0.474394,-0.055582,0.48086,0.53817,-0.01564,0.548539,0.550006,-0.03309,0.585905,0.556838,-0.045717,0.614614,0.564531,-0.053647,0.462676,0.573779,-0.021984,0.506886,0.592117,-0.051102,0.474516,0.566173,-0.055811,0.445977,0.548348,-0.051908,0.434299,0.604645,-0.030104,0.459835,0.610222,-0.057042,0.437122,0.579662,-0.058093,0.413458,0.556947,-0.053264
V,0.348422,0.519802,0,0.380021,0.479484,-0.021157,0.421069,0.468133,-0.030866,0.447165,0.504349,-0.04141,0.470056,0.540502,-0.050901,0.484564,0.494417,-0.011601,0.5409,0.480017,-0.029922,0.574904,0.473417,-0.044343,0.604396,0.473556,-0.054429,0.481293,0.537817,-0.014954,0.54883,0.54959,-0.032047,0.586174,0.555716,-0.044414,0.615051,0.56292,-0.052195,0.46291,0.573829,-0.021511,0.506899,0.59147,-0.050226,0.473636,0.564402,-0.054295,0.444582,0.546596,-0.049905,0.434358,0.605203,-0.029848,0.46079,0.610376,-0.056029,0.438236,0.579948,-0.056396,0.414581,0.558122,-0.051104
V,0.348895,0.521069,0,0.380556,0.478632,-0.021298,0.421149,0.467974,-0.030981,0.446135,0.504782,-0.04138,0.468893,0.539604,-0.050693,0.484308,0.493436,-0.01181,0.540339,0.479164,-0.030411,0.573566,0.473056,-0.045053,0.602754,0.472842,-0.055146,0.481397,0.537165,-0.015242,0.549149,0.549658,-0.032425,0.58634,0.55634,-0.045054,0.615237,0.563767,-0.053024,0.46347,0.57314,-0.021883,0.506698,0.59017,-0.050526,0.474142,0.563758,-0.054972,0.445476,0.546092,-0.050941,0.435464,0.604081,-0.030322,0.461594,0.609382,-0.056423,0.438774,0.57897,-0.056779,0.414809,0.557034,-0.051589
V,0.348385,0.518767,0,0.380765,0.478305,-0.020322,0.42363,0.467815,-0.029261,0.450054,0.504578,-0.039036,0.470979,0.542033,-0.047723,0.484347,0.494977,-0.011073,0.540814,0.482829,-0.029245,0.574556,0.476703,-0.043398,0.604273,0.47646,-0.053228,0.480785,0.538259,-0.014758,0.547952,0.551419,-0.031681,0.585194,0.557792,-0.043627,0.614325,0.564714,-0.051018,0.462321,0.574207,-0.021564,0.504967,0.591401,-0.050225,0.471453,0.563588,-0.053816,0.442611,0.545618,-0.049051,0.433905,0.605183,-0.030103,0.459655,0.609026,-0.056237,0.436946,0.577838,-0.056177,0.413508,0.556236,-0.050568
V,0.346844,0.515346,0,0.37802,0.475242,-0.020742,0.421009,0.464444,-0.029854,0.4474,0.501126,-0.039678,0.469697,0.538218,-0.048505,0.484254,0.492635,-0.012524,0.540787,0.478992,-0.030884,0.574633,0.471762,-0.045186,0.604138,0.471379,-0.055253,0.480337,0.536215,-0.016062,0.548891,0.548668,-0.033131,0.586514,0.554362,-0.045115,0.615366,0.560985,-0.052664,0.461359,0.571994,-0.022682,0.505719,0.589914,-0.05149,0.472415,0.562203,-0.055415,0.443443,0.544322,-0.051073,0.43228,0.602915,-0.031025,0.458418,0.60724,-0.057727,0.43602,0.575374,-0.058278,0.413041,0.552972,-0.05317
V,0.34338,0.513754,0,0.375653,0.471638,-0.021812,0.418166,0.461251,-0.031556,0.444054,0.4988,-0.042041,0.46718,0.535342,-0.051494,0.481611,0.487557,-0.012344,0.540019,0.474461,-0.03102,0.574684,0.469262,-0.045466,0.604719,0.470429,-0.055579,0.478175,0.531428,-0.015868,0.548239,0.544578,-0.033683,0.586578,0.551286,-0.046598,0.615912,0.558659,-0.054655,0.459586,0.567789,-0.022607,0.505473,0.587036,-0.052466,0.472616,0.559866,-0.05724,0.443443,0.542139,-0.053135,0.430621,0.599322,-0.0311,0.458059,0.605202,-0.058818,0.435093,0.573762,-0.059834,0.41076,0.551223,-0.054809
V,0.316498,0.51946,0,0.349381,0.476008,-0.023707,0.395186,0.469646,-0.033914,0.422137,0.512012,-0.044803,0.444856,0.553584,-0.054553,0.46695,0.498356,-0.015323,0.528852,0.484554,-0.035836,0.567202,0.480428,-0.051706,0.599092,0.482696,-0.06322,0.461066,0.547253,-0.019053,0.533993,0.562886,-0.039599,0.576585,0.573274,-0.054734,0.609107,0.581651,-0.064436,0.440153,0.585476,-0.02613,0.489551,0.608005,-0.058479,0.454138,0.579846,-0.06385,0.423457,0.560695,-0.060064,0.408448,0.617477,-0.035129,0.43519,0.6226,-0.065378,0.410465,0.588531,-0.067612,0.385521,0.564468,-0.063253
V,0.299327,0.525295,0,0.335079,0.475081,-0.026664,0.382511,0.465852,-0.038876,0.410829,0.511175,-0.051655,0.433462,0.555877,-0.062818,0.457831,0.50127,-0.015008,0.520553,0.488008,-0.038202,0.56043,0.48377,-0.056536,0.594545,0.48379,-0.069393,0.45285,0.553296,-0.018798,0.528381,0.572566,-0.041256,0.571337,0.584302,-0.057713,0.604946,0.595086,-0.067995,0.430398,0.592803,-0.026595,0.479403,0.615931,-0.060949,0.442358,0.585068,-0.065871,0.410815,0.56441,-0.060937,0.396507,0.624586,-0.036703,0.425824,0.633803,-0.066828,0.400511,0.598138,-0.067124,0.374547,0.572832,-0.06116
V,0.269597,0.549974,0,0.303618,0.495067,-0.027356,0.355716,0.492883,-0.038375,0.384013,0.54632,-0.049053,0.406042,0.595132,-0.058243,0.436328,0.522704,-0.017435,0.504695,0.511387,-0.040078,0.54754,0.505818,-0.057294,0.583028,0.505836,-0.069363,0.428735,0.577392,-0.020484,0.50589,0.599495,-0.042917,0.553755,0.614672,-0.059462,0.591511,0.62696,-0.069303,0.404068,0.61862,-0.027301,0.457077,0.650614,-0.064447,0.415689,0.622858,-0.069923,0.38059,0.603917,-0.0642,0.368575,0.651492,-0.035958,0.39607,0.664543,-0.072917,0.366129,0.630439,-0.075418,0.337715,0.606685,-0.068935
V,0.267751,0.555229,0,0.300672,0.497845,-0.027629,0.353301,0.495211,-0.03855,0.381234,0.549514,-0.048999,0.40413,0.598636,-0.057964,0.436355,0.526464,-0.018004,0.505951,0.51522,-0.041011,0.550219,0.509807,-0.059032,0.586643,0.509937,-0.07175,0.426749,0.582055,-0.021301,0.504379,0.606372,-0.043984,0.554097,0.62306,-0.061863,0.59364,0.637039,-0.07277,0.401306,0.623563,-0.028264,0.456257,0.654941,-0.066285,0.414179,0.624434,-0.072315,0.378377,0.605287,-0.066696,0.365729,0.656608,-0.036971,0.394369,0.667381,-0.075582,0.363174,0.631673,-0.078245,0.333843,0.608217,-0.071375
V,0.295339,0.522266,0,0.332966,0.472631,-0.027858,0.381434,0.462395,-0.04219,0.408387,0.506955,-0.056924,0.429707,0.553964,-0.070152,0.457483,0.505131,-0.020509,0.523937,0.49461,-0.045681,0.565718,0.493094,-0.064637,0.600473,0.495982,-0.077634,0.449541,0.557455,-0.02465,0.527784,0.580862,-0.048976,0.573733,0.595062,-0.065499,0.609654,0.60735,-0.075416,0.424587,0.596317,-0.032648,0.476317,0.622195,-0.068839,0.43884,0.588558,-0.073244,0.406032,0.56594,-0.067448,0.38798,0.626898,-0.042961,0.417359,0.635152,-0.07544,0.392165,0.597529,-0.075921,0.365878,0.571114,-0.069355
V,0.343921,0.494485,0,0.377498,0.450831,-0.023601,0.423242,0.445278,-0.033648,0.450011,0.487685,-0.044137,0.471882,0.528837,-0.053499,0.496081,0.474308,-0.015391,0.558829,0.463495,-0.035386,0.597569,0.460463,-0.050468,0.629189,0.463111,-0.06111,0.489528,0.522993,-0.018678,0.561371,0.542055,-0.037929,0.603457,0.555725,-0.051202,0.635769,0.566144,-0.059388,0.467806,0.561044,-0.025426,0.515968,0.58411,-0.056612,0.482532,0.557294,-0.061746,0.452636,0.537765,-0.057865,0.43532,0.591829,-0.034091,0.460783,0.598042,-0.063684,0.437091,0.564509,-0.065823,0.4126,0.540197,-0.061353
V,0.368996,0.518425,0,0.399808,0.47412,-0.024687,0.44325,0.470873,-0.035319,0.468609,0.512827,-0.045476,0.492489,0.551592,-0.054065,0.51871,0.497288,-0.016772,0.581786,0.486491,-0.036505,0.620908,0.481036,-0.051974,0.652702,0.481728,-0.062744,0.51155,0.544374,-0.019138,0.58264,0.563908,-0.037847,0.625445,0.577978,-0.052309,0.658585,0.590069,-0.061344,0.489819,0.580235,-0.024717,0.539496,0.60922,-0.056159,0.504186,0.58419,-0.061198,0.472826,0.56733,-0.056865,0.45846,0.609847,-0.031958,0.486129,0.623197,-0.063126,0.461344,0.592884,-0.064669,0.436176,0.571309,-0.058846
V,0.37161,0.525056,0,0.402252,0.478165,-0.025534,0.446396,0.474366,-0.036425,0.472922,0.518507,-0.046815,0.496903,0.557889,-0.055598,0.52223,0.497034,-0.017576,0.586817,0.486936,-0.038936,0.628079,0.483164,-0.055093,0.661355,0.483903,-0.065942,0.514778,0.545604,-0.020129,0.586481,0.566533,-0.040334,0.631674,0.580238,-0.055491,0.666713,0.591735,-0.06437,0.492022,0.582649,-0.026003,0.5425,0.612542,-0.059278,0.507267,0.586491,-0.064019,0.475383,0.569517,-0.05846,0.45957,0.612373,-0.033563,0.488169,0.625137,-0.065906,0.463219,0.595389,-0.06697,0.437437,0.575278,-0.060043
V,0.37543,0.512639,0,0.408375,0.466414,-0.028295,0.453612,0.460821,-0.040647,0.481738,0.505635,-0.052698,0.506073,0.548543,-0.062792,0.529668,0.487163,-0.018375,0.594686,0.475128,-0.042178,0.635242,0.471324,-0.059999,0.668736,0.471431,-0.072005,0.524436,0.538396,-0.020073,0.598302,0.557189,-0.042729,0.642647,0.57233,-0.058377,0.677658,0.584784,-0.06785,0.502381,0.578034,-0.025768,0.548698,0.606553,-0.059709,0.51361,0.577637,-0.064134,0.483731,0.555404,-0.058842,0.468998,0.6101,-0.033863,0.49231,0.619894,-0.064991,0.468257,0.584295,-0.066495,0.444603,0.556686,-0.060897
V,0.376512,0.515138,0,0.407272,0.465897,-0.028069,0.452347,0.457897,-0.040792,0.480486,0.502435,-0.05308,0.504956,0.544445,-0.063565,0.529357,0.483381,-0.01927,0.593385,0.470052,-0.043369,0.634245,0.465832,-0.061239,0.667956,0.46586,-0.073221,0.524367,0.534706,-0.021694,0.59894,0.551771,-0.044757,0.644276,0.566321,-0.060402,0.679168,0.578573,-0.069395,0.502089,0.574114,-0.028045,0.55021,0.601482,-0.063302,0.51399,0.574393,-0.067749,0.483184,0.55472,-0.061865,0.468337,0.60585,-0.036564,0.492733,0.615675,-0.069389,0.467033,0.581554,-0.07092,0.442336,0.556489,-0.064741
V,0.375593,0.506454,0,0.405848,0.456912,-0.029651,0.449195,0.447387,-0.043953,0.476253,0.490812,-0.057588,0.500837,0.533103,-0.069398,0.527365,0.474801,-0.023598,0.591005,0.462784,-0.048925,0.631492,0.458321,-0.067553,0.66526,0.457837,-0.080171,0.522243,0.526378,-0.025768,0.596529,0.542395,-0.049872,0.64196,0.554988,-0.066497,0.678087,0.565684,-0.07662,0.500141,0.566578,-0.031743,0.5468,0.591459,-0.066545,0.511101,0.563165,-0.071106,0.481179,0.542546,-0.06599,0.466349,0.599592,-0.040156,0.490047,0.60656,-0.07202,0.465076,0.571009,-0.073435,0.44131,0.544362,-0.067742
V,0.383783,0.505206,0,0.414627,0.457918,-0.026971,0.458534,0.449428,-0.039981,0.486152,0.490582,-0.05278,0.509954,0.532048,-0.063962,0.53518,0.478131,-0.020922,0.599715,0.465777,-0.045034,0.640428,0.46008,-0.062875,0.673998,0.459814,-0.074759,0.528905,0.527276,-0.023755,0.60232,0.544264,-0.046519,0.648397,0.556995,-0.062008,0.684106,0.568008,-0.071052,0.506193,0.565642,-0.030192,0.554251,0.590919,-0.064032,0.51851,0.562367,-0.067786,0.487454,0.542717,-0.061758,0.472685,0.597135,-0.038732,0.499229,0.606811,-0.06989,0.474269,0.573144,-0.070271,0.449414,0.549374,-0.063428
V,0.38548,0.507471,0,0.415523,0.459216,-0.027467,0.459444,0.450117,-0.040796,0.487687,0.490391,-0.053943,0.511784,0.531224,-0.065452,0.536755,0.478332,-0.020852,0.600928,0.466289,-0.045459,0.641759,0.461136,-0.063589,0.675266,0.460883,-0.075586,0.530886,0.527452,-0.023604,0.604422,0.544444,-0.046997,0.650158,0.556884,-0.062787,0.685423,0.567751,-0.071724,0.508461,0.565783,-0.030059,0.556202,0.589818,-0.064556,0.51984,0.561224,-0.068287,0.488445,0.542031,-0.061839,0.475192,0.597235,-0.038649,0.502209,0.606375,-0.070151,0.476556,0.573168,-0.070463,0.451135,0.55015,-0.063328
V,0.386169,0.506861,0,0.416313,0.459329,-0.026122,0.460032,0.451364,-0.038373,0.488118,0.491908,-0.050765,0.513187,0.531478,-0.061334,0.538577,0.478938,-0.017503,0.60189,0.466276,-0.041572,0.642435,0.461093,-0.059568,0.675708,0.46021,-0.071452,0.532658,0.528073,-0.020869,0.606008,0.545136,-0.043864,0.652265,0.557494,-0.059829,0.68763,0.567664,-0.068814,0.50998,0.565878,-0.027988,0.55805,0.590236,-0.062103,0.521464,0.562165,-0.065529,0.490157,0.543437,-0.058803,0.476471,0.596478,-0.037192,0.503141,0.605883,-0.068083,0.4777,0.572682,-0.067994,0.452635,0.549867,-0.060595
V,0.387209,0.509995,0,0.417217,0.461368,-0.028011,0.460983,0.45283,-0.041045,0.48946,0.49422,-0.053706,0.514025,0.535017,-0.0646,0.537867,0.480587,-0.019842,0.601078,0.468387,-0.0444,0.64128,0.464259,-0.062921,0.674531,0.46414,-0.075447,0.532927,0.530513,-0.022205,0.606141,0.546958,-0.04539,0.651164,0.559939,-0.061783,0.686018,0.570612,-0.071537,0.510944,0.568661,-0.02844,0.558858,0.593839,-0.062658,0.523777,0.566933,-0.067466,0.493508,0.547847,-0.062336,0.477772,0.599609,-0.036937,0.501851,0.607749,-0.068947,0.476784,0.573888,-0.0709,0.452308,0.549531,-0.065321
V,0.310708,0.48881,0,0.341741,0.549638,-0.029801,0.405023,0.568994,-0.041382,0.450641,0.513015,-0.053326,0.486353,0.457014,-0.063999,0.494689,0.537793,-0.014928,0.568837,0.551156,-0.031842,0.614025,0.557171,-0.043191,0.655091,0.561486,-0.05199,0.48824,0.480094,-0.01931,0.571094,0.454284,-0.043378,0.620172,0.442631,-0.059926,0.662609,0.428026,-0.068134,0.464763,0.433142,-0.027947,0.500118,0.424957,-0.073338,0.452823,0.45531,-0.08596,0.42023,0.471582,-0.081705,0.432168,0.396871,-0.038035,0.448995,0.404472,-0.078128,0.41114,0.438384,-0.08475,0.382888,0.460124,-0.080856
V,0.311078,0.499907,0,0.343035,0.559233,-0.029183,0.407253,0.579056,-0.040478,0.453989,0.524593,-0.052389,0.490348,0.469631,-0.063044,0.49492,0.548907,-0.014903,0.570954,0.562163,-0.032964,0.616897,0.568451,-0.044847,0.658438,0.573246,-0.053636,0.489079,0.491659,-0.019656,0.574104,0.466193,-0.04442,0.622515,0.45483,-0.060943,0.663142,0.44082,-0.068809,0.465861,0.444635,-0.028594,0.501869,0.43555,-0.074673,0.452527,0.464708,-0.086618,0.418269,0.480848,-0.081371,0.433288,0.407734,-0.03895,0.451045,0.41315,-0.079423,0.412356,0.445508,-0.085443,0.383184,0.466295,-0.080684
V,0.31441,0.502966,0.000001,0.344941,0.565409,-0.032278,0.406377,0.585157,-0.045123,0.45109,0.53007,-0.057542,0.486848,0.476503,-0.068548,0.497269,0.551031,-0.02068,0.570955,0.567445,-0.038459,0.615799,0.576106,-0.049844,0.655873,0.583342,-0.058261,0.491511,0.493899,-0.023348,0.573141,0.471976,-0.046387,0.621774,0.464679,-0.061758,0.661934,0.453997,-0.069466,0.467792,0.44689,-0.030252,0.502577,0.442484,-0.073126,0.457586,0.472144,-0.084784,0.425669,0.487406,-0.080671,0.434732,0.410029,-0.03889,0.452631,0.419661,-0.076737,0.416827,0.452851,-0.082787,0.38962,0.47363,-0.078855
V,0.314567,0.512057,0,0.345252,0.575844,-0.032452,0.406322,0.598765,-0.045788,0.451905,0.543747,-0.059349,0.488511,0.48974,-0.071507,0.498454,0.563081,-0.018976,0.573373,0.579173,-0.039124,0.619293,0.586604,-0.052144,0.660305,0.592904,-0.061316,0.493099,0.505366,-0.022884,0.576931,0.484449,-0.048918,0.62589,0.47634,-0.065909,0.666888,0.465561,-0.073894,0.469936,0.458504,-0.031328,0.503866,0.450539,-0.078058,0.45411,0.478922,-0.089827,0.419552,0.495481,-0.084256,0.437034,0.421085,-0.041564,0.45522,0.426817,-0.081406,0.417218,0.459193,-0.086815,0.388309,0.481151,-0.081592
V,0.316622,0.506324,0,0.348436,0.571247,-0.030569,0.408205,0.59186,-0.043916,0.451903,0.538802,-0.057803,0.486978,0.486408,-0.070493,0.500865,0.552795,-0.019963,0.576565,0.569852,-0.039925,0.622203,0.578609,-0.052874,0.663141,0.586556,-0.062087,0.494388,0.49647,-0.024625,0.57766,0.475109,-0.049808,0.627392,0.466617,-0.066551,0.668564,0.456026,-0.074951,0.470088,0.450487,-0.033438,0.505497,0.444828,-0.07751,0.459493,0.473434,-0.088283,0.426149,0.490104,-0.083161,0.435586,0.414397,-0.043961,0.456555,0.419027,-0.080916,0.421507,0.452372,-0.084908,0.393026,0.475181,-0.079384
V,0.313951,0.504645,0,0.345582,0.566219,-0.029978,0.406666,0.588775,-0.041925,0.452491,0.534473,-0.054516,0.488709,0.47991,-0.065939,0.496949,0.554993,-0.017152,0.57241,0.572199,-0.035682,0.618067,0.580215,-0.04769,0.659349,0.587001,-0.05643,0.49121,0.496688,-0.021437,0.574501,0.473086,-0.046428,0.623862,0.461861,-0.063083,0.664985,0.448884,-0.071126,0.468315,0.44934,-0.029862,0.500699,0.443669,-0.074783,0.452598,0.4714,-0.086534,0.418701,0.486946,-0.081528,0.435987,0.412691,-0.03986,0.451716,0.419151,-0.078105,0.414846,0.451468,-0.083396,0.386278,0.473112,-0.078483
V,0.308226,0.508617,0,0.339724,0.570374,-0.032019,0.402522,0.590192,-0.044869,0.447289,0.535261,-0.057942,0.483589,0.479584,-0.069432,0.494403,0.557347,-0.018394,0.569123,0.57348,-0.037355,0.614989,0.581697,-0.049681,0.656358,0.588232,-0.058792,0.488648,0.498543,-0.022367,0.5714,0.47477,-0.047792,0.62084,0.464875,-0.064718,0.662046,0.452645,-0.073046,0.464994,0.45057,-0.030753,0.500426,0.443506,-0.076587,0.451332,0.472089,-0.088177,0.417136,0.487937,-0.082966,0.431386,0.413672,-0.040954,0.447539,0.421638,-0.080682,0.409813,0.455008,-0.086691,0.381695,0.477175,-0.082139
V,0.311664,0.509234,0,0.342659,0.57295,-0.03142,0.403555,0.594874,-0.044414,0.446254,0.540354,-0.057524,0.481277,0.485702,-0.069531,0.495228,0.556271,-0.019079,0.570506,0.571448,-0.037505,0.61557,0.580053,-0.049583,0.656555,0.586911,-0.058335,0.487968,0.500213,-0.02308,0.571254,0.476284,-0.047162,0.620089,0.467123,-0.063347,0.661908,0.454687,-0.071233,0.463311,0.454063,-0.03135,0.497734,0.450296,-0.075858,0.45044,0.479527,-0.086728,0.418894,0.495165,-0.081346,0.429605,0.41746,-0.041247,0.45111,0.423425,-0.079072,0.414562,0.45654,-0.082958,0.387014,0.477891,-0.077182
V,0.311365,0.513706,0,0.343516,0.576625,-0.03193,0.404595,0.596514,-0.044212,0.448505,0.541578,-0.05667,0.48416,0.490484,-0.067612,0.498025,0.559978,-0.017265,0.570766,0.575031,-0.036374,0.616375,0.581768,-0.048846,0.65665,0.586693,-0.057457,0.491473,0.502602,-0.020845,0.573585,0.480118,-0.045387,0.623388,0.471865,-0.062154,0.664361,0.460984,-0.070096,0.466764,0.455907,-0.028933,0.499343,0.447807,-0.074038,0.451853,0.476659,-0.08608,0.418457,0.493194,-0.080885,0.432265,0.418511,-0.038754,0.45111,0.424348,-0.076921,0.414931,0.457012,-0.081925,0.386972,0.479146,-0.076522
V,0.309081,0.516206,0.000001,0.341434,0.583019,-0.032793,0.403993,0.604909,-0.047342,0.448129,0.548229,-0.061911,0.484936,0.493289,-0.075537,0.495329,0.564271,-0.021533,0.571218,0.579578,-0.04156,0.616582,0.588885,-0.05523,0.657503,0.597393,-0.065137,0.486899,0.507551,-0.025878,0.569719,0.484825,-0.052311,0.619792,0.477518,-0.070218,0.662618,0.467294,-0.079299,0.461795,0.460945,-0.034618,0.497494,0.456248,-0.081612,0.44933,0.486127,-0.093393,0.415659,0.502844,-0.088286,0.428091,0.424251,-0.045048,0.451106,0.428794,-0.084766,0.414639,0.461625,-0.089235,0.385851,0.483234,-0.083682
V,0.310549,0.517064,0.000001,0.341588,0.583189,-0.032651,0.403682,0.606364,-0.046578,0.447261,0.551147,-0.060385,0.484091,0.496511,-0.073219,0.495572,0.566342,-0.020816,0.571836,0.581802,-0.039705,0.617454,0.591018,-0.052322,0.658358,0.599303,-0.061385,0.487568,0.510139,-0.024857,0.571558,0.488042,-0.049292,0.621476,0.481184,-0.066007,0.664058,0.470871,-0.074245,0.462446,0.46375,-0.033242,0.499225,0.45837,-0.078846,0.451067,0.487433,-0.090296,0.418057,0.502936,-0.085054,0.428346,0.42662,-0.043261,0.452472,0.431384,-0.082355,0.415353,0.463636,-0.086427,0.386525,0.48407,-0.08053
V,0.311776,0.516609,0.000001,0.342018,0.581701,-0.03101,0.402683,0.605388,-0.044844,0.446337,0.553121,-0.059103,0.481956,0.499172,-0.072386,0.495611,0.56606,-0.02074,0.572443,0.581424,-0.040838,0.618463,0.590703,-0.053984,0.659984,0.598999,-0.063358,0.488766,0.509678,-0.025712,0.572972,0.487696,-0.051841,0.62291,0.480395,-0.069081,0.66552,0.470121,-0.077489,0.464834,0.463057,-0.034792,0.501512,0.459226,-0.081034,0.452799,0.488015,-0.09196,0.419056,0.503209,-0.086241,0.431485,0.425605,-0.04546,0.452492,0.432354,-0.08485,0.414679,0.464842,-0.088944,0.385771,0.484908,-0.082923
V,0.310726,0.514131,0.000001,0.342217,0.578353,-0.033708,0.403804,0.596679,-0.048079,0.447242,0.54269,-0.062158,0.483597,0.4921,-0.074743,0.496465,0.559545,-0.022518,0.571421,0.574136,-0.042806,0.617494,0.582352,-0.05566,0.658187,0.589421,-0.064649,0.489648,0.502322,-0.026083,0.57292,0.478606,-0.051813,0.622676,0.470819,-0.068525,0.664074,0.460141,-0.076559,0.464639,0.455259,-0.034094,0.500589,0.448231,-0.080464,0.452725,0.478619,-0.091679,0.419232,0.495159,-0.086083,0.429798,0.417489,-0.04394,0.450678,0.42391,-0.083945,0.413625,0.45726,-0.088912,0.38542,0.478328,-0.083407
V,0.310289,0.514441,0.000001,0.341906,0.578164,-0.033055,0.403089,0.597143,-0.046888,0.445978,0.542946,-0.060595,0.482056,0.492431,-0.072832,0.495912,0.559181,-0.021103,0.570554,0.573168,-0.040863,0.616388,0.581088,-0.053409,0.65679,0.587627,-0.062088,0.488843,0.502053,-0.024741,0.57133,0.478398,-0.049927,0.620938,0.470131,-0.066459,0.662179,0.459122,-0.074285,0.463859,0.455347,-0.03282,0.497461,0.44957,-0.078591,0.449358,0.479687,-0.089682,0.416194,0.496153,-0.083947,0.429162,0.417777,-0.042682,0.450267,0.424253,-0.081551,0.413324,0.457764,-0.085837,0.385077,0.479224,-0.07991
V,0.312032,0.516399,0.000001,0.345614,0.582648,-0.030223,0.404782,0.605615,-0.044687,0.447028,0.551351,-0.059654,0.480627,0.496405,-0.07382,0.497595,0.562348,-0.023075,0.573275,0.577381,-0.042879,0.618566,0.585353,-0.056101,0.65954,0.59315,-0.065808,0.489795,0.504924,-0.028475,0.573079,0.482501,-0.053954,0.622849,0.473813,-0.071073,0.664647,0.463127,-0.080159,0.464776,0.457951,-0.037682,0.500073,0.457734,-0.081955,0.453989,0.488413,-0.092864,0.420947,0.504255,-0.088357,0.430594,0.421028,-0.048503,0.452051,0.430214,-0.085662,0.41639,0.46472,-0.089472,0.387794,0.486422,-0.084174
V,0.312006,0.518517,0,0.343322,0.583282,-0.028759,0.403467,0.607946,-0.041071,0.447999,0.555779,-0.054501,0.481697,0.500071,-0.066766,0.498333,0.569278,-0.016974,0.572716,0.586508,-0.036627,0.618378,0.593967,-0.049603,0.659228,0.600919,-0.058943,0.492709,0.511853,-0.022746,0.575743,0.491686,-0.048586,0.625285,0.483763,-0.066106,0.666349,0.474851,-0.074953,0.469772,0.464931,-0.032555,0.504097,0.460475,-0.077607,0.457071,0.486717,-0.089341,0.422712,0.501272,-0.084604,0.436382,0.428232,-0.043971,0.452946,0.435367,-0.082016,0.416128,0.467884,-0.08716,0.38638,0.489733,-0.082236
V,0.319635,0.513536,0.000001,0.352219,0.577075,-0.030999,0.412173,0.601015,-0.043846,0.456799,0.550208,-0.057206,0.492578,0.499789,-0.068986,0.504539,0.574166,-0.0172,0.575783,0.595706,-0.036232,0.620802,0.606894,-0.049238,0.659774,0.615438,-0.058259,0.498735,0.517046,-0.021218,0.580738,0.503522,-0.04674,0.631033,0.50444,-0.065,0.671285,0.502004,-0.07437,0.476125,0.467453,-0.029474,0.506937,0.46765,-0.073811,0.46047,0.494232,-0.086185,0.427977,0.507568,-0.081772,0.444866,0.426799,-0.039531,0.465721,0.439128,-0.075833,0.429744,0.468491,-0.080431,0.400704,0.486818,-0.075366
V,0.321183,0.494762,0,0.353207,0.55964,-0.026189,0.412261,0.590869,-0.036387,0.461181,0.541282,-0.048044,0.498475,0.486191,-0.058591,0.504952,0.567188,-0.010015,0.57563,0.590721,-0.026581,0.61908,0.602662,-0.038396,0.658745,0.613364,-0.047456,0.502258,0.51039,-0.016104,0.584827,0.501437,-0.039367,0.632882,0.499201,-0.056259,0.674132,0.494945,-0.065253,0.482142,0.461634,-0.026358,0.514252,0.457653,-0.069064,0.466917,0.47905,-0.082053,0.433363,0.491881,-0.078803,0.452708,0.422722,-0.038014,0.469892,0.429902,-0.072518,0.432927,0.455977,-0.0776,0.403694,0.47449,-0.073881
V,0.322271,0.490105,0,0.353267,0.556089,-0.026268,0.410471,0.585739,-0.037401,0.459723,0.535386,-0.050037,0.496656,0.481719,-0.061684,0.50159,0.562571,-0.013456,0.572011,0.588523,-0.031695,0.615447,0.600962,-0.044354,0.654727,0.612483,-0.05351,0.499686,0.505576,-0.019362,0.581796,0.49734,-0.043471,0.630878,0.497061,-0.060961,0.671677,0.495468,-0.070377,0.480712,0.456956,-0.029106,0.508608,0.454812,-0.070789,0.463683,0.475859,-0.083293,0.430506,0.487577,-0.080002,0.451835,0.418651,-0.040355,0.468471,0.423851,-0.073286,0.433408,0.449983,-0.077231,0.403069,0.468527,-0.072652
V,0.321477,0.49258,0,0.352854,0.557882,-0.025579,0.411716,0.587254,-0.035795,0.461265,0.5378,-0.047578,0.499156,0.485562,-0.058306,0.500911,0.565213,-0.010276,0.57079,0.592394,-0.027066,0.613239,0.606324,-0.038914,0.651725,0.618995,-0.047704,0.498805,0.509078,-0.016212,0.581395,0.500792,-0.038972,0.629937,0.500352,-0.055666,0.670476,0.497859,-0.064663,0.479795,0.4609,-0.02615,0.510935,0.45937,-0.067346,0.465503,0.480309,-0.07914,0.432401,0.491532,-0.075398,0.451446,0.422458,-0.03755,0.471,0.427355,-0.070757,0.435437,0.451874,-0.074431,0.405154,0.468638,-0.069617
V,0.321051,0.498451,0,0.350381,0.563546,-0.027734,0.406383,0.590548,-0.038844,0.453261,0.54201,-0.050801,0.489247,0.493514,-0.061607,0.498167,0.570168,-0.015784,0.567633,0.595761,-0.033403,0.611389,0.608924,-0.045353,0.650663,0.620558,-0.054145,0.496456,0.513811,-0.02038,0.576848,0.504627,-0.04288,0.625474,0.504858,-0.058833,0.665404,0.503188,-0.06756,0.477079,0.464867,-0.02894,0.508672,0.465389,-0.069647,0.465735,0.485156,-0.081714,0.43378,0.494148,-0.078622,0.447419,0.42493,-0.039156,0.463399,0.433259,-0.073501,0.428621,0.459666,-0.078977,0.399341,0.477012,-0.075388
V,0.320934,0.504494,0.000001,0.3497,0.567123,-0.031837,0.407569,0.592626,-0.044509,0.452122,0.544559,-0.056692,0.489342,0.498908,-0.06738,0.497206,0.576117,-0.019329,0.565049,0.602833,-0.037247,0.607789,0.618359,-0.049119,0.644868,0.630335,-0.057348,0.494415,0.519722,-0.022301,0.57548,0.511346,-0.045533,0.624007,0.513295,-0.061614,0.663348,0.511197,-0.069538,0.473866,0.469474,-0.029505,0.506646,0.469176,-0.071908,0.463694,0.489923,-0.083976,0.434838,0.499718,-0.08005,0.444229,0.427179,-0.03846,0.464701,0.43614,-0.074876,0.428584,0.461525,-0.079895,0.400707,0.477926,-0.075249
V,0.322426,0.502578,0,0.350885,0.565335,-0.029106,0.406587,0.592002,-0.040836,0.452202,0.545229,-0.053,0.488561,0.499021,-0.063809,0.497347,0.574961,-0.017533,0.565683,0.602059,-0.035794,0.609103,0.616734,-0.047889,0.647545,0.628226,-0.056213,0.496231,0.519338,-0.021415,0.576634,0.511688,-0.044541,0.625406,0.514349,-0.06087,0.664974,0.51379,-0.069279,0.4773,0.470031,-0.029183,0.50694,0.469189,-0.070601,0.463181,0.488829,-0.082706,0.431581,0.497618,-0.078985,0.448267,0.429378,-0.038609,0.465049,0.438077,-0.073273,0.429555,0.463773,-0.078101,0.399807,0.480226,-0.07351
V,0.31933,0.492957,0,0.35037,0.557358,-0.026431,0.409244,0.586386,-0.037065,0.457568,0.537712,-0.049103,0.49598,0.48603,-0.060032,0.497375,0.565973,-0.011756,0.56707,0.593397,-0.028903,0.609903,0.606699,-0.040666,0.648648,0.617893,-0.049169,0.495634,0.509551,-0.017468,0.578714,0.501751,-0.040832,0.628094,0.501259,-0.057646,0.669545,0.497813,-0.06633,0.47696,0.460613,-0.027178,0.507778,0.458079,-0.069333,0.460753,0.479847,-0.081301,0.427542,0.492032,-0.077181,0.449006,0.421063,-0.038365,0.467946,0.426737,-0.072296,0.431547,0.452175,-0.076124,0.40152,0.469932,-0.071147
W,0.364975,0.470179,0,0.37474,0.50822,-0.021453,0.406665,0.524632,-0.028761,0.43382,0.489494,-0.033152,0.455904,0.458092,-0.038045,0.4788,0.527038,-0.021343,0.527803,0.546547,-0.030974,0.556779,0.558703,-0.038135,0.584619,0.5705,-0.043836,0.484687,0.491019,-0.022943,0.541281,0.495173,-0.030188,0.574949,0.495767,-0.039663,0.603895,0.498921,-0.046438,0.476065,0.457638,-0.026773,0.524131,0.447335,-0.045485,0.555252,0.440737,-0.062684,0.585449,0.437176,-0.073445,0.455661,0.427552,-0.031599,0.466369,0.433699,-0.051796,0.443247,0.444449,-0.058118,0.421946,0.450382,-0.06087
W,0.361598,0.469695,0,0.372777,0.509734,-0.01981,0.404663,0.528903,-0.027064,0.430519,0.493791,-0.03215,0.451173,0.45946,-0.037932,0.477237,0.527347,-0.019308,0.525554,0.547374,-0.028864,0.55549,0.560209,-0.036262,0.583929,0.571297,-0.0423,0.483346,0.488404,-0.021682,0.540103,0.489623,-0.029946,0.574324,0.49076,-0.040337,0.603448,0.494223,-0.047801,0.473916,0.454352,-0.026008,0.521812,0.441586,-0.045001,0.552053,0.435682,-0.061985,0.580151,0.431465,-0.07264,0.452716,0.425079,-0.03123,0.463944,0.434805,-0.05186,0.44146,0.447614,-0.058378,0.420374,0.455388,-0.061194
W,0.35754,0.469562,0,0.369244,0.508493,-0.020439,0.401571,0.526544,-0.02785,0.427498,0.490677,-0.032875,0.447967,0.455871,-0.038491,0.472905,0.525842,-0.019488,0.521103,0.544666,-0.028782,0.551306,0.556294,-0.035879,0.579714,0.566379,-0.041747,0.479125,0.487338,-0.021388,0.53581,0.488057,-0.029969,0.569898,0.489114,-0.040096,0.598844,0.492485,-0.047196,0.469969,0.453932,-0.025273,0.518259,0.440254,-0.044429,0.548331,0.434921,-0.060962,0.576179,0.431299,-0.071216,0.449022,0.425244,-0.030119,0.461633,0.433888,-0.050782,0.439138,0.445882,-0.056929,0.417798,0.453028,-0.059424
W,0.361947,0.472631,0,0.372758,0.510655,-0.019138,0.404961,0.52638,-0.026109,0.430501,0.491241,-0.030922,0.450693,0.459731,-0.036469,0.474633,0.527241,-0.017483,0.523143,0.54473,-0.02664,0.552546,0.556808,-0.034084,0.580085,0.568861,-0.040034,0.480308,0.489308,-0.019869,0.536458,0.490232,-0.027199,0.57121,0.491727,-0.036731,0.599904,0.496902,-0.043406,0.471036,0.455848,-0.024318,0.520786,0.443473,-0.042945,0.551875,0.438049,-0.059807,0.579756,0.435895,-0.070347,0.449778,0.427297,-0.029577,0.464451,0.433463,-0.051118,0.441423,0.443353,-0.057553,0.419109,0.450794,-0.059987
W,0.362136,0.473996,0,0.373805,0.510005,-0.019145,0.405353,0.524019,-0.026632,0.429959,0.490683,-0.031976,0.451303,0.459872,-0.038268,0.477132,0.52808,-0.020234,0.524586,0.547058,-0.029405,0.552881,0.558106,-0.036512,0.580326,0.56863,-0.042429,0.483284,0.491564,-0.022593,0.538446,0.492264,-0.030013,0.571467,0.492006,-0.039967,0.599975,0.49447,-0.04745,0.474023,0.458003,-0.026776,0.521,0.444678,-0.044942,0.552349,0.438206,-0.062654,0.58109,0.432927,-0.074339,0.453044,0.428433,-0.03174,0.461676,0.434459,-0.051729,0.439351,0.446768,-0.058961,0.418004,0.453965,-0.06273
W,0.364225,0.474325,0,0.375301,0.509968,-0.018638,0.406646,0.52335,-0.02539,0.431789,0.489486,-0.029969,0.45251,0.459114,-0.035283,0.47784,0.526629,-0.019092,0.525703,0.545713,-0.027787,0.554313,0.557408,-0.034346,0.581907,0.568419,-0.039796,0.483326,0.490448,-0.02151,0.538971,0.490959,-0.028558,0.572156,0.490236,-0.037692,0.60088,0.492944,-0.044338,0.473812,0.457388,-0.025768,0.521084,0.444129,-0.043737,0.551938,0.436895,-0.05998,0.580939,0.432122,-0.070195,0.452761,0.428282,-0.030808,0.464073,0.432977,-0.050096,0.442129,0.443675,-0.055787,0.421119,0.449981,-0.05818
W,0.365116,0.474293,0,0.37542,0.511041,-0.01971,0.407047,0.525598,-0.026388,0.43217,0.491418,-0.030476,0.451919,0.460519,-0.035284,0.476928,0.527322,-0.020114,0.524139,0.546298,-0.029611,0.552506,0.558457,-0.03672,0.58,0.5699,-0.042372,0.482726,0.491062,-0.022124,0.538642,0.491731,-0.029645,0.572015,0.4914,-0.039029,0.600661,0.494125,-0.045524,0.473601,0.458188,-0.026075,0.520303,0.445281,-0.044901,0.550419,0.437787,-0.061604,0.578924,0.433015,-0.071703,0.452559,0.429695,-0.030843,0.462243,0.434014,-0.051414,0.439347,0.444436,-0.057561,0.41802,0.450468,-0.059844
W,0.364444,0.473702,0,0.375607,0.509686,-0.019187,0.406626,0.523989,-0.026386,0.431492,0.489826,-0.031252,0.45255,0.458158,-0.036925,0.477946,0.52643,-0.020255,0.525099,0.545386,-0.029374,0.553489,0.556601,-0.036129,0.580891,0.567192,-0.041732,0.483589,0.49007,-0.022539,0.538608,0.490627,-0.030118,0.571326,0.490106,-0.039565,0.599608,0.49227,-0.046358,0.47403,0.457059,-0.026651,0.520524,0.443672,-0.045078,0.55079,0.43712,-0.062051,0.579249,0.432346,-0.072829,0.452874,0.428426,-0.031522,0.461055,0.432888,-0.051573,0.438877,0.444077,-0.058264,0.418357,0.450437,-0.061352
W,0.362661,0.469898,0,0.37458,0.507076,-0.018506,0.406125,0.524777,-0.024685,0.431572,0.489865,-0.028717,0.451623,0.45594,-0.033231,0.475926,0.524912,-0.01694,0.523633,0.543063,-0.024887,0.553038,0.554211,-0.031085,0.580936,0.563891,-0.036368,0.481797,0.487207,-0.019173,0.537913,0.486767,-0.026458,0.57119,0.487018,-0.035705,0.59959,0.489774,-0.042247,0.472661,0.454338,-0.023259,0.520299,0.440527,-0.041221,0.54994,0.434364,-0.056925,0.577796,0.429824,-0.066556,0.452115,0.426037,-0.028163,0.465761,0.434345,-0.047427,0.443994,0.445406,-0.052638,0.422961,0.451453,-0.0545
W,0.360621,0.469311,0,0.37334,0.507816,-0.018761,0.405062,0.524648,-0.025702,0.429198,0.490353,-0.03071,0.448422,0.456637,-0.036538,0.475612,0.523402,-0.018607,0.522752,0.542196,-0.02757,0.551929,0.553705,-0.034538,0.579667,0.563699,-0.0404,0.481096,0.485973,-0.021245,0.536784,0.485186,-0.028614,0.569844,0.484894,-0.038291,0.597983,0.486944,-0.045483,0.471243,0.453133,-0.025772,0.517908,0.438594,-0.043756,0.548294,0.43251,-0.060565,0.576443,0.427577,-0.071474,0.450009,0.425161,-0.031161,0.459269,0.432214,-0.051082,0.437446,0.445213,-0.057898,0.417085,0.452726,-0.061229
W,0.36303,0.469824,0,0.374462,0.507368,-0.019585,0.404727,0.526482,-0.026931,0.429272,0.490845,-0.032011,0.448548,0.455244,-0.037865,0.476084,0.525335,-0.020278,0.523481,0.543094,-0.029508,0.552586,0.553991,-0.036339,0.580342,0.563658,-0.04202,0.482281,0.487259,-0.022436,0.537715,0.487324,-0.030719,0.571073,0.487019,-0.040643,0.599464,0.488624,-0.047644,0.47306,0.454323,-0.026349,0.519321,0.439515,-0.045037,0.549045,0.432308,-0.061602,0.576707,0.42655,-0.071971,0.452274,0.426017,-0.031111,0.461361,0.432037,-0.051318,0.438975,0.442971,-0.05767,0.417978,0.449006,-0.060364
W,0.363357,0.470479,0,0.375608,0.507572,-0.019155,0.406163,0.526414,-0.026443,0.431347,0.490992,-0.031474,0.451159,0.454998,-0.037303,0.477929,0.525052,-0.020992,0.52586,0.54505,-0.030024,0.554623,0.557217,-0.036413,0.582117,0.568108,-0.041725,0.483547,0.487005,-0.023385,0.539191,0.488165,-0.031378,0.572391,0.488416,-0.041059,0.600679,0.490259,-0.047931,0.473913,0.454015,-0.027435,0.519948,0.439959,-0.046124,0.549836,0.43337,-0.063025,0.577956,0.427832,-0.073685,0.452814,0.425869,-0.032245,0.460581,0.432122,-0.052252,0.437894,0.443797,-0.058788,0.416718,0.449854,-0.061737
W,0.36267,0.47193,0,0.375165,0.506483,-0.018396,0.406965,0.520467,-0.025731,0.430579,0.484255,-0.031153,0.450415,0.449463,-0.037627,0.477337,0.523574,-0.020542,0.525514,0.544589,-0.029442,0.55403,0.557317,-0.036311,0.58179,0.569225,-0.042182,0.482444,0.486066,-0.023208,0.537681,0.485498,-0.030684,0.570565,0.483876,-0.040751,0.599235,0.485391,-0.048474,0.472229,0.452774,-0.027487,0.518881,0.438704,-0.045585,0.549618,0.431013,-0.06285,0.578578,0.424734,-0.074276,0.450429,0.424176,-0.03245,0.461897,0.429348,-0.051666,0.440129,0.442518,-0.057818,0.418654,0.450192,-0.060976
W,0.361659,0.470236,0,0.373564,0.50725,-0.019668,0.40429,0.522372,-0.027617,0.427548,0.485262,-0.033441,0.446586,0.45038,-0.040253,0.476304,0.521632,-0.021904,0.523703,0.541624,-0.031802,0.552648,0.553982,-0.039249,0.580442,0.56562,-0.045438,0.481379,0.48409,-0.024282,0.536427,0.483327,-0.032861,0.569977,0.482402,-0.043489,0.598938,0.484363,-0.051421,0.471177,0.451272,-0.0284,0.517416,0.43632,-0.047349,0.547979,0.428238,-0.064783,0.576661,0.422373,-0.076113,0.449184,0.423391,-0.033339,0.458766,0.428208,-0.053458,0.436779,0.44056,-0.060178,0.415577,0.448305,-0.06352
W,0.36245,0.469502,0,0.374728,0.50552,-0.018394,0.405073,0.520953,-0.025748,0.428419,0.486506,-0.031144,0.447933,0.453462,-0.037409,0.476173,0.518214,-0.020584,0.52327,0.537602,-0.030176,0.551758,0.550577,-0.037279,0.579455,0.561812,-0.043043,0.481126,0.480952,-0.023524,0.536706,0.479442,-0.031703,0.570089,0.478861,-0.041608,0.599483,0.480959,-0.04868,0.470833,0.448576,-0.028101,0.515233,0.433463,-0.046898,0.544693,0.425904,-0.063468,0.573021,0.42018,-0.073777,0.449006,0.421095,-0.033403,0.456834,0.426783,-0.053474,0.434435,0.439826,-0.059624,0.413675,0.447855,-0.062204
W,0.361318,0.468605,0,0.373884,0.505564,-0.019347,0.404183,0.521907,-0.027454,0.428585,0.487438,-0.033485,0.448206,0.453599,-0.040247,0.477156,0.519219,-0.022171,0.525674,0.539026,-0.031734,0.554472,0.551124,-0.038882,0.581952,0.562771,-0.044887,0.481295,0.482396,-0.024763,0.536728,0.482928,-0.03287,0.569716,0.481958,-0.043025,0.598094,0.483965,-0.050812,0.470616,0.450344,-0.029024,0.51669,0.43599,-0.046822,0.547423,0.428681,-0.063161,0.576111,0.423451,-0.074046,0.448452,0.422952,-0.034221,0.458873,0.42809,-0.052418,0.43804,0.441418,-0.058143,0.417455,0.449298,-0.061169
W,0.361888,0.469196,0,0.374477,0.506198,-0.018606,0.405175,0.522981,-0.025731,0.429659,0.488425,-0.030915,0.449686,0.455125,-0.0369,0.475786,0.51996,-0.019929,0.52323,0.538808,-0.029111,0.551881,0.551463,-0.035951,0.57917,0.56287,-0.041614,0.480317,0.483185,-0.022645,0.536155,0.482128,-0.030238,0.569687,0.480873,-0.040151,0.598735,0.48255,-0.047549,0.470021,0.451181,-0.027096,0.515104,0.436633,-0.045122,0.54569,0.430001,-0.061914,0.574953,0.425609,-0.072822,0.448692,0.423885,-0.032364,0.458003,0.429869,-0.051513,0.436631,0.443575,-0.057961,0.416606,0.452394,-0.061222
W,0.361648,0.468738,0,0.373508,0.504277,-0.018618,0.403517,0.519566,-0.026524,0.42649,0.486818,-0.032675,0.446831,0.455774,-0.039927,0.476111,0.520212,-0.020312,0.523255,0.539066,-0.030103,0.551578,0.551958,-0.037732,0.579094,0.563672,-0.04398,0.480877,0.483302,-0.023328,0.536252,0.480609,-0.031864,0.569238,0.478563,-0.042496,0.59846,0.480463,-0.050212,0.470694,0.451047,-0.028023,0.515739,0.435964,-0.047021,0.54646,0.42907,-0.064188,0.575646,0.424785,-0.07526,0.449467,0.42361,-0.033487,0.458128,0.428217,-0.054015,0.435413,0.440131,-0.060591,0.414318,0.448406,-0.063638
W,0.363082,0.467024,0,0.374796,0.503382,-0.019436,0.404636,0.518626,-0.026774,0.428184,0.483999,-0.031761,0.448187,0.451225,-0.037415,0.476883,0.518715,-0.021612,0.524083,0.540127,-0.030736,0.552294,0.552739,-0.037416,0.579981,0.564286,-0.042996,0.482039,0.482189,-0.02414,0.537635,0.482857,-0.031587,0.570528,0.481658,-0.041249,0.599724,0.483291,-0.04843,0.472015,0.449769,-0.028409,0.517132,0.43511,-0.04656,0.547057,0.426995,-0.063296,0.576428,0.420936,-0.07402,0.44997,0.421766,-0.033528,0.45955,0.426505,-0.052293,0.437592,0.438724,-0.057862,0.416623,0.445274,-0.060411
W,0.361629,0.468061,0,0.373761,0.504047,-0.018402,0.40388,0.519258,-0.025765,0.427639,0.48638,-0.031183,0.447591,0.454091,-0.037348,0.476026,0.520367,-0.020228,0.523479,0.541472,-0.02874,0.551764,0.554026,-0.035259,0.579293,0.566127,-0.040911,0.480785,0.48416,-0.023141,0.536278,0.484488,-0.030184,0.569349,0.482554,-0.039803,0.598446,0.484253,-0.047222,0.470354,0.451992,-0.027699,0.516585,0.436522,-0.045141,0.547287,0.427616,-0.061179,0.576639,0.421723,-0.07171,0.448186,0.424165,-0.033082,0.460194,0.428146,-0.050812,0.438873,0.440216,-0.055669,0.417638,0.447811,-0.058025
W,0.362355,0.466653,0,0.375164,0.503602,-0.017518,0.405384,0.521028,-0.024274,0.429246,0.487976,-0.029255,0.448336,0.455159,-0.035097,0.475236,0.518737,-0.018757,0.522017,0.537817,-0.027617,0.550328,0.550865,-0.034384,0.577656,0.562306,-0.040008,0.480338,0.481608,-0.022033,0.536228,0.480866,-0.029465,0.569831,0.480688,-0.039275,0.599203,0.482762,-0.046431,0.470268,0.449158,-0.026915,0.515027,0.434434,-0.045157,0.544975,0.42767,-0.061951,0.57351,0.42209,-0.072546,0.448909,0.421255,-0.032463,0.457632,0.428434,-0.052141,0.43568,0.441763,-0.058385,0.415223,0.449561,-0.06118
W,0.359846,0.467415,0,0.371603,0.502776,-0.017981,0.401932,0.517834,-0.025273,0.424949,0.483693,-0.030748,0.444284,0.450964,-0.037221,0.473571,0.518707,-0.019718,0.520919,0.53718,-0.02888,0.549069,0.548701,-0.035709,0.576558,0.559632,-0.041396,0.478987,0.48216,-0.022861,0.534381,0.48095,-0.030634,0.567524,0.479124,-0.040372,0.596893,0.480762,-0.04745,0.468913,0.449536,-0.027653,0.514572,0.433941,-0.046065,0.545385,0.425346,-0.062761,0.574638,0.418999,-0.073416,0.44734,0.421133,-0.033148,0.456178,0.425453,-0.052596,0.434095,0.436827,-0.058411,0.413039,0.443955,-0.060998
W,0.360723,0.462892,0,0.373314,0.499088,-0.018318,0.403713,0.516958,-0.025602,0.428142,0.484538,-0.030964,0.447852,0.450923,-0.03717,0.474539,0.515616,-0.020613,0.52282,0.534708,-0.02956,0.551213,0.546572,-0.035952,0.578551,0.557349,-0.041273,0.479537,0.478979,-0.023602,0.535768,0.479685,-0.031273,0.568924,0.479167,-0.040965,0.597887,0.480848,-0.048029,0.469385,0.446496,-0.028184,0.514482,0.432245,-0.046485,0.545299,0.425354,-0.063442,0.574827,0.419926,-0.074325,0.448227,0.41823,-0.033494,0.456176,0.425051,-0.052758,0.434108,0.437902,-0.059103,0.41348,0.445014,-0.062214
W,0.367107,0.466748,0,0.381473,0.502347,-0.017477,0.413487,0.518015,-0.023989,0.438288,0.485933,-0.028669,0.458104,0.452336,-0.034059,0.480999,0.517717,-0.01781,0.528389,0.537165,-0.025546,0.556315,0.550248,-0.031748,0.583587,0.561854,-0.037112,0.485921,0.480529,-0.02052,0.54112,0.481715,-0.027254,0.574386,0.482536,-0.036783,0.603653,0.484722,-0.043922,0.476037,0.448271,-0.024802,0.521691,0.436106,-0.042184,0.551673,0.429503,-0.058645,0.579998,0.42332,-0.069138,0.455439,0.421024,-0.029766,0.466961,0.429215,-0.04843,0.445565,0.441414,-0.05433,0.424921,0.447624,-0.057053
W,0.368812,0.466605,0,0.381716,0.502113,-0.016984,0.412259,0.519313,-0.023623,0.438224,0.487494,-0.028712,0.459665,0.45619,-0.034621,0.482974,0.518687,-0.01696,0.529974,0.538423,-0.02455,0.55775,0.551506,-0.030424,0.584511,0.563038,-0.035499,0.488278,0.482018,-0.019993,0.54386,0.482773,-0.026482,0.576825,0.482927,-0.035696,0.605877,0.485549,-0.042536,0.478415,0.449736,-0.024622,0.524012,0.436056,-0.041936,0.554106,0.429845,-0.058332,0.582834,0.425019,-0.068859,0.457922,0.421734,-0.029898,0.467855,0.42884,-0.048666,0.445605,0.44126,-0.054899,0.424837,0.448984,-0.0579
W,0.367217,0.464258,0,0.380553,0.500865,-0.017693,0.411493,0.517221,-0.024709,0.436542,0.48544,-0.029992,0.456857,0.453906,-0.036151,0.480753,0.516749,-0.01827,0.528374,0.536813,-0.026699,0.55657,0.550118,-0.033366,0.58351,0.561995,-0.038912,0.485907,0.480159,-0.0211,0.541169,0.482062,-0.027587,0.574481,0.482545,-0.037291,0.6033,0.484767,-0.044573,0.476105,0.447528,-0.025632,0.522382,0.43549,-0.043252,0.552643,0.428654,-0.060741,0.580961,0.423013,-0.07203,0.455396,0.419688,-0.030788,0.464404,0.427473,-0.050532,0.442594,0.440647,-0.057887,0.422244,0.448669,-0.061576
W,0.364998,0.462542,0,0.377798,0.499438,-0.018993,0.40859,0.515694,-0.027006,0.434189,0.483858,-0.033156,0.455411,0.453424,-0.040054,0.479875,0.515839,-0.021122,0.527748,0.53655,-0.030442,0.555778,0.54911,-0.037488,0.582896,0.561027,-0.043387,0.484655,0.479596,-0.023837,0.540615,0.481074,-0.030987,0.573214,0.480648,-0.040686,0.602168,0.483403,-0.048265,0.47449,0.447494,-0.028284,0.521221,0.433012,-0.045572,0.552375,0.425638,-0.061772,0.582157,0.420673,-0.072652,0.453278,0.419824,-0.03366,0.463666,0.425727,-0.051905,0.442466,0.439761,-0.057856,0.422146,0.448495,-0.061077
W,0.364593,0.459949,0,0.377187,0.497369,-0.018938,0.407868,0.514349,-0.027218,0.434089,0.483414,-0.033755,0.455679,0.453222,-0.040975,0.479895,0.513144,-0.021229,0.527751,0.533804,-0.030679,0.555687,0.546492,-0.037749,0.582569,0.558762,-0.043636,0.484628,0.476731,-0.023801,0.540762,0.478369,-0.031619,0.573551,0.478425,-0.041422,0.602669,0.48195,-0.048985,0.474303,0.444952,-0.02803,0.520803,0.430762,-0.045279,0.55178,0.423296,-0.060697,0.581174,0.418734,-0.07097,0.453188,0.417667,-0.033235,0.464548,0.424012,-0.050818,0.443995,0.437976,-0.056229,0.423963,0.447584,-0.059106
W,0.377913,0.515405,0,0.396554,0.485872,-0.020681,0.427884,0.481234,-0.02717,0.447603,0.515713,-0.030662,0.460426,0.550878,-0.034044,0.480858,0.48704,-0.013177,0.520842,0.474046,-0.022164,0.545957,0.469128,-0.030783,0.569804,0.466241,-0.038365,0.48334,0.516959,-0.012901,0.533205,0.516507,-0.021608,0.561404,0.51617,-0.029992,0.587616,0.516511,-0.0364,0.4743,0.542709,-0.015199,0.515549,0.556189,-0.03158,0.540751,0.563427,-0.043445,0.566922,0.57223,-0.051396,0.454947,0.563793,-0.018713,0.47718,0.570138,-0.035219,0.463262,0.558003,-0.037437,0.446576,0.548396,-0.038039
W,0.377222,0.518849,0,0.396209,0.490885,-0.019238,0.426753,0.487276,-0.02568,0.446491,0.521703,-0.02956,0.458435,0.557743,-0.0335,0.480435,0.492735,-0.012239,0.520663,0.480176,-0.021126,0.545384,0.474291,-0.030026,0.56809,0.469954,-0.03772,0.482526,0.522705,-0.012598,0.533662,0.523725,-0.02084,0.561946,0.523507,-0.02925,0.58788,0.523723,-0.035975,0.472852,0.548432,-0.015384,0.515972,0.562498,-0.031666,0.54157,0.570281,-0.043806,0.567451,0.578996,-0.052228,0.453402,0.568835,-0.019204,0.475927,0.576914,-0.035841,0.462184,0.565261,-0.038374,0.445381,0.555261,-0.039402
W,0.375559,0.5226,0,0.396033,0.494449,-0.020294,0.427638,0.491562,-0.026273,0.446701,0.527593,-0.029581,0.458517,0.562703,-0.032982,0.480563,0.496776,-0.01167,0.521694,0.484287,-0.020955,0.547135,0.479168,-0.030306,0.570779,0.475739,-0.038313,0.482872,0.527671,-0.011459,0.533348,0.529039,-0.019327,0.562121,0.52895,-0.027884,0.588005,0.529191,-0.03482,0.473746,0.554037,-0.013992,0.515502,0.569043,-0.029688,0.541202,0.576468,-0.042213,0.567025,0.585481,-0.051059,0.454635,0.574868,-0.017805,0.476743,0.581022,-0.034395,0.463923,0.569573,-0.037437,0.448089,0.560345,-0.038811
W,0.372769,0.534186,0,0.391402,0.505285,-0.021808,0.42327,0.503391,-0.028097,0.443434,0.539132,-0.031067,0.454238,0.575754,-0.033993,0.478815,0.509744,-0.013763,0.52132,0.496946,-0.022675,0.547352,0.492306,-0.031259,0.572306,0.488878,-0.038724,0.480578,0.540878,-0.013059,0.532283,0.54356,-0.021473,0.561045,0.544868,-0.029719,0.587577,0.546354,-0.035924,0.470515,0.5673,-0.015051,0.51236,0.582639,-0.031587,0.539679,0.591788,-0.044344,0.567574,0.602379,-0.052929,0.450667,0.58798,-0.018306,0.472489,0.596062,-0.035329,0.45885,0.584313,-0.038055,0.442344,0.5746,-0.038941
W,0.372179,0.538589,0,0.392473,0.508167,-0.020707,0.424482,0.503575,-0.027141,0.44437,0.538862,-0.030652,0.454277,0.576492,-0.034649,0.480061,0.513014,-0.013765,0.523289,0.49797,-0.022911,0.549959,0.491446,-0.032005,0.574802,0.486826,-0.03988,0.482284,0.545225,-0.013831,0.536335,0.547735,-0.02242,0.565353,0.548229,-0.0311,0.591105,0.548766,-0.037685,0.472517,0.57252,-0.016407,0.516792,0.587683,-0.034109,0.545213,0.596331,-0.048145,0.57334,0.606268,-0.057602,0.452524,0.594487,-0.019963,0.474727,0.601112,-0.038717,0.459308,0.587705,-0.042157,0.440604,0.576141,-0.043416
W,0.372032,0.549957,0,0.39332,0.515663,-0.020037,0.426708,0.509157,-0.026324,0.447994,0.544694,-0.029749,0.459974,0.583493,-0.033732,0.4845,0.522157,-0.013663,0.529479,0.505443,-0.022206,0.556911,0.498169,-0.030893,0.583017,0.493856,-0.038652,0.486259,0.55573,-0.014353,0.54278,0.558293,-0.022955,0.572937,0.558102,-0.031465,0.60007,0.558304,-0.037899,0.475751,0.583924,-0.017428,0.522211,0.599483,-0.035586,0.552387,0.607641,-0.049568,0.582516,0.617237,-0.058944,0.454573,0.60684,-0.021345,0.479103,0.615729,-0.040056,0.46243,0.60078,-0.0427,0.442309,0.587541,-0.043485
W,0.378947,0.548005,0,0.398766,0.51223,-0.023115,0.433755,0.502705,-0.030094,0.459406,0.535408,-0.03284,0.474623,0.571789,-0.035976,0.496385,0.51121,-0.020974,0.546811,0.494341,-0.029784,0.575616,0.486672,-0.037068,0.602706,0.484341,-0.043731,0.497039,0.547581,-0.020337,0.558245,0.549517,-0.029902,0.591049,0.550009,-0.037617,0.621259,0.552271,-0.043052,0.486042,0.579233,-0.021984,0.536675,0.592689,-0.042596,0.570721,0.601197,-0.058222,0.604696,0.612574,-0.067994,0.464281,0.605571,-0.024275,0.491609,0.608911,-0.045323,0.474594,0.595149,-0.049103,0.453584,0.583816,-0.050179
W,0.378339,0.544391,0,0.400142,0.504908,-0.02186,0.436636,0.493378,-0.029146,0.463044,0.525562,-0.033004,0.479219,0.563194,-0.037431,0.500975,0.508068,-0.01813,0.55221,0.49087,-0.026239,0.581692,0.483141,-0.033603,0.609519,0.481008,-0.04067,0.50135,0.544964,-0.018176,0.564526,0.546584,-0.028001,0.598119,0.547307,-0.035615,0.629142,0.548979,-0.040986,0.489739,0.577081,-0.020489,0.542698,0.59112,-0.040701,0.576733,0.599762,-0.054671,0.610481,0.610263,-0.063374,0.467221,0.604149,-0.023526,0.496976,0.608581,-0.044031,0.479382,0.590013,-0.046347,0.457131,0.574085,-0.046394
W,0.379796,0.553705,0,0.400654,0.512396,-0.024786,0.436682,0.498869,-0.033317,0.465199,0.531081,-0.038007,0.485189,0.568857,-0.043031,0.503985,0.512468,-0.018601,0.555001,0.494963,-0.02781,0.584982,0.487752,-0.036247,0.612603,0.485272,-0.044059,0.504632,0.551814,-0.017833,0.566864,0.552699,-0.027574,0.600966,0.553086,-0.036215,0.631062,0.554541,-0.042502,0.492871,0.585389,-0.019868,0.545105,0.598868,-0.040035,0.580747,0.606407,-0.055609,0.614514,0.616174,-0.065953,0.470308,0.614105,-0.022945,0.497407,0.612575,-0.044722,0.481697,0.593461,-0.049299,0.461376,0.578325,-0.051039
W,0.380556,0.550253,0,0.403361,0.511412,-0.023177,0.440927,0.50023,-0.0308,0.468151,0.533736,-0.03463,0.486848,0.571499,-0.038849,0.506823,0.516244,-0.019245,0.559212,0.498501,-0.028079,0.589006,0.490934,-0.036028,0.61709,0.489225,-0.04338,0.506756,0.55436,-0.018798,0.571297,0.55694,-0.028849,0.605319,0.557588,-0.036617,0.636807,0.559203,-0.042162,0.494819,0.586926,-0.020795,0.548745,0.602723,-0.041701,0.583322,0.611576,-0.056324,0.617557,0.621896,-0.065388,0.47165,0.614224,-0.023528,0.50285,0.617803,-0.044558,0.486309,0.598564,-0.04716,0.465054,0.58132,-0.047351
W,0.382285,0.554433,0,0.405219,0.515081,-0.023886,0.443244,0.504942,-0.031946,0.470769,0.539571,-0.036153,0.488299,0.579413,-0.040799,0.509166,0.521692,-0.020224,0.561527,0.503847,-0.029073,0.592025,0.496805,-0.037074,0.620593,0.495464,-0.044623,0.508841,0.559603,-0.019681,0.573428,0.562632,-0.029614,0.607985,0.563191,-0.03744,0.639565,0.564577,-0.043332,0.496513,0.591556,-0.021645,0.551528,0.609602,-0.042828,0.586061,0.619091,-0.057954,0.619784,0.629785,-0.06761,0.473149,0.617273,-0.024387,0.504118,0.623243,-0.046079,0.486732,0.605913,-0.049374,0.464514,0.589858,-0.050217
W,0.379233,0.559087,0,0.403623,0.518642,-0.024614,0.442179,0.507545,-0.032831,0.469352,0.54317,-0.037061,0.486567,0.584214,-0.041553,0.508744,0.526016,-0.019618,0.560928,0.509034,-0.028576,0.592121,0.502397,-0.037015,0.621825,0.500627,-0.045104,0.50858,0.564429,-0.019116,0.573105,0.567665,-0.029207,0.607678,0.568498,-0.037609,0.639731,0.569842,-0.044099,0.496094,0.596121,-0.021287,0.5495,0.614,-0.042373,0.583463,0.62511,-0.057719,0.6175,0.637044,-0.067758,0.472142,0.621703,-0.024376,0.503207,0.627566,-0.04602,0.485917,0.610906,-0.049264,0.46407,0.594975,-0.050213
W,0.379549,0.560864,0,0.402424,0.521835,-0.02239,0.442063,0.514016,-0.029259,0.467596,0.550937,-0.032092,0.482865,0.591833,-0.035532,0.504943,0.531224,-0.021007,0.556557,0.514387,-0.029711,0.58696,0.506818,-0.037153,0.615758,0.505255,-0.044286,0.504673,0.568393,-0.021258,0.570032,0.572405,-0.031986,0.605239,0.572586,-0.03982,0.638061,0.574347,-0.045282,0.492046,0.600092,-0.023588,0.54693,0.618921,-0.046208,0.581607,0.62751,-0.06112,0.616733,0.638786,-0.069986,0.467583,0.625714,-0.026333,0.49896,0.633017,-0.048395,0.480507,0.613793,-0.050542,0.457817,0.596976,-0.050304
W,0.380752,0.561206,0,0.403113,0.524804,-0.025815,0.441678,0.518252,-0.033916,0.467266,0.555547,-0.037223,0.482952,0.595637,-0.04073,0.505828,0.530849,-0.02398,0.558544,0.51525,-0.034078,0.589285,0.508562,-0.042305,0.617803,0.507288,-0.049687,0.505644,0.569542,-0.022565,0.570273,0.572756,-0.033322,0.604535,0.57343,-0.041163,0.636077,0.575892,-0.046751,0.493316,0.602572,-0.023672,0.546462,0.619224,-0.04622,0.579826,0.627839,-0.061506,0.613529,0.639185,-0.070734,0.469595,0.629477,-0.025556,0.499475,0.636236,-0.048162,0.481271,0.620005,-0.051295,0.459454,0.60565,-0.051638
W,0.378107,0.56402,0,0.400868,0.52573,-0.025108,0.440215,0.517778,-0.032657,0.46692,0.559015,-0.035948,0.483425,0.603987,-0.039082,0.505274,0.532612,-0.019411,0.557605,0.518155,-0.029631,0.588375,0.511863,-0.03852,0.615534,0.509494,-0.04631,0.5067,0.571733,-0.018521,0.571035,0.575653,-0.029335,0.605719,0.5759,-0.037536,0.636447,0.577846,-0.043567,0.495008,0.604815,-0.020603,0.548459,0.623016,-0.043022,0.581711,0.632659,-0.058065,0.61483,0.645251,-0.067417,0.471122,0.631831,-0.023667,0.499763,0.639444,-0.045516,0.481613,0.622428,-0.048417,0.459155,0.607169,-0.048949
W,0.367581,0.576194,0,0.387786,0.541991,-0.032197,0.424496,0.539517,-0.043807,0.446013,0.586077,-0.050418,0.460088,0.630723,-0.056727,0.491346,0.550349,-0.027098,0.54165,0.539055,-0.041322,0.573603,0.537518,-0.05356,0.602378,0.537401,-0.063874,0.492176,0.591467,-0.024109,0.552815,0.595662,-0.036712,0.588386,0.599034,-0.048422,0.620659,0.604815,-0.057925,0.479463,0.625337,-0.024606,0.527507,0.643176,-0.045959,0.558571,0.653394,-0.062955,0.589717,0.666968,-0.075032,0.456474,0.651911,-0.027052,0.481674,0.663329,-0.050462,0.469949,0.656871,-0.057995,0.457073,0.652343,-0.06221
W,0.363475,0.576754,0,0.384554,0.544839,-0.03083,0.419105,0.543256,-0.042672,0.439563,0.589635,-0.049927,0.455375,0.63235,-0.056811,0.487253,0.553726,-0.026417,0.536671,0.544143,-0.040993,0.56837,0.543435,-0.053373,0.596334,0.544028,-0.06366,0.487851,0.594429,-0.023704,0.547427,0.600446,-0.036752,0.583196,0.6051,-0.04871,0.615022,0.611109,-0.05832,0.474727,0.627188,-0.024377,0.521644,0.647044,-0.044645,0.552427,0.659118,-0.06114,0.582685,0.672785,-0.072878,0.451373,0.65278,-0.026951,0.477396,0.665521,-0.048577,0.472885,0.662737,-0.056395,0.467177,0.660299,-0.061013
W,0.360412,0.575377,0,0.382107,0.543415,-0.031984,0.417411,0.542291,-0.043729,0.438462,0.58893,-0.050464,0.45409,0.632434,-0.05666,0.484829,0.554351,-0.026252,0.534286,0.544217,-0.041146,0.566201,0.542898,-0.053944,0.594833,0.54305,-0.064522,0.485456,0.594337,-0.023281,0.545954,0.599794,-0.036825,0.58145,0.603485,-0.048933,0.613368,0.608793,-0.058401,0.472438,0.626418,-0.023866,0.51989,0.646493,-0.045117,0.550525,0.657843,-0.061469,0.581079,0.671407,-0.072802,0.448542,0.651115,-0.026493,0.475343,0.662678,-0.048756,0.466782,0.654783,-0.055462,0.456267,0.647603,-0.059028
W,0.362407,0.573396,0,0.382379,0.539729,-0.033334,0.417755,0.537845,-0.045426,0.438117,0.585048,-0.051834,0.452343,0.631128,-0.05787,0.484776,0.551468,-0.028703,0.534024,0.541677,-0.04327,0.56549,0.540141,-0.055399,0.594294,0.540653,-0.065517,0.48571,0.591979,-0.025132,0.547293,0.597456,-0.038811,0.582131,0.600521,-0.050195,0.613963,0.606435,-0.058817,0.472945,0.624848,-0.025034,0.521227,0.645643,-0.047867,0.551432,0.655905,-0.064083,0.582459,0.670515,-0.074952,0.448525,0.650044,-0.026882,0.473771,0.66052,-0.05084,0.458513,0.647237,-0.056696,0.441261,0.637661,-0.059276
W,0.359978,0.575045,0,0.381812,0.540917,-0.03145,0.417808,0.538263,-0.042903,0.439132,0.583988,-0.049351,0.454063,0.62834,-0.055576,0.485115,0.551289,-0.026133,0.534856,0.541132,-0.040223,0.566718,0.539785,-0.052247,0.59518,0.540443,-0.062317,0.485364,0.59153,-0.023416,0.54647,0.597622,-0.036474,0.58174,0.601301,-0.047956,0.61335,0.607371,-0.056805,0.472183,0.623895,-0.024111,0.52089,0.644235,-0.045853,0.55133,0.654836,-0.062135,0.581643,0.668819,-0.073259,0.447953,0.648615,-0.026681,0.473512,0.659447,-0.049886,0.460383,0.648938,-0.056174,0.445077,0.640759,-0.05916
W,0.360673,0.574111,0,0.382354,0.53777,-0.030711,0.420331,0.535358,-0.041375,0.44138,0.582107,-0.046803,0.45361,0.629358,-0.052583,0.48609,0.551737,-0.026048,0.535917,0.542112,-0.038822,0.567397,0.539925,-0.049913,0.595569,0.540585,-0.059458,0.485651,0.591783,-0.023584,0.547398,0.597914,-0.035607,0.582892,0.600473,-0.046457,0.614604,0.606429,-0.054651,0.472023,0.624379,-0.024303,0.522605,0.645084,-0.046824,0.554214,0.654511,-0.063886,0.585629,0.669328,-0.075388,0.446547,0.649464,-0.026562,0.470826,0.656543,-0.051707,0.452842,0.640924,-0.058106,0.432412,0.630564,-0.060764
W,0.362205,0.574286,0,0.383094,0.537467,-0.030414,0.420774,0.534459,-0.040524,0.441438,0.581019,-0.045229,0.453133,0.627972,-0.050133,0.486888,0.550273,-0.025704,0.53657,0.54123,-0.037907,0.567972,0.539206,-0.048241,0.59627,0.539703,-0.057173,0.486637,0.590487,-0.023243,0.548455,0.596137,-0.035283,0.584032,0.598753,-0.045754,0.616216,0.604796,-0.053399,0.473248,0.623366,-0.023936,0.522916,0.643497,-0.046705,0.555269,0.653355,-0.063884,0.587698,0.668289,-0.075071,0.448074,0.648891,-0.026077,0.472461,0.656459,-0.050601,0.454651,0.642373,-0.056486,0.43424,0.632498,-0.058685
X,0.525213,0.566087,0,0.547466,0.542632,-0.02224,0.57365,0.531321,-0.033829,0.590482,0.531145,-0.041351,0.597017,0.539111,-0.047529,0.561007,0.572446,-0.033354,0.557804,0.54744,-0.048153,0.54972,0.537649,-0.055288,0.540573,0.533166,-0.058565,0.543912,0.591914,-0.02791,0.525077,0.560762,-0.045814,0.510599,0.541878,-0.05017,0.499986,0.53107,-0.051217,0.529833,0.601075,-0.023441,0.509545,0.569457,-0.043564,0.497029,0.547796,-0.043203,0.488344,0.53338,-0.039019,0.518871,0.603366,-0.020212,0.500429,0.577881,-0.036371,0.491088,0.557781,-0.036397,0.486734,0.543999,-0.033166
X,0.471647,0.491443,0,0.484442,0.464676,-0.03784,0.510188,0.474302,-0.052823,0.522638,0.505629,-0.060228,0.525114,0.538282,-0.064588,0.563623,0.49428,-0.042861,0.604517,0.50706,-0.072108,0.617792,0.533289,-0.091476,0.618919,0.554168,-0.102267,0.551905,0.530023,-0.033014,0.54589,0.573106,-0.069097,0.514091,0.559415,-0.080875,0.495964,0.537629,-0.080491,0.53566,0.554643,-0.0266,0.524989,0.588978,-0.065681,0.497195,0.557671,-0.06524,0.489262,0.530975,-0.054315,0.519493,0.571002,-0.022037,0.510469,0.589146,-0.050892,0.491201,0.564452,-0.048476,0.485663,0.539748,-0.039035
X,0.518364,0.572752,0,0.541693,0.548346,-0.020219,0.564986,0.53208,-0.032932,0.571661,0.524181,-0.04225,0.563075,0.524058,-0.05102,0.559433,0.575085,-0.032233,0.567705,0.539647,-0.045428,0.556693,0.531113,-0.051883,0.544747,0.533552,-0.055077,0.543578,0.592479,-0.027114,0.540424,0.553247,-0.042113,0.522356,0.538844,-0.045096,0.508266,0.535482,-0.045548,0.529289,0.599681,-0.022736,0.521255,0.56089,-0.038051,0.505633,0.543651,-0.037066,0.494338,0.536028,-0.033585,0.517773,0.601011,-0.019481,0.510415,0.570342,-0.030476,0.500089,0.5549,-0.029167,0.492742,0.547102,-0.02614
X,0.469487,0.490073,0,0.481847,0.463763,-0.034491,0.509064,0.472806,-0.049198,0.523552,0.503242,-0.057346,0.524731,0.536492,-0.062751,0.567051,0.494393,-0.039266,0.60694,0.507927,-0.066358,0.616931,0.533582,-0.08344,0.617306,0.553846,-0.092695,0.55795,0.530536,-0.030359,0.549397,0.573352,-0.066456,0.516485,0.556703,-0.077722,0.50127,0.534031,-0.07624,0.541898,0.556197,-0.024249,0.528285,0.589698,-0.062543,0.49971,0.557708,-0.061776,0.493665,0.531107,-0.050245,0.525652,0.574593,-0.019618,0.515137,0.592146,-0.048083,0.495673,0.566397,-0.045907,0.491918,0.541978,-0.036206
X,0.52623,0.559019,0,0.546259,0.54175,-0.020204,0.569998,0.530623,-0.032153,0.587309,0.525253,-0.0405,0.602499,0.526743,-0.047524,0.564422,0.57058,-0.033957,0.564151,0.547933,-0.050126,0.554132,0.538401,-0.058494,0.542958,0.532842,-0.062152,0.546247,0.588501,-0.029861,0.530273,0.562145,-0.04771,0.51562,0.544613,-0.051929,0.505072,0.532977,-0.052729,0.530242,0.596219,-0.026669,0.511502,0.567399,-0.045667,0.49963,0.547097,-0.045102,0.492058,0.532815,-0.040967,0.517303,0.597002,-0.024564,0.500931,0.573082,-0.039089,0.493168,0.553367,-0.038169,0.489727,0.539362,-0.034377
X,0.522328,0.565862,0,0.537317,0.546737,-0.017808,0.551539,0.531582,-0.031963,0.55015,0.520531,-0.043689,0.544063,0.513511,-0.054962,0.563457,0.573897,-0.033645,0.569744,0.545166,-0.049263,0.558949,0.537168,-0.057822,0.547287,0.536714,-0.062103,0.549848,0.593199,-0.031249,0.533808,0.561831,-0.048177,0.516348,0.544498,-0.051661,0.50553,0.535086,-0.051895,0.534874,0.601049,-0.029611,0.515082,0.56917,-0.045251,0.502242,0.549691,-0.044298,0.496097,0.537864,-0.040716,0.521365,0.602095,-0.029163,0.505332,0.577793,-0.039631,0.49815,0.559386,-0.037957,0.495956,0.547443,-0.034438
X,0.518284,0.569949,0,0.536661,0.551255,-0.01785,0.55505,0.539706,-0.030681,0.560636,0.532387,-0.040544,0.559984,0.528906,-0.049746,0.555496,0.580364,-0.033763,0.562079,0.549489,-0.047062,0.551419,0.543138,-0.053493,0.539415,0.544321,-0.056483,0.542416,0.596851,-0.030212,0.529779,0.56249,-0.045525,0.514215,0.548047,-0.048968,0.502414,0.540841,-0.049489,0.529506,0.60401,-0.026929,0.513277,0.57003,-0.042267,0.500185,0.552137,-0.042042,0.49122,0.541215,-0.038962,0.518351,0.605184,-0.024675,0.504203,0.578664,-0.036184,0.495107,0.561256,-0.035535,0.489719,0.550343,-0.032533
X,0.522995,0.569536,0,0.542264,0.551944,-0.018576,0.561519,0.54085,-0.031575,0.568867,0.533671,-0.041701,0.570637,0.530008,-0.051478,0.557765,0.583077,-0.032544,0.556594,0.558787,-0.047208,0.549544,0.548003,-0.055828,0.541044,0.54208,-0.060237,0.539883,0.599189,-0.02943,0.523214,0.571735,-0.046171,0.508782,0.553064,-0.050972,0.498138,0.54103,-0.051939,0.524432,0.605517,-0.026866,0.50457,0.575548,-0.044098,0.493197,0.555195,-0.04444,0.486725,0.540942,-0.040888,0.511831,0.605687,-0.025327,0.494895,0.582138,-0.037113,0.487981,0.562545,-0.035449,0.486025,0.548118,-0.031451
X,0.519403,0.573064,0,0.538308,0.552751,-0.018865,0.554797,0.540552,-0.032543,0.553678,0.533633,-0.043348,0.545203,0.531538,-0.053863,0.554119,0.582914,-0.034715,0.562705,0.552987,-0.049053,0.553926,0.544975,-0.056724,0.542169,0.544809,-0.0604,0.53969,0.599042,-0.030883,0.530214,0.56721,-0.046902,0.51477,0.551666,-0.050832,0.502818,0.543803,-0.051453,0.526363,0.604905,-0.027548,0.511881,0.572452,-0.043387,0.499031,0.554288,-0.043808,0.490486,0.542818,-0.040826,0.51552,0.604304,-0.025271,0.502514,0.580215,-0.036466,0.494264,0.563271,-0.035644,0.48962,0.551369,-0.032535
X,0.521687,0.583008,0,0.544878,0.560311,-0.018053,0.572696,0.548227,-0.026678,0.589227,0.54666,-0.031823,0.592626,0.552516,-0.035646,0.556166,0.584012,-0.025859,0.561068,0.550322,-0.034516,0.554388,0.541894,-0.037548,0.546736,0.539584,-0.038878,0.538355,0.599652,-0.020779,0.53706,0.562492,-0.031516,0.524096,0.551021,-0.033409,0.514618,0.547169,-0.034141,0.523885,0.606411,-0.016209,0.518624,0.56944,-0.028305,0.506543,0.556974,-0.026524,0.497975,0.551197,-0.023358,0.512008,0.607952,-0.012649,0.505533,0.579983,-0.02178,0.497623,0.567968,-0.020127,0.492667,0.561785,-0.017274
X,0.523618,0.538287,0,0.528941,0.510585,-0.011125,0.532287,0.490038,-0.023545,0.526855,0.48166,-0.036481,0.518975,0.470183,-0.050514,0.557274,0.514585,-0.02362,0.557418,0.516517,-0.043111,0.546928,0.509022,-0.057317,0.539999,0.498146,-0.065162,0.55105,0.543834,-0.027321,0.527255,0.537749,-0.046374,0.502052,0.517215,-0.053798,0.490192,0.501012,-0.056504,0.539299,0.568049,-0.031794,0.515027,0.560243,-0.051367,0.490919,0.53821,-0.050411,0.478924,0.519012,-0.045641,0.526527,0.585789,-0.036972,0.50773,0.583581,-0.050006,0.489921,0.564971,-0.044954,0.480505,0.547142,-0.037971
X,0.449347,0.523335,0,0.459427,0.48118,-0.030288,0.486607,0.446934,-0.049989,0.508305,0.457303,-0.065373,0.516739,0.482528,-0.078178,0.547808,0.477942,-0.040146,0.586659,0.481182,-0.068303,0.61161,0.486134,-0.087141,0.630149,0.485372,-0.099243,0.550267,0.521764,-0.035723,0.541764,0.528654,-0.067331,0.500294,0.517796,-0.072316,0.479742,0.504097,-0.069628,0.541722,0.558755,-0.034744,0.522772,0.558977,-0.066829,0.487641,0.542114,-0.061153,0.474314,0.523954,-0.050228,0.527224,0.590702,-0.036215,0.511071,0.592161,-0.059854,0.484837,0.573485,-0.055954,0.473897,0.553312,-0.047531
X,0.453794,0.519453,0,0.464577,0.480583,-0.025174,0.495296,0.449801,-0.040886,0.517962,0.459717,-0.053353,0.52086,0.484419,-0.063787,0.551231,0.483514,-0.029789,0.588499,0.485346,-0.05412,0.6116,0.487158,-0.070518,0.62907,0.48435,-0.081294,0.551902,0.524929,-0.02703,0.544442,0.529057,-0.05552,0.503181,0.518315,-0.059591,0.485117,0.507763,-0.056368,0.542492,0.559548,-0.027555,0.525679,0.558762,-0.056276,0.491721,0.542904,-0.049742,0.479594,0.528747,-0.038664,0.527722,0.590164,-0.030342,0.513314,0.591571,-0.050979,0.487999,0.573889,-0.046228,0.478548,0.557536,-0.037682
X,0.445149,0.518943,0,0.457747,0.476905,-0.02433,0.491368,0.445002,-0.039054,0.51823,0.45803,-0.050362,0.521602,0.483657,-0.05917,0.548584,0.476818,-0.030186,0.586928,0.4802,-0.055976,0.609951,0.48309,-0.073172,0.625675,0.480368,-0.084118,0.549303,0.5194,-0.027456,0.5423,0.525464,-0.05589,0.499912,0.514592,-0.05887,0.480452,0.502572,-0.055031,0.540017,0.556015,-0.028127,0.523689,0.556286,-0.057406,0.488659,0.538922,-0.050836,0.476231,0.522346,-0.03968,0.524909,0.588087,-0.030893,0.511102,0.590378,-0.052481,0.485255,0.571119,-0.048321,0.475584,0.552516,-0.040137
X,0.440478,0.517159,0,0.452719,0.47795,-0.025777,0.484879,0.444904,-0.042307,0.513775,0.454522,-0.055727,0.52161,0.477969,-0.066627,0.545067,0.475364,-0.030187,0.583816,0.476735,-0.056208,0.606509,0.479187,-0.073151,0.620507,0.477007,-0.083626,0.546572,0.519239,-0.027305,0.540733,0.523559,-0.05677,0.497983,0.51223,-0.060373,0.476936,0.500752,-0.056458,0.537765,0.556822,-0.027963,0.521773,0.556419,-0.057579,0.487065,0.538232,-0.050883,0.473496,0.521041,-0.039399,0.523158,0.588834,-0.0309,0.509001,0.590501,-0.052135,0.483483,0.570592,-0.047608,0.473812,0.55194,-0.039019
X,0.445635,0.521051,0,0.455653,0.48162,-0.02724,0.485203,0.447021,-0.045049,0.511288,0.453526,-0.059514,0.518761,0.47798,-0.071368,0.545976,0.477859,-0.031704,0.584921,0.47822,-0.058622,0.60794,0.480403,-0.075565,0.621535,0.476426,-0.085543,0.547808,0.52036,-0.028081,0.541022,0.523672,-0.058862,0.498317,0.513229,-0.062375,0.477366,0.501865,-0.057626,0.538889,0.556199,-0.028208,0.521509,0.554351,-0.059841,0.486515,0.537842,-0.053784,0.473189,0.521923,-0.041799,0.524285,0.587887,-0.030522,0.508908,0.588063,-0.053333,0.483188,0.569964,-0.049367,0.473756,0.552713,-0.040544
X,0.441217,0.520033,0,0.452286,0.481142,-0.024107,0.483623,0.446454,-0.039682,0.510048,0.451511,-0.052501,0.517994,0.473817,-0.062857,0.543789,0.479809,-0.027807,0.582353,0.479774,-0.052483,0.60617,0.480247,-0.068226,0.622532,0.475598,-0.077961,0.545985,0.52179,-0.025482,0.539194,0.519481,-0.055095,0.495711,0.509009,-0.059002,0.473348,0.498831,-0.054652,0.537219,0.55698,-0.026409,0.519226,0.551542,-0.05623,0.483979,0.534877,-0.049937,0.470132,0.519686,-0.03806,0.522208,0.588248,-0.029363,0.506131,0.586022,-0.050372,0.480807,0.566754,-0.045784,0.471925,0.549392,-0.036741
X,0.443264,0.519833,0,0.454412,0.48048,-0.023857,0.484606,0.445776,-0.039155,0.509336,0.450359,-0.051647,0.51881,0.470844,-0.061689,0.544415,0.477761,-0.028694,0.581984,0.477831,-0.053489,0.605685,0.478387,-0.069312,0.623041,0.474052,-0.079183,0.547235,0.519684,-0.026521,0.53931,0.516941,-0.056124,0.496226,0.505883,-0.06019,0.474535,0.49601,-0.056189,0.5392,0.555293,-0.027479,0.520019,0.54923,-0.057033,0.484697,0.532273,-0.050513,0.471456,0.517854,-0.038765,0.524674,0.586986,-0.030505,0.506999,0.583403,-0.051262,0.4816,0.564115,-0.046461,0.473324,0.547618,-0.037433
X,0.43965,0.518278,0,0.451845,0.477258,-0.024291,0.483927,0.441679,-0.040081,0.512861,0.448149,-0.052964,0.521851,0.472508,-0.063202,0.542305,0.472984,-0.030811,0.580398,0.477161,-0.057633,0.602868,0.479519,-0.074339,0.617816,0.475675,-0.08459,0.546137,0.517839,-0.028289,0.53904,0.519305,-0.057961,0.49457,0.507938,-0.060822,0.472937,0.496317,-0.056416,0.538471,0.556237,-0.029167,0.519161,0.552433,-0.058737,0.483163,0.534024,-0.051709,0.470274,0.517142,-0.040078,0.523921,0.589166,-0.032216,0.505066,0.585978,-0.053473,0.479669,0.56485,-0.049652,0.471928,0.54628,-0.04165
X,0.442122,0.519172,0,0.453981,0.4804,-0.026315,0.483598,0.446488,-0.044198,0.508152,0.452662,-0.059194,0.517949,0.472764,-0.071711,0.5452,0.477547,-0.031285,0.582301,0.478405,-0.057576,0.606128,0.481591,-0.074311,0.622488,0.478971,-0.084728,0.54803,0.520807,-0.028693,0.539531,0.520088,-0.059345,0.495496,0.5092,-0.063284,0.474369,0.498807,-0.05916,0.539666,0.557424,-0.02958,0.519979,0.552168,-0.059902,0.483964,0.534287,-0.053037,0.471121,0.518023,-0.041145,0.524752,0.589028,-0.032819,0.50631,0.584742,-0.053957,0.480539,0.56471,-0.04914,0.472381,0.547171,-0.04016
X,0.444029,0.517829,0,0.455824,0.475833,-0.030432,0.488117,0.445194,-0.051066,0.518866,0.455923,-0.067943,0.524823,0.482393,-0.082006,0.54741,0.477616,-0.036846,0.587755,0.480295,-0.066739,0.610144,0.487047,-0.084892,0.621538,0.486465,-0.095228,0.548479,0.519333,-0.031703,0.542673,0.530096,-0.062834,0.499483,0.516957,-0.064538,0.482992,0.502569,-0.059054,0.539792,0.555878,-0.030717,0.525008,0.559657,-0.06295,0.489352,0.540411,-0.054974,0.478531,0.521789,-0.042153,0.52549,0.587326,-0.032222,0.512383,0.593216,-0.055124,0.485974,0.573019,-0.0503,0.477107,0.552281,-0.041297
X,0.507111,0.5156,0,0.518221,0.482698,-0.023595,0.535102,0.458293,-0.042764,0.534828,0.464057,-0.059911,0.517579,0.482398,-0.075932,0.561339,0.49299,-0.038803,0.564466,0.510731,-0.062054,0.547188,0.509231,-0.074792,0.531841,0.4989,-0.081362,0.556443,0.531463,-0.037577,0.534505,0.543102,-0.063731,0.502172,0.523009,-0.069876,0.4846,0.501062,-0.069901,0.545281,0.562476,-0.038108,0.521523,0.566477,-0.063784,0.490712,0.541841,-0.06061,0.475278,0.517277,-0.052863,0.53131,0.586902,-0.040449,0.510835,0.592011,-0.058211,0.488956,0.570741,-0.054266,0.479365,0.548658,-0.047235
X,0.459079,0.473335,0,0.473922,0.437317,-0.027937,0.505111,0.43243,-0.040992,0.524438,0.458341,-0.049843,0.520898,0.489343,-0.056029,0.534419,0.471468,-0.030983,0.53154,0.510803,-0.055285,0.506664,0.504726,-0.06709,0.486346,0.488695,-0.071579,0.533287,0.501441,-0.024558,0.528158,0.534187,-0.05168,0.498087,0.515042,-0.058471,0.481003,0.492442,-0.056737,0.528762,0.525997,-0.021286,0.52057,0.550296,-0.04923,0.492208,0.525962,-0.049058,0.477844,0.501388,-0.040962,0.520879,0.544449,-0.019641,0.514974,0.561237,-0.03928,0.494447,0.541903,-0.038208,0.48446,0.520257,-0.03169
X,0.542069,0.486364,0,0.567349,0.469097,-0.026503,0.591935,0.467513,-0.0426,0.599492,0.487176,-0.053931,0.591611,0.509307,-0.063374,0.561776,0.458895,-0.051893,0.557905,0.47309,-0.074641,0.543447,0.479272,-0.082816,0.531674,0.477901,-0.084886,0.540217,0.484767,-0.046154,0.527465,0.509567,-0.072721,0.506948,0.501051,-0.076756,0.494331,0.485792,-0.075455,0.526942,0.509412,-0.040985,0.511726,0.529287,-0.068232,0.495545,0.513069,-0.066577,0.485825,0.490806,-0.058945,0.519842,0.528408,-0.037074,0.505474,0.541322,-0.056874,0.493475,0.526145,-0.055859,0.484986,0.505992,-0.050837
X,0.519184,0.454328,0,0.549352,0.462157,-0.002442,0.570548,0.478033,-0.006064,0.577325,0.501856,-0.011614,0.569286,0.524008,-0.016089,0.581961,0.483241,-0.002461,0.580655,0.510552,-0.015246,0.566151,0.522776,-0.021428,0.553571,0.523961,-0.023216,0.568196,0.499677,-0.007341,0.537538,0.536004,-0.027488,0.510439,0.520952,-0.033346,0.495371,0.501487,-0.03121,0.552621,0.512502,-0.013096,0.520694,0.542771,-0.035777,0.498895,0.521408,-0.036458,0.487019,0.498637,-0.0292,0.537015,0.518888,-0.018608,0.513401,0.544324,-0.035884,0.497025,0.528876,-0.035543,0.487225,0.510705,-0.029441
X,0.502706,0.452872,0,0.522967,0.451476,-0.001903,0.542191,0.459368,-0.007045,0.545864,0.479959,-0.014696,0.541197,0.497874,-0.021515,0.577073,0.46985,0.000708,0.568267,0.507834,-0.011899,0.546276,0.515987,-0.02112,0.529457,0.509982,-0.02552,0.574397,0.481703,-0.00475,0.546281,0.525165,-0.02021,0.516858,0.518142,-0.028283,0.498105,0.500351,-0.029672,0.56852,0.492685,-0.0111,0.541598,0.528267,-0.026772,0.51358,0.516561,-0.027651,0.497124,0.497229,-0.023005,0.559194,0.49997,-0.01768,0.544632,0.530158,-0.028121,0.523585,0.52094,-0.025558,0.510335,0.505478,-0.019592
X,0.396186,0.393563,0,0.420909,0.430688,-0.02501,0.461648,0.448405,-0.03979,0.495964,0.435343,-0.054618,0.513758,0.416237,-0.065575,0.514012,0.462289,-0.024727,0.575711,0.462674,-0.056709,0.583386,0.434776,-0.068653,0.572387,0.414044,-0.071449,0.503809,0.453355,-0.025799,0.521469,0.408212,-0.060549,0.486761,0.389023,-0.065059,0.46468,0.408657,-0.060656,0.48753,0.437327,-0.032277,0.493985,0.379566,-0.067346,0.462326,0.368945,-0.063694,0.447092,0.396215,-0.053444,0.467733,0.423428,-0.041021,0.472275,0.371701,-0.061634,0.449304,0.364335,-0.057136,0.43496,0.383832,-0.048525
X,0.398146,0.419144,0,0.416707,0.44086,-0.01213,0.45282,0.447208,-0.021842,0.486603,0.430635,-0.033084,0.507155,0.41531,-0.042716,0.488798,0.481433,-0.014526,0.530072,0.456943,-0.035542,0.518807,0.416829,-0.044307,0.501219,0.400826,-0.04786,0.489591,0.488149,-0.018768,0.530966,0.448711,-0.043169,0.515341,0.41766,-0.047424,0.49675,0.419691,-0.045745,0.483286,0.486632,-0.025931,0.520361,0.441574,-0.05163,0.498207,0.412048,-0.050233,0.479492,0.421412,-0.04385,0.47205,0.481774,-0.033572,0.506797,0.442225,-0.048845,0.491377,0.418049,-0.044544,0.473421,0.422642,-0.037838
X,0.397296,0.396089,0,0.420817,0.443793,-0.02298,0.461865,0.464552,-0.035811,0.497194,0.44824,-0.049289,0.515836,0.425832,-0.058908,0.516311,0.47126,-0.019207,0.581823,0.470873,-0.051071,0.588692,0.442967,-0.063437,0.576564,0.42181,-0.066217,0.505979,0.452959,-0.021389,0.530673,0.412574,-0.056703,0.494169,0.393926,-0.062161,0.470022,0.412501,-0.057836,0.490065,0.431176,-0.029217,0.499514,0.378264,-0.066296,0.464831,0.37,-0.064205,0.448727,0.398871,-0.05397,0.469918,0.415065,-0.038867,0.47992,0.368973,-0.060337,0.454712,0.364587,-0.055875,0.439181,0.386652,-0.046966
X,0.398477,0.380667,0,0.407035,0.434722,-0.035516,0.438497,0.463241,-0.055687,0.471896,0.444691,-0.073211,0.493938,0.414422,-0.086345,0.511521,0.452577,-0.041194,0.572465,0.452511,-0.07781,0.575977,0.425223,-0.091109,0.564005,0.403192,-0.094563,0.506773,0.420626,-0.039148,0.513675,0.384845,-0.076395,0.469345,0.372306,-0.078955,0.450035,0.396698,-0.07313,0.494091,0.385299,-0.043036,0.485537,0.341293,-0.080953,0.447195,0.343105,-0.073436,0.436102,0.377612,-0.060602,0.476423,0.356368,-0.050126,0.467149,0.315401,-0.072996,0.43821,0.322727,-0.065908,0.426879,0.349828,-0.055155
X,0.411739,0.384401,0,0.408755,0.43074,-0.035079,0.4354,0.453846,-0.05298,0.471536,0.436219,-0.067831,0.495686,0.407573,-0.078952,0.495668,0.461241,-0.037896,0.544158,0.442691,-0.070246,0.54081,0.412156,-0.08067,0.52748,0.399761,-0.082985,0.500522,0.442525,-0.034451,0.525694,0.399401,-0.071985,0.491126,0.378125,-0.076551,0.468598,0.398432,-0.070919,0.497169,0.419291,-0.03649,0.504851,0.360355,-0.077503,0.466417,0.350025,-0.076003,0.446538,0.381914,-0.065074,0.488246,0.399265,-0.040778,0.494386,0.348126,-0.067954,0.464139,0.34137,-0.065658,0.443531,0.363427,-0.057053
X,0.400475,0.398959,0,0.406033,0.44367,-0.034351,0.438785,0.464396,-0.052594,0.476974,0.440881,-0.068161,0.500207,0.408962,-0.08005,0.49859,0.469799,-0.038569,0.571978,0.461947,-0.07265,0.578901,0.43164,-0.084691,0.563683,0.410572,-0.086484,0.496752,0.45661,-0.035106,0.530232,0.4232,-0.07273,0.498948,0.398804,-0.077465,0.474894,0.411512,-0.071155,0.488354,0.437621,-0.037318,0.502433,0.389638,-0.077861,0.467868,0.375786,-0.076923,0.449106,0.402814,-0.065491,0.47488,0.422306,-0.041633,0.490985,0.382379,-0.066599,0.464135,0.374378,-0.06212,0.443291,0.391822,-0.051573
X,0.400004,0.401707,0,0.410586,0.451694,-0.031955,0.445434,0.470959,-0.049762,0.481987,0.445139,-0.065327,0.501912,0.410242,-0.07711,0.501926,0.471359,-0.03808,0.572854,0.464128,-0.072691,0.576473,0.432264,-0.08447,0.5591,0.409779,-0.085853,0.498534,0.451856,-0.036058,0.524755,0.412842,-0.072818,0.489981,0.392854,-0.076156,0.466568,0.410904,-0.069364,0.488385,0.427601,-0.039578,0.49401,0.374815,-0.07815,0.459335,0.367978,-0.075641,0.44368,0.399564,-0.064099,0.473288,0.409095,-0.045277,0.481169,0.361538,-0.068616,0.453806,0.358735,-0.063353,0.435788,0.380252,-0.052734
X,0.39687,0.381576,0,0.400085,0.439801,-0.039741,0.427203,0.472001,-0.061925,0.462868,0.448567,-0.080629,0.485638,0.418331,-0.094807,0.506578,0.461696,-0.04453,0.566948,0.459281,-0.081952,0.571677,0.431404,-0.096084,0.560866,0.409403,-0.100198,0.507415,0.423516,-0.040403,0.510881,0.3916,-0.07724,0.465232,0.381506,-0.080122,0.447119,0.406611,-0.074637,0.498702,0.384511,-0.042632,0.484038,0.344187,-0.080102,0.444625,0.349023,-0.07404,0.435312,0.382855,-0.062477,0.484778,0.349833,-0.048559,0.467546,0.314143,-0.071598,0.437129,0.324715,-0.066273,0.426762,0.349992,-0.056857
X,0.389512,0.381897,0,0.398699,0.442892,-0.039068,0.430004,0.47625,-0.062492,0.463446,0.453378,-0.083586,0.482384,0.418564,-0.099428,0.512666,0.457255,-0.040984,0.570656,0.455002,-0.079146,0.571306,0.429027,-0.091308,0.55671,0.408283,-0.093077,0.511533,0.410197,-0.037686,0.502413,0.377875,-0.075005,0.450764,0.37237,-0.075389,0.437393,0.400089,-0.067532,0.500408,0.367248,-0.04121,0.476814,0.329725,-0.07956,0.433753,0.342919,-0.071076,0.428431,0.380696,-0.057462,0.484238,0.331462,-0.048568,0.46518,0.298376,-0.071904,0.433114,0.313776,-0.065263,0.424643,0.342805,-0.054457
X,0.391641,0.379348,0,0.397522,0.440873,-0.041953,0.42796,0.477162,-0.064988,0.459419,0.452168,-0.084241,0.479239,0.416959,-0.098056,0.516583,0.446124,-0.045559,0.574376,0.443155,-0.08407,0.573823,0.42499,-0.095512,0.555543,0.409206,-0.096006,0.515682,0.39669,-0.039995,0.50177,0.369546,-0.078711,0.446859,0.368666,-0.078926,0.431725,0.395981,-0.070106,0.50395,0.353785,-0.041242,0.475231,0.322693,-0.083309,0.429369,0.341162,-0.076074,0.422382,0.379807,-0.061993,0.487559,0.319675,-0.04609,0.465403,0.292852,-0.074944,0.429817,0.311881,-0.070229,0.419637,0.342046,-0.059166
X,0.389443,0.379315,0,0.398209,0.438981,-0.045981,0.430856,0.470941,-0.071133,0.464446,0.442823,-0.091965,0.481633,0.406537,-0.106935,0.515438,0.446682,-0.048174,0.572472,0.442611,-0.087764,0.572401,0.418391,-0.098725,0.557991,0.400085,-0.099081,0.513084,0.399279,-0.041256,0.502392,0.365171,-0.080397,0.447946,0.362006,-0.079551,0.435778,0.39088,-0.069819,0.500938,0.356954,-0.041766,0.47526,0.319199,-0.083096,0.430926,0.335213,-0.074377,0.427623,0.374499,-0.059425,0.484311,0.322263,-0.046478,0.462994,0.291053,-0.072812,0.42965,0.309374,-0.067004,0.422212,0.339717,-0.055759
X,0.389161,0.382673,0,0.399894,0.440095,-0.042586,0.431157,0.474136,-0.066756,0.462168,0.447611,-0.087188,0.477296,0.410588,-0.102313,0.517772,0.443431,-0.047078,0.573461,0.438801,-0.086249,0.572355,0.416257,-0.098872,0.556497,0.399789,-0.100549,0.515753,0.39248,-0.041125,0.496622,0.359089,-0.079882,0.44204,0.361964,-0.080318,0.42877,0.391777,-0.072347,0.503726,0.348482,-0.041972,0.473668,0.31272,-0.082453,0.429244,0.334673,-0.07423,0.423348,0.375493,-0.0603,0.487853,0.313212,-0.046824,0.464682,0.283544,-0.074172,0.42991,0.304455,-0.069341,0.420633,0.336164,-0.058762
X,0.392729,0.379064,0,0.401544,0.43862,-0.040866,0.433272,0.47107,-0.064045,0.465289,0.445804,-0.084246,0.483691,0.407983,-0.099407,0.514987,0.446331,-0.044034,0.572408,0.444191,-0.081756,0.572672,0.420116,-0.092338,0.556767,0.400927,-0.092785,0.51276,0.401303,-0.039677,0.503953,0.367119,-0.077527,0.451144,0.362035,-0.076916,0.437123,0.390727,-0.067864,0.500424,0.359881,-0.042163,0.479415,0.320922,-0.082951,0.434194,0.33595,-0.074054,0.426666,0.376623,-0.059286,0.483163,0.326062,-0.048318,0.46764,0.28996,-0.07495,0.433439,0.307203,-0.068578,0.422377,0.339817,-0.057054
X,0.401193,0.402236,0,0.410991,0.422588,-0.014449,0.441175,0.432025,-0.02422,0.477007,0.421555,-0.034605,0.499157,0.414806,-0.042764,0.477662,0.469619,-0.013896,0.517155,0.441732,-0.034638,0.503189,0.401877,-0.043769,0.483144,0.386998,-0.047122,0.487749,0.476292,-0.015197,0.526683,0.434541,-0.037048,0.509597,0.402103,-0.039911,0.491508,0.404087,-0.037434,0.4911,0.472916,-0.019613,0.53013,0.430765,-0.043269,0.509343,0.401037,-0.040049,0.492216,0.409414,-0.03239,0.490549,0.464515,-0.024758,0.528788,0.426802,-0.039066,0.512659,0.401009,-0.033553,0.493445,0.401573,-0.025555
X,0.397103,0.394824,0,0.402281,0.41336,-0.024174,0.43325,0.420808,-0.037476,0.47029,0.401001,-0.049737,0.494228,0.384821,-0.059099,0.479627,0.455704,-0.025157,0.520954,0.432885,-0.049645,0.506814,0.397977,-0.059121,0.486562,0.382303,-0.061763,0.487373,0.461098,-0.023321,0.523189,0.423634,-0.051658,0.501398,0.395557,-0.056665,0.480391,0.39891,-0.053475,0.487033,0.458687,-0.025385,0.51386,0.41255,-0.055952,0.485474,0.388093,-0.055731,0.464931,0.40028,-0.047664,0.482466,0.453959,-0.028624,0.511266,0.416438,-0.047587,0.490083,0.397141,-0.04385,0.469043,0.403883,-0.035613
X,0.392385,0.377539,0,0.403117,0.438061,-0.037291,0.435943,0.470282,-0.059259,0.470533,0.442661,-0.078913,0.489852,0.40672,-0.093545,0.512796,0.450014,-0.040645,0.571866,0.445227,-0.078123,0.571492,0.417973,-0.089377,0.556287,0.398276,-0.090609,0.510382,0.4034,-0.037965,0.503232,0.371287,-0.076198,0.451059,0.365877,-0.076479,0.436064,0.394262,-0.068089,0.498364,0.360227,-0.04179,0.476328,0.323663,-0.081567,0.433232,0.336861,-0.073006,0.42748,0.374922,-0.058731,0.481532,0.3245,-0.049003,0.464105,0.291928,-0.073457,0.432036,0.308297,-0.066596,0.424112,0.338232,-0.055253
X,0.387283,0.374579,0,0.395043,0.436561,-0.043677,0.42636,0.472603,-0.068039,0.458671,0.446452,-0.088066,0.476913,0.411548,-0.102852,0.513833,0.441995,-0.049862,0.568965,0.436823,-0.089385,0.571554,0.416348,-0.103364,0.556856,0.400974,-0.106241,0.514083,0.389987,-0.043767,0.493635,0.359986,-0.082548,0.442275,0.359922,-0.083754,0.428816,0.386992,-0.076452,0.503079,0.345289,-0.044379,0.471111,0.313192,-0.084343,0.428484,0.33251,-0.076619,0.42234,0.371267,-0.063312,0.486426,0.309957,-0.049202,0.462426,0.284046,-0.076255,0.428521,0.303499,-0.071461,0.418752,0.332784,-0.061029
X,0.38569,0.365041,0,0.392272,0.430635,-0.04099,0.423857,0.469625,-0.065038,0.454764,0.449908,-0.084878,0.475563,0.417665,-0.099793,0.510756,0.445479,-0.05226,0.560837,0.441439,-0.094409,0.566166,0.433806,-0.11277,0.557326,0.427028,-0.1189,0.518053,0.391621,-0.047037,0.486036,0.370165,-0.087332,0.434585,0.372608,-0.08752,0.417872,0.393084,-0.079252,0.510158,0.342836,-0.048257,0.468104,0.321351,-0.087047,0.426089,0.339635,-0.075814,0.417552,0.371524,-0.05989,0.493938,0.30386,-0.05409,0.458832,0.289054,-0.080704,0.426824,0.307661,-0.075557,0.419674,0.331573,-0.064427
X,0.389113,0.34732,0,0.396664,0.4282,-0.032957,0.433289,0.474504,-0.050207,0.470327,0.465585,-0.063398,0.487784,0.431251,-0.072209,0.507909,0.452356,-0.038579,0.543486,0.446404,-0.068748,0.559794,0.447807,-0.082473,0.578692,0.453097,-0.090257,0.518099,0.399887,-0.037338,0.495023,0.388759,-0.067473,0.446027,0.38893,-0.068002,0.43684,0.406368,-0.063676,0.513298,0.351592,-0.041125,0.480618,0.345237,-0.073508,0.43636,0.354651,-0.065244,0.431628,0.374874,-0.053636,0.497244,0.311706,-0.048705,0.470227,0.309812,-0.068956,0.44008,0.323634,-0.063917,0.4368,0.33591,-0.056006
X,0.391206,0.346282,0,0.39772,0.422482,-0.029621,0.433215,0.469682,-0.045121,0.469205,0.465119,-0.057236,0.490674,0.439877,-0.065098,0.507828,0.454334,-0.037656,0.548567,0.453,-0.068589,0.562908,0.455863,-0.082072,0.575689,0.459474,-0.088404,0.518305,0.403602,-0.037806,0.499308,0.398254,-0.067711,0.450226,0.398254,-0.066828,0.436445,0.410702,-0.060689,0.513545,0.354598,-0.042824,0.48433,0.354678,-0.076234,0.438758,0.362629,-0.066637,0.430185,0.379007,-0.052864,0.497636,0.311871,-0.051086,0.472325,0.317061,-0.072853,0.440246,0.331133,-0.066644,0.433333,0.342224,-0.056665
X,0.399922,0.335828,0,0.400695,0.42295,-0.029424,0.434142,0.47304,-0.045547,0.469738,0.475828,-0.059128,0.491428,0.45415,-0.069723,0.508553,0.462783,-0.034936,0.550311,0.460956,-0.064514,0.56567,0.460083,-0.079046,0.580194,0.460752,-0.087128,0.516145,0.413176,-0.035381,0.507869,0.402834,-0.067595,0.459367,0.398112,-0.072919,0.439188,0.410618,-0.0721,0.510707,0.364066,-0.040278,0.493517,0.358546,-0.077469,0.446714,0.363187,-0.074962,0.430121,0.381217,-0.066288,0.49638,0.322986,-0.047608,0.483065,0.323929,-0.071961,0.452055,0.331401,-0.069173,0.441958,0.342767,-0.062585
X,0.396809,0.336441,0,0.396803,0.419914,-0.029386,0.431522,0.469064,-0.043441,0.467357,0.474069,-0.054815,0.48978,0.455426,-0.062711,0.506452,0.458285,-0.031842,0.545076,0.455835,-0.061014,0.561404,0.454518,-0.074795,0.57891,0.456955,-0.082492,0.515618,0.409698,-0.032103,0.505695,0.397847,-0.063273,0.456224,0.395038,-0.067351,0.438149,0.411651,-0.065754,0.511384,0.362445,-0.03725,0.494556,0.35606,-0.074643,0.445867,0.361648,-0.071615,0.42983,0.381478,-0.062515,0.497621,0.322334,-0.04497,0.484066,0.32286,-0.070798,0.451272,0.331921,-0.068875,0.440392,0.344422,-0.062549
X,0.392529,0.33835,0,0.396713,0.424647,-0.028453,0.432327,0.472928,-0.041889,0.468434,0.47182,-0.052045,0.487903,0.442373,-0.05831,0.508618,0.453861,-0.034442,0.546286,0.449186,-0.063366,0.560694,0.448369,-0.076592,0.576032,0.449963,-0.08371,0.516321,0.404194,-0.034827,0.499694,0.392494,-0.065052,0.451022,0.391662,-0.068169,0.435269,0.407259,-0.065793,0.509461,0.35617,-0.039643,0.486356,0.350441,-0.074965,0.439716,0.358752,-0.071021,0.427617,0.379664,-0.061495,0.492002,0.317319,-0.047037,0.475038,0.317658,-0.07046,0.444478,0.328819,-0.067326,0.437103,0.341512,-0.060251
X,0.38608,0.342416,0,0.393311,0.423696,-0.029061,0.430832,0.468836,-0.044336,0.466734,0.462356,-0.056492,0.484794,0.431081,-0.064644,0.503857,0.446691,-0.034357,0.540559,0.439686,-0.063146,0.556245,0.440687,-0.07635,0.571877,0.444328,-0.083649,0.514004,0.395425,-0.034808,0.490973,0.386807,-0.064325,0.443343,0.388692,-0.065787,0.430902,0.405025,-0.062086,0.508401,0.346999,-0.039914,0.474982,0.343403,-0.072105,0.4319,0.352655,-0.065155,0.424864,0.371504,-0.054308,0.491395,0.307438,-0.048312,0.464192,0.307722,-0.068645,0.435138,0.320991,-0.064156,0.431405,0.333039,-0.056586
Y,0.408927,0.415157,0,0.436745,0.486084,-0.015847,0.491295,0.531735,-0.02051,0.53497,0.566272,-0.025273,0.558979,0.604527,-0.026581,0.535683,0.504552,-0.005623,0.566698,0.508068,-0.030991,0.531107,0.501498,-0.04499,0.496091,0.499628,-0.049177,0.535295,0.464141,-0.00788,0.564506,0.474215,-0.039988,0.518077,0.473154,-0.052859,0.481706,0.473608,-0.054296,0.532636,0.42089,-0.014898,0.562798,0.42644,-0.047172,0.518285,0.438461,-0.055861,0.482219,0.447522,-0.053201,0.524953,0.376798,-0.022563,0.56946,0.362426,-0.04168,0.59394,0.359022,-0.050096,0.618033,0.357379,-0.052979
Y,0.41933,0.422853,0,0.441146,0.48781,-0.016992,0.490495,0.532351,-0.022679,0.531781,0.565624,-0.027959,0.553289,0.602095,-0.030275,0.533664,0.516605,-0.008583,0.565872,0.518787,-0.034417,0.532628,0.506714,-0.049279,0.500015,0.50162,-0.054312,0.534885,0.476928,-0.009306,0.563484,0.482815,-0.039606,0.518938,0.477106,-0.051002,0.485203,0.476871,-0.051936,0.532798,0.43514,-0.014691,0.562877,0.437557,-0.045085,0.520644,0.445579,-0.052449,0.487019,0.454946,-0.04945,0.525073,0.392762,-0.020781,0.568533,0.37635,-0.039031,0.588454,0.371323,-0.046218,0.608204,0.37142,-0.04813
Y,0.421644,0.438839,0,0.442582,0.50266,-0.014607,0.491965,0.545538,-0.019144,0.532227,0.577405,-0.02355,0.552406,0.612158,-0.02507,0.533566,0.527309,-0.008416,0.563268,0.531237,-0.031841,0.530776,0.520818,-0.044455,0.499761,0.515704,-0.04849,0.534514,0.489605,-0.010129,0.561824,0.496328,-0.039135,0.518422,0.491782,-0.049727,0.485397,0.4912,-0.050537,0.532644,0.449183,-0.015967,0.56198,0.452975,-0.044854,0.520519,0.461398,-0.051707,0.487462,0.469751,-0.049053,0.525231,0.408499,-0.022357,0.565692,0.3938,-0.040103,0.585241,0.390348,-0.047664,0.605339,0.390613,-0.050296
Y,0.422831,0.441895,0,0.446369,0.505448,-0.014954,0.491446,0.546982,-0.02062,0.53001,0.57816,-0.026229,0.552792,0.61198,-0.029255,0.532592,0.529061,-0.008713,0.562799,0.53097,-0.033101,0.531425,0.522289,-0.047401,0.50019,0.517288,-0.052125,0.534267,0.492758,-0.010282,0.562968,0.498979,-0.03905,0.520524,0.494929,-0.050232,0.487238,0.493107,-0.051488,0.533593,0.453168,-0.01605,0.561891,0.456295,-0.04412,0.521779,0.464342,-0.051219,0.487858,0.470421,-0.04871,0.528387,0.412045,-0.022481,0.571317,0.396148,-0.039525,0.594624,0.392993,-0.047182,0.616148,0.392647,-0.049906
Y,0.424421,0.432744,0,0.440504,0.497428,-0.014028,0.487216,0.543763,-0.017655,0.526373,0.577279,-0.02162,0.549722,0.610052,-0.022822,0.529125,0.530768,-0.004114,0.559863,0.533935,-0.027835,0.529628,0.52022,-0.041715,0.498447,0.514993,-0.046789,0.532367,0.492739,-0.006932,0.560686,0.499119,-0.035943,0.519196,0.491882,-0.047944,0.485219,0.492722,-0.049498,0.531645,0.452522,-0.014064,0.562148,0.455136,-0.043628,0.521059,0.45976,-0.050593,0.487364,0.46832,-0.047619,0.523385,0.412479,-0.021912,0.563877,0.402201,-0.040114,0.577775,0.398489,-0.046122,0.590555,0.399275,-0.04709
Y,0.424388,0.42413,0,0.436286,0.493175,-0.01582,0.484053,0.544127,-0.019698,0.525887,0.581303,-0.023845,0.55061,0.617323,-0.025376,0.526285,0.529072,-0.004357,0.558971,0.535158,-0.029162,0.528066,0.520392,-0.043194,0.497398,0.512756,-0.047918,0.530892,0.489647,-0.0065,0.561314,0.498607,-0.036451,0.518161,0.489065,-0.048457,0.484839,0.48767,-0.049782,0.531757,0.448422,-0.013235,0.562734,0.452492,-0.044406,0.51992,0.451759,-0.050044,0.487746,0.455098,-0.045398,0.525635,0.406464,-0.02083,0.566208,0.403629,-0.039794,0.574438,0.402241,-0.044211,0.583125,0.403833,-0.043458
Y,0.420656,0.409058,0,0.43695,0.479271,-0.019439,0.486132,0.530959,-0.026417,0.528966,0.570988,-0.032724,0.549746,0.611674,-0.035797,0.528562,0.513685,-0.011295,0.562883,0.518762,-0.037526,0.528631,0.501484,-0.051549,0.495966,0.491071,-0.055842,0.531467,0.471091,-0.011564,0.561125,0.475645,-0.043378,0.515941,0.465387,-0.054697,0.481896,0.461917,-0.055305,0.53095,0.428515,-0.016595,0.561061,0.428424,-0.047777,0.518059,0.430286,-0.053247,0.485577,0.434523,-0.048572,0.524084,0.386852,-0.022738,0.567341,0.379414,-0.040557,0.584803,0.378078,-0.045743,0.603257,0.380276,-0.046013
Y,0.420408,0.408224,0,0.434879,0.476341,-0.018341,0.483731,0.527772,-0.024678,0.526104,0.56721,-0.030609,0.546598,0.607145,-0.033601,0.527733,0.510233,-0.00998,0.561816,0.516262,-0.035185,0.527962,0.499493,-0.048779,0.495909,0.488853,-0.052965,0.530646,0.468159,-0.010641,0.560625,0.473805,-0.041257,0.515668,0.463977,-0.052193,0.482028,0.45976,-0.052691,0.529655,0.42635,-0.0159,0.560079,0.427168,-0.045754,0.517692,0.428398,-0.050804,0.486323,0.431585,-0.046139,0.522472,0.385285,-0.022228,0.565682,0.378644,-0.039197,0.582129,0.377603,-0.043872,0.599924,0.379608,-0.043935
Y,0.420437,0.409935,0,0.441189,0.481268,-0.018836,0.492228,0.530175,-0.025236,0.534916,0.567178,-0.031057,0.55302,0.608628,-0.033757,0.530349,0.508957,-0.00922,0.563922,0.510209,-0.034687,0.529859,0.495909,-0.049224,0.497559,0.489752,-0.054239,0.531836,0.466376,-0.009234,0.5601,0.469251,-0.039803,0.51659,0.461204,-0.051743,0.484271,0.458806,-0.053552,0.530762,0.42409,-0.013942,0.561646,0.423444,-0.043768,0.520881,0.426954,-0.050089,0.489646,0.431732,-0.046727,0.524436,0.383298,-0.019753,0.568022,0.372436,-0.036407,0.58735,0.370107,-0.042212,0.607558,0.371159,-0.043554
Y,0.421372,0.413665,0,0.445948,0.479514,-0.020751,0.496299,0.523687,-0.028318,0.540028,0.557314,-0.034805,0.560083,0.598468,-0.03824,0.533123,0.500949,-0.011245,0.566293,0.500784,-0.037452,0.53336,0.488496,-0.052529,0.501268,0.482059,-0.05713,0.534076,0.458879,-0.009607,0.562793,0.459822,-0.03981,0.519992,0.454888,-0.051269,0.487237,0.453703,-0.052436,0.532577,0.417389,-0.012879,0.562068,0.415538,-0.042717,0.522095,0.421325,-0.049759,0.490113,0.427248,-0.046359,0.527331,0.376734,-0.01725,0.572759,0.361803,-0.03361,0.59573,0.35754,-0.039948,0.618501,0.357292,-0.041504
Y,0.422055,0.414463,0,0.444897,0.481362,-0.020822,0.495665,0.525894,-0.028208,0.539555,0.559372,-0.034433,0.559369,0.599918,-0.037625,0.533249,0.506506,-0.011495,0.565517,0.505951,-0.036816,0.532048,0.492568,-0.050899,0.499998,0.486278,-0.055166,0.534294,0.46357,-0.010035,0.56246,0.464648,-0.039853,0.51927,0.457738,-0.050732,0.486718,0.456171,-0.051566,0.532621,0.420802,-0.013397,0.561907,0.41889,-0.043173,0.52189,0.423341,-0.049575,0.490477,0.429068,-0.045896,0.526442,0.379158,-0.017852,0.570936,0.364841,-0.034474,0.592333,0.360815,-0.040455,0.61403,0.360962,-0.04174
Y,0.420714,0.415401,0,0.444987,0.482465,-0.018539,0.49621,0.525833,-0.024947,0.539702,0.558463,-0.030794,0.55992,0.5982,-0.033782,0.533536,0.504161,-0.009239,0.565823,0.503957,-0.033799,0.532694,0.491969,-0.047662,0.501164,0.48608,-0.051881,0.534061,0.462128,-0.008887,0.56259,0.462913,-0.038009,0.519697,0.457773,-0.048752,0.487002,0.457136,-0.049595,0.531808,0.420094,-0.013171,0.561317,0.418461,-0.042116,0.521297,0.423526,-0.048027,0.489656,0.429278,-0.04417,0.525112,0.379108,-0.018465,0.568556,0.364755,-0.034438,0.589451,0.361015,-0.040005,0.610118,0.360803,-0.041067
Y,0.421085,0.412559,0,0.444652,0.481407,-0.019706,0.496356,0.52595,-0.026653,0.540266,0.559735,-0.032897,0.559783,0.600358,-0.036032,0.533821,0.505508,-0.0094,0.565395,0.50658,-0.034907,0.530577,0.492553,-0.049274,0.498381,0.485877,-0.053695,0.534491,0.462826,-0.009019,0.5623,0.465361,-0.039295,0.51864,0.458331,-0.050597,0.485802,0.456844,-0.051562,0.532569,0.419808,-0.013513,0.561724,0.418435,-0.043386,0.521526,0.423279,-0.049538,0.490225,0.429377,-0.045656,0.526052,0.377756,-0.01912,0.569987,0.364529,-0.035302,0.590124,0.361057,-0.040519,0.610479,0.361018,-0.041271
Y,0.419379,0.411027,0,0.442936,0.481103,-0.018381,0.496366,0.527726,-0.024234,0.54044,0.564062,-0.02954,0.560424,0.604646,-0.031708,0.53553,0.503436,-0.00871,0.567426,0.504736,-0.03374,0.532687,0.492552,-0.047526,0.500791,0.48745,-0.051835,0.535516,0.461186,-0.008898,0.563484,0.463523,-0.03908,0.518945,0.457787,-0.050024,0.486049,0.457522,-0.050893,0.532925,0.418438,-0.013863,0.562504,0.417411,-0.043878,0.521323,0.423318,-0.049904,0.490039,0.430001,-0.046089,0.525434,0.376437,-0.019815,0.569255,0.363459,-0.036451,0.589539,0.359981,-0.042081,0.610858,0.360033,-0.043211
Y,0.42217,0.417197,0,0.447604,0.486876,-0.019275,0.503799,0.538145,-0.025387,0.548561,0.576707,-0.030898,0.569552,0.620097,-0.032605,0.547472,0.507684,-0.009044,0.578102,0.511318,-0.034695,0.541221,0.501309,-0.047525,0.508095,0.497369,-0.050457,0.548262,0.464382,-0.009299,0.576315,0.472275,-0.040788,0.529304,0.467529,-0.051388,0.495091,0.466809,-0.051199,0.545694,0.419584,-0.014665,0.574515,0.422923,-0.047001,0.528928,0.430349,-0.053321,0.493939,0.436742,-0.048535,0.538231,0.375896,-0.020984,0.583694,0.366235,-0.039097,0.608027,0.363729,-0.045834,0.633425,0.362953,-0.047413
Y,0.432423,0.43138,0,0.454275,0.503513,-0.018743,0.510441,0.555413,-0.024011,0.555959,0.593679,-0.028623,0.577052,0.636802,-0.029466,0.555234,0.531894,-0.008809,0.586454,0.534271,-0.034011,0.54909,0.519367,-0.045972,0.51615,0.513955,-0.048829,0.556742,0.487172,-0.009738,0.584471,0.49303,-0.041967,0.535424,0.484355,-0.052671,0.500216,0.484184,-0.052215,0.554698,0.440061,-0.015623,0.58453,0.442444,-0.048934,0.537208,0.449149,-0.055497,0.501963,0.458462,-0.050885,0.545835,0.393792,-0.022244,0.589415,0.384047,-0.041338,0.608479,0.380724,-0.047624,0.629808,0.381313,-0.048582
Y,0.431078,0.455761,0,0.452115,0.531351,-0.017422,0.509526,0.585227,-0.021746,0.556147,0.621254,-0.0259,0.576775,0.664292,-0.025966,0.556886,0.561139,-0.007972,0.589575,0.567093,-0.035303,0.549505,0.551349,-0.047525,0.515947,0.544635,-0.049964,0.558938,0.515907,-0.009904,0.588674,0.521601,-0.043392,0.538225,0.512622,-0.053472,0.503845,0.51423,-0.052315,0.55598,0.467959,-0.016969,0.586486,0.469446,-0.051137,0.538082,0.473259,-0.055636,0.503535,0.481678,-0.04921,0.545632,0.420525,-0.024905,0.589544,0.411724,-0.044782,0.604849,0.409222,-0.050143,0.621993,0.409582,-0.049791
Y,0.432399,0.464676,0,0.450891,0.535977,-0.018403,0.508694,0.591944,-0.022453,0.555741,0.629087,-0.026495,0.578859,0.673565,-0.026853,0.558771,0.565961,-0.005843,0.59226,0.573899,-0.034236,0.552515,0.560901,-0.047772,0.517557,0.554941,-0.050972,0.562048,0.52177,-0.007704,0.59234,0.528813,-0.042175,0.541379,0.521531,-0.053679,0.504919,0.524214,-0.053111,0.559408,0.4744,-0.014948,0.590761,0.477295,-0.052065,0.5399,0.481103,-0.057964,0.501908,0.489955,-0.051544,0.549279,0.427454,-0.023064,0.591407,0.42067,-0.0478,0.593814,0.417915,-0.054258,0.596417,0.417823,-0.053348
Y,0.429848,0.458615,0,0.453605,0.53612,-0.01762,0.511258,0.588961,-0.021865,0.558893,0.626403,-0.026638,0.582259,0.670977,-0.027519,0.560756,0.562629,-0.004189,0.595148,0.56985,-0.033326,0.554403,0.556272,-0.047734,0.518165,0.549667,-0.05126,0.563584,0.518699,-0.006611,0.595504,0.525599,-0.042107,0.544208,0.517511,-0.054114,0.507165,0.518765,-0.053628,0.561169,0.471247,-0.014594,0.593958,0.475128,-0.051288,0.544118,0.478992,-0.056425,0.506212,0.486118,-0.049348,0.551009,0.423328,-0.023637,0.59655,0.418291,-0.046247,0.608061,0.416706,-0.052246,0.618905,0.415835,-0.051385
Y,0.428718,0.454126,0,0.450063,0.530405,-0.020031,0.508814,0.585312,-0.025652,0.558845,0.623564,-0.030978,0.583832,0.669213,-0.03204,0.560405,0.564354,-0.007737,0.59635,0.568017,-0.037309,0.554368,0.552274,-0.051297,0.518317,0.546877,-0.054648,0.562458,0.517213,-0.009637,0.596085,0.522134,-0.045917,0.542881,0.514215,-0.058117,0.505896,0.51634,-0.057648,0.55938,0.467386,-0.017112,0.59328,0.46757,-0.055186,0.541001,0.472397,-0.060707,0.503062,0.482007,-0.053787,0.548377,0.41849,-0.025572,0.59563,0.407833,-0.048591,0.607791,0.404113,-0.054192,0.621528,0.404038,-0.053113
Y,0.429915,0.460145,0,0.448258,0.532753,-0.020713,0.506185,0.588591,-0.026268,0.555176,0.626968,-0.031242,0.578536,0.672804,-0.031961,0.557729,0.570401,-0.008587,0.592169,0.573939,-0.03758,0.55075,0.557765,-0.050783,0.515395,0.551319,-0.053479,0.561144,0.52385,-0.009733,0.593854,0.528706,-0.04504,0.541533,0.520065,-0.056298,0.50475,0.5219,-0.055118,0.559019,0.474471,-0.016444,0.590884,0.474999,-0.054132,0.538943,0.479158,-0.059515,0.50097,0.488459,-0.052376,0.548807,0.425855,-0.024151,0.594638,0.418544,-0.047511,0.603262,0.41592,-0.052998,0.612798,0.416329,-0.051561
Y,0.430333,0.462347,0,0.447972,0.53337,-0.021472,0.505548,0.588796,-0.02741,0.554101,0.626645,-0.032528,0.578246,0.670648,-0.033279,0.557991,0.569226,-0.010867,0.591332,0.573983,-0.039611,0.549858,0.556799,-0.052098,0.51494,0.550205,-0.05407,0.560711,0.522339,-0.011189,0.591395,0.527999,-0.046421,0.539684,0.518587,-0.057005,0.504315,0.520402,-0.055185,0.558512,0.472536,-0.017054,0.588493,0.473965,-0.053592,0.537606,0.477777,-0.05887,0.500809,0.487369,-0.051798,0.548482,0.424226,-0.023942,0.59375,0.416894,-0.045157,0.610271,0.414114,-0.050936,0.62814,0.415157,-0.050225
Y,0.433079,0.45275,0,0.453157,0.524026,-0.016938,0.50657,0.573483,-0.021823,0.550265,0.611544,-0.026327,0.568157,0.654166,-0.027376,0.549093,0.554029,-0.007558,0.580029,0.555955,-0.031729,0.545029,0.542511,-0.044476,0.512259,0.537389,-0.048702,0.550988,0.511958,-0.008985,0.579037,0.517597,-0.039458,0.533047,0.509243,-0.050602,0.499056,0.508256,-0.051519,0.549804,0.467929,-0.015001,0.581755,0.470149,-0.046182,0.537376,0.475227,-0.052461,0.503103,0.482697,-0.048759,0.542067,0.423792,-0.021793,0.585237,0.413008,-0.040354,0.604555,0.409836,-0.046851,0.625111,0.410806,-0.048437
Y,0.439377,0.440756,0,0.461092,0.503393,-0.015806,0.508563,0.547621,-0.021483,0.54882,0.582229,-0.026822,0.568719,0.621203,-0.02939,0.548932,0.525557,-0.009489,0.57929,0.53086,-0.033113,0.546928,0.518833,-0.046231,0.515132,0.511255,-0.05021,0.550779,0.487454,-0.010437,0.578376,0.494481,-0.038814,0.535071,0.488443,-0.049475,0.501685,0.485376,-0.050528,0.550135,0.446573,-0.01554,0.579298,0.449799,-0.043604,0.538026,0.457307,-0.050546,0.504111,0.463528,-0.04805,0.544808,0.40537,-0.021301,0.587264,0.390537,-0.037948,0.60934,0.387253,-0.045275,0.631208,0.38734,-0.048021
Y,0.439213,0.436383,0,0.461691,0.498332,-0.014585,0.507968,0.541791,-0.019946,0.546911,0.575511,-0.025279,0.565069,0.613969,-0.028071,0.547668,0.518287,-0.007802,0.576804,0.524625,-0.031035,0.545445,0.511777,-0.044546,0.514231,0.503954,-0.048862,0.549657,0.480517,-0.009006,0.57584,0.487569,-0.036615,0.533802,0.481751,-0.047348,0.500591,0.478401,-0.048701,0.549227,0.441026,-0.014306,0.577532,0.444579,-0.041482,0.537731,0.452352,-0.04894,0.504295,0.458576,-0.047055,0.54471,0.40128,-0.020207,0.588999,0.386487,-0.036289,0.612734,0.382842,-0.043929,0.63548,0.383011,-0.047109
Y,0.438528,0.439079,0,0.458882,0.501713,-0.0163,0.504845,0.545731,-0.022255,0.544205,0.57995,-0.027681,0.562252,0.618904,-0.030472,0.54388,0.525893,-0.009596,0.573481,0.530001,-0.033205,0.542749,0.518379,-0.046769,0.511867,0.511062,-0.051137,0.546335,0.487988,-0.010102,0.574464,0.494341,-0.038169,0.532687,0.488697,-0.048842,0.500093,0.485868,-0.049915,0.546291,0.448284,-0.014778,0.575103,0.451118,-0.042554,0.535056,0.457691,-0.049351,0.502226,0.463129,-0.046673,0.541774,0.407981,-0.020152,0.584047,0.393348,-0.036345,0.605295,0.390118,-0.04315,0.626019,0.390684,-0.045421
Y,0.437079,0.441165,0,0.456321,0.503612,-0.017273,0.502565,0.547442,-0.023203,0.541936,0.581328,-0.028469,0.558101,0.620641,-0.030944,0.541377,0.530176,-0.008318,0.57011,0.533744,-0.032255,0.539195,0.521123,-0.045998,0.509307,0.514361,-0.0504,0.543893,0.491961,-0.008078,0.569849,0.49857,-0.035999,0.528508,0.491288,-0.046211,0.497039,0.48886,-0.046717,0.543481,0.452116,-0.012333,0.570771,0.456008,-0.040222,0.531653,0.460369,-0.046483,0.50054,0.465798,-0.043072,0.537945,0.412134,-0.017398,0.578801,0.400809,-0.033287,0.59796,0.397852,-0.039261,0.617174,0.398858,-0.040599
Y,0.436831,0.440309,0,0.454675,0.501979,-0.018024,0.500444,0.547027,-0.02413,0.539622,0.581024,-0.02934,0.555956,0.620024,-0.031667,0.540252,0.530194,-0.009164,0.569665,0.535357,-0.032568,0.538054,0.521252,-0.045609,0.508001,0.512304,-0.049456,0.542828,0.491889,-0.008426,0.569276,0.49928,-0.035952,0.527943,0.490366,-0.046134,0.496506,0.486164,-0.046623,0.542755,0.452131,-0.012115,0.570349,0.457464,-0.039775,0.531327,0.460272,-0.046249,0.500364,0.463946,-0.04301,0.53774,0.412495,-0.016602,0.578745,0.40244,-0.032355,0.598047,0.399589,-0.038401,0.617624,0.400619,-0.039821
Y,0.437558,0.434093,0,0.456134,0.497251,-0.016696,0.501949,0.542075,-0.022387,0.541422,0.576717,-0.027368,0.559185,0.615505,-0.029827,0.540389,0.52298,-0.009203,0.569608,0.527786,-0.031882,0.539155,0.515408,-0.044929,0.509501,0.507851,-0.049155,0.542948,0.484886,-0.009211,0.569983,0.491336,-0.036034,0.529107,0.484403,-0.04638,0.497437,0.480922,-0.047472,0.542929,0.445135,-0.013343,0.571619,0.450019,-0.040396,0.532653,0.453709,-0.046781,0.501304,0.457084,-0.043923,0.538161,0.405281,-0.018175,0.579627,0.393447,-0.033857,0.599281,0.39086,-0.03987,0.619215,0.392006,-0.041492
Y,0.437468,0.437528,0,0.457794,0.498454,-0.016081,0.503211,0.542012,-0.021968,0.54208,0.57533,-0.027484,0.559302,0.613728,-0.030489,0.542501,0.521792,-0.008738,0.570829,0.527741,-0.031772,0.540037,0.514634,-0.044774,0.50984,0.506134,-0.048584,0.544843,0.483633,-0.009156,0.571371,0.49059,-0.036561,0.530326,0.483067,-0.047006,0.49812,0.478999,-0.047798,0.544147,0.444051,-0.013613,0.572507,0.448558,-0.040867,0.533529,0.451878,-0.047143,0.501566,0.454756,-0.043922,0.538947,0.404468,-0.01875,0.580386,0.392134,-0.034214,0.601213,0.388993,-0.040152,0.622153,0.389405,-0.041586
Y,0.438146,0.440216,0,0.458068,0.501793,-0.015541,0.502849,0.545823,-0.021338,0.541337,0.580277,-0.026928,0.558947,0.618911,-0.029966,0.543098,0.524872,-0.00836,0.571541,0.531014,-0.031565,0.54052,0.518321,-0.044687,0.509864,0.510344,-0.048678,0.545726,0.487579,-0.009287,0.571783,0.494424,-0.037206,0.529724,0.487758,-0.047809,0.497152,0.484082,-0.048826,0.545742,0.448323,-0.014341,0.573799,0.451985,-0.041961,0.533498,0.45749,-0.04879,0.500432,0.462012,-0.04614,0.541288,0.40902,-0.020072,0.583615,0.395669,-0.036036,0.605638,0.393063,-0.042921,0.627506,0.393759,-0.045324
Y,0.438161,0.440382,0,0.45825,0.500623,-0.015317,0.50394,0.543809,-0.0211,0.542725,0.578417,-0.026733,0.560196,0.617289,-0.029841,0.542978,0.524995,-0.008447,0.571641,0.530001,-0.031768,0.540586,0.516735,-0.044927,0.509894,0.508773,-0.048887,0.545582,0.48732,-0.009553,0.57238,0.493677,-0.037452,0.530245,0.486054,-0.04769,0.497519,0.48256,-0.048269,0.545277,0.447445,-0.014734,0.573215,0.450942,-0.042288,0.533381,0.455229,-0.048389,0.50074,0.459304,-0.045026,0.540334,0.407633,-0.020595,0.582233,0.394678,-0.036312,0.60377,0.391855,-0.042489,0.625002,0.39241,-0.044203
Y,0.438184,0.437585,0,0.457967,0.498892,-0.015814,0.502902,0.542218,-0.021423,0.541474,0.576176,-0.026775,0.558836,0.614392,-0.029741,0.54142,0.52149,-0.008219,0.569862,0.526541,-0.030952,0.540087,0.514933,-0.043784,0.510429,0.508034,-0.04749,0.544158,0.483986,-0.00872,0.570966,0.49093,-0.035983,0.530359,0.484225,-0.046057,0.498279,0.480869,-0.04652,0.544093,0.444727,-0.013297,0.571615,0.449781,-0.040593,0.532611,0.452518,-0.046455,0.500604,0.454686,-0.042728,0.539666,0.405222,-0.018574,0.581195,0.39434,-0.033869,0.602312,0.392058,-0.039522,0.623147,0.392626,-0.04068
Y,0.459571,0.560897,0,0.487428,0.50604,-0.006412,0.536834,0.472513,-0.009445,0.575332,0.450285,-0.017161,0.596165,0.41948,-0.023042,0.5729,0.505691,0.007665,0.607192,0.499468,-0.015089,0.578489,0.503373,-0.027997,0.551031,0.508944,-0.030241,0.572446,0.540964,0.002723,0.599613,0.536855,-0.025637,0.557587,0.537922,-0.035622,0.526093,0.538852,-0.033681,0.5686,0.577972,-0.005917,0.599146,0.578133,-0.030083,0.560128,0.571488,-0.0313,0.529516,0.566645,-0.022426,0.562424,0.613264,-0.015646,0.603715,0.626297,-0.024434,0.629731,0.6335,-0.025006,0.655177,0.637925,-0.021793
Y,0.459484,0.558047,0,0.48919,0.506113,-0.007172,0.53904,0.474722,-0.011449,0.576854,0.452985,-0.020228,0.597991,0.421093,-0.027144,0.574754,0.507516,0.00541,0.606419,0.502525,-0.018002,0.575517,0.505614,-0.031888,0.546901,0.510447,-0.035032,0.572948,0.54313,0.000595,0.600014,0.539845,-0.027826,0.557503,0.538547,-0.038348,0.525819,0.537228,-0.037145,0.568363,0.580382,-0.007804,0.598893,0.581901,-0.031226,0.560266,0.572995,-0.032033,0.530049,0.565346,-0.023357,0.561249,0.615327,-0.017424,0.603828,0.626864,-0.024853,0.629196,0.633215,-0.024252,0.654558,0.63716,-0.020616
Y,0.459145,0.559809,0,0.486993,0.506091,-0.00586,0.536845,0.472705,-0.008546,0.57513,0.450664,-0.015985,0.595531,0.419792,-0.021684,0.572806,0.505142,0.008011,0.606824,0.500037,-0.014291,0.578366,0.504421,-0.026955,0.550835,0.51022,-0.029114,0.572125,0.540587,0.002924,0.598984,0.537358,-0.024868,0.557188,0.538274,-0.034527,0.525978,0.538769,-0.032484,0.568145,0.577797,-0.005802,0.598685,0.578158,-0.029595,0.559865,0.571802,-0.030825,0.529378,0.566922,-0.022075,0.561841,0.6132,-0.015546,0.603359,0.626206,-0.02415,0.629395,0.633128,-0.024702,0.654871,0.637206,-0.021541
Y,0.458289,0.560704,0,0.487389,0.507018,-0.006402,0.537297,0.474131,-0.009438,0.576027,0.451877,-0.017231,0.596803,0.419845,-0.023291,0.573243,0.50625,0.00768,0.6064,0.501541,-0.014658,0.577251,0.505618,-0.027498,0.549679,0.51118,-0.029887,0.572162,0.54179,0.002655,0.599578,0.538257,-0.025187,0.557874,0.538508,-0.035206,0.526401,0.538648,-0.033541,0.56804,0.579225,-0.006029,0.599069,0.579886,-0.02974,0.560122,0.573066,-0.031039,0.529362,0.567701,-0.02247,0.561614,0.614737,-0.015843,0.603627,0.626828,-0.024151,0.629571,0.632883,-0.024493,0.654817,0.636273,-0.02135
Y,0.459505,0.56065,0,0.487012,0.507217,-0.006855,0.538559,0.472852,-0.009824,0.577466,0.449651,-0.017275,0.596864,0.417436,-0.022853,0.572854,0.504908,0.007966,0.60711,0.498053,-0.014161,0.578538,0.502171,-0.026314,0.551366,0.507286,-0.027965,0.572677,0.540315,0.003366,0.599321,0.53596,-0.024898,0.557177,0.538132,-0.034462,0.525627,0.53926,-0.031808,0.569099,0.577145,-0.004946,0.598667,0.576943,-0.029045,0.559314,0.570427,-0.030049,0.528753,0.56535,-0.02069,0.563122,0.612716,-0.014306,0.604578,0.624185,-0.022389,0.630493,0.631118,-0.022385,0.655866,0.635451,-0.018679
Y,0.460228,0.558935,0,0.487707,0.504957,-0.00794,0.537456,0.472368,-0.011931,0.57604,0.451109,-0.020325,0.597661,0.421175,-0.026585,0.571924,0.506978,0.006524,0.607766,0.500991,-0.017225,0.579155,0.500887,-0.029436,0.551912,0.503533,-0.030519,0.57189,0.541502,0.002295,0.600581,0.536623,-0.027447,0.558696,0.535069,-0.036997,0.527296,0.535095,-0.033854,0.568391,0.577631,-0.00582,0.599561,0.576273,-0.031142,0.55964,0.567186,-0.031521,0.52883,0.561792,-0.02133,0.562851,0.612749,-0.015024,0.604423,0.623623,-0.02383,0.630347,0.629553,-0.023937,0.655833,0.633637,-0.019967
Y,0.459265,0.557947,0,0.487741,0.504291,-0.007162,0.537166,0.471614,-0.011009,0.574802,0.449296,-0.019268,0.596156,0.41811,-0.025558,0.572235,0.504006,0.006332,0.606893,0.497732,-0.017182,0.57751,0.499933,-0.030114,0.55032,0.503848,-0.031996,0.572258,0.539168,0.001777,0.59969,0.533298,-0.027065,0.556262,0.533669,-0.036656,0.525111,0.534744,-0.03413,0.568525,0.575325,-0.006526,0.598508,0.573532,-0.030881,0.558313,0.56534,-0.031353,0.528082,0.560027,-0.021784,0.562764,0.609872,-0.015919,0.604995,0.620273,-0.024746,0.631189,0.626448,-0.024984,0.657641,0.630118,-0.021412
Y,0.458644,0.550841,0,0.488621,0.498142,-0.007181,0.538197,0.467097,-0.010876,0.576164,0.444263,-0.019319,0.596758,0.411714,-0.025869,0.573436,0.498248,0.007595,0.605639,0.491746,-0.016783,0.572735,0.493356,-0.031093,0.543934,0.497574,-0.033983,0.571628,0.533206,0.002703,0.599487,0.526766,-0.025787,0.555267,0.527104,-0.035688,0.524426,0.526567,-0.033754,0.567477,0.570071,-0.006229,0.599536,0.567447,-0.0296,0.558717,0.561014,-0.029905,0.528315,0.55541,-0.020646,0.561318,0.604705,-0.016504,0.605847,0.613242,-0.023873,0.630423,0.618446,-0.022938,0.655634,0.621823,-0.01889
Y,0.459288,0.55046,0,0.48843,0.497106,-0.006778,0.53791,0.465014,-0.010437,0.575475,0.442763,-0.018902,0.596348,0.410233,-0.025487,0.574211,0.497091,0.007413,0.604662,0.490287,-0.016352,0.571624,0.492277,-0.030168,0.543204,0.496891,-0.033004,0.57267,0.532483,0.002059,0.599068,0.525513,-0.026525,0.554852,0.526214,-0.036295,0.523845,0.525733,-0.034314,0.568219,0.569309,-0.007236,0.598832,0.566532,-0.031095,0.558081,0.560244,-0.031445,0.527897,0.554208,-0.022196,0.561553,0.603832,-0.017804,0.605558,0.612166,-0.026027,0.630328,0.617185,-0.025505,0.656003,0.619947,-0.021682
Y,0.459907,0.551296,0,0.48843,0.496588,-0.006004,0.538544,0.463073,-0.009031,0.576197,0.441181,-0.016861,0.597353,0.409939,-0.022985,0.575122,0.496281,0.007338,0.6059,0.489343,-0.015185,0.573919,0.492877,-0.028263,0.54496,0.498691,-0.030956,0.573657,0.532151,0.001836,0.599988,0.52562,-0.026334,0.556154,0.52707,-0.036341,0.52425,0.527288,-0.034759,0.56937,0.569416,-0.007336,0.599167,0.567419,-0.031231,0.558607,0.561282,-0.0324,0.527898,0.555193,-0.023883,0.563011,0.604629,-0.017604,0.606727,0.613105,-0.026483,0.631799,0.617884,-0.02685,0.65726,0.620031,-0.023783
Y,0.458557,0.55117,0,0.486892,0.496653,-0.007526,0.536834,0.462856,-0.011314,0.574573,0.440829,-0.019677,0.5958,0.409189,-0.026054,0.572915,0.495033,0.006676,0.605281,0.488353,-0.016128,0.573904,0.491485,-0.0296,0.545334,0.496027,-0.032484,0.571744,0.530598,0.001928,0.598333,0.524518,-0.026238,0.555141,0.525093,-0.03686,0.523364,0.525098,-0.035758,0.568225,0.567796,-0.00659,0.599042,0.567281,-0.029947,0.560279,0.560019,-0.031141,0.529851,0.553414,-0.022763,0.562347,0.603174,-0.016417,0.606102,0.612418,-0.024292,0.631891,0.616981,-0.02413,0.657294,0.618993,-0.020763
Y,0.458754,0.549498,0,0.487893,0.49616,-0.006163,0.536932,0.464256,-0.009333,0.574373,0.442302,-0.017422,0.594726,0.410524,-0.02362,0.571998,0.494841,0.008344,0.604408,0.488373,-0.015501,0.572113,0.490651,-0.029372,0.543586,0.494446,-0.032076,0.570539,0.529546,0.002964,0.598323,0.522756,-0.025459,0.554775,0.5235,-0.035467,0.524074,0.523597,-0.033677,0.566857,0.566449,-0.006351,0.598459,0.563773,-0.030021,0.558807,0.557272,-0.03076,0.528859,0.551929,-0.02179,0.561066,0.601475,-0.016887,0.605179,0.610761,-0.025018,0.630307,0.615171,-0.024744,0.655645,0.617071,-0.021105
Y,0.458122,0.551835,0,0.486127,0.497963,-0.006314,0.535793,0.464518,-0.00943,0.573235,0.442246,-0.017427,0.594424,0.411559,-0.023438,0.572929,0.496466,0.008617,0.604766,0.489248,-0.014562,0.573155,0.49206,-0.028031,0.544289,0.497152,-0.030601,0.572109,0.531312,0.003402,0.598549,0.523853,-0.025274,0.554665,0.525271,-0.035502,0.522593,0.526011,-0.033671,0.568513,0.568103,-0.005672,0.598834,0.564901,-0.029651,0.558307,0.55877,-0.030573,0.527271,0.553472,-0.02158,0.562513,0.603279,-0.015938,0.605905,0.612042,-0.024135,0.630992,0.616607,-0.024034,0.656265,0.618473,-0.020478
Y,0.458949,0.551074,0,0.487149,0.496757,-0.007054,0.537124,0.463208,-0.010589,0.574988,0.441224,-0.018765,0.596169,0.409594,-0.02512,0.573862,0.495666,0.006897,0.605063,0.488709,-0.015782,0.573424,0.4925,-0.028895,0.544906,0.49823,-0.031549,0.572778,0.531662,0.001904,0.599223,0.525746,-0.026349,0.555739,0.526561,-0.036562,0.523986,0.52653,-0.035046,0.568881,0.568684,-0.006843,0.598688,0.567887,-0.030945,0.558541,0.560777,-0.032216,0.527783,0.554058,-0.023583,0.562776,0.603562,-0.016755,0.606411,0.612253,-0.025385,0.63186,0.616936,-0.025588,0.657498,0.619053,-0.02235
Y,0.458482,0.552158,0,0.48705,0.497638,-0.006847,0.536824,0.464079,-0.01033,0.574828,0.441718,-0.018618,0.595974,0.410119,-0.025026,0.573444,0.496318,0.007912,0.605217,0.488709,-0.015216,0.574033,0.492196,-0.028868,0.545374,0.497653,-0.031724,0.572252,0.531623,0.002738,0.599018,0.524366,-0.025961,0.555513,0.525606,-0.036679,0.523531,0.526079,-0.035354,0.568581,0.568723,-0.006249,0.599025,0.566493,-0.030341,0.55923,0.55983,-0.031637,0.528385,0.553781,-0.022933,0.562664,0.604021,-0.016461,0.60665,0.613091,-0.024704,0.632258,0.617335,-0.024506,0.65771,0.618797,-0.020912
Y,0.458283,0.552424,0,0.486581,0.497061,-0.008162,0.535211,0.46298,-0.012472,0.573151,0.44134,-0.021299,0.594457,0.410006,-0.028151,0.572658,0.494534,0.005281,0.605318,0.489336,-0.018454,0.573673,0.493033,-0.032348,0.544964,0.497872,-0.035322,0.57126,0.530606,0.00074,0.598361,0.526158,-0.027811,0.555429,0.52698,-0.038385,0.524338,0.526701,-0.037255,0.567671,0.567943,-0.007648,0.598276,0.567611,-0.03167,0.558796,0.560404,-0.03291,0.528545,0.553721,-0.024345,0.562054,0.602893,-0.017358,0.605759,0.612333,-0.025652,0.631385,0.617066,-0.025517,0.656916,0.619313,-0.022045
Y,0.457977,0.550626,0,0.48719,0.496922,-0.007418,0.535912,0.464301,-0.011174,0.573093,0.442491,-0.019638,0.594384,0.412531,-0.026163,0.572012,0.496082,0.008066,0.603868,0.488696,-0.015036,0.572398,0.491943,-0.029022,0.544036,0.496344,-0.032078,0.57094,0.53125,0.00322,0.597698,0.524851,-0.024852,0.554374,0.525204,-0.035818,0.523084,0.524956,-0.034863,0.567556,0.568168,-0.005466,0.598073,0.566487,-0.028957,0.559276,0.558603,-0.03045,0.529335,0.551904,-0.022037,0.561748,0.603097,-0.015439,0.604992,0.613114,-0.022972,0.629783,0.617033,-0.022302,0.654346,0.617696,-0.018429
,,,,,,,,,,,,,,,,,,,,,,,,,,,,,,,,,,,,,,,,,,,,,,,,,,,,,,,,,,,,,,,
,,,,,,,,,,,,,,,,,,,,,,,,,,,,,,,,,,,,,,,,,,,,,,,,,,,,,,,,,,,,,,,
,,,,,,,,,,,,,,,,,,,,,,,,,,,,,,,,,,,,,,,,,,,,,,,,,,,,,,,,,,,,,,,
,,,,,,,,,,,,,,,,,,,,,,,,,,,,,,,,,,,,,,,,,,,,,,,,,,,,,,,,,,,,,,,
,,,,,,,,,,,,,,,,,,,,,,,,,,,,,,,,,,,,,,,,,,,,,,,,,,,,,,,,,,,,,,,
,,,,,,,,,,,,,,,,,,,,,,,,,,,,,,,,,,,,,,,,,,,,,,,,,,,,,,,,,,,,,,,
,,,,,,,,,,,,,,,,,,,,,,,,,,,,,,,,,,,,,,,,,,,,,,,,,,,,,,,,,,,,,,,
,,,,,,,,,,,,,,,,,,,,,,,,,,,,,,,,,,,,,,,,,,,,,,,,,,,,,,,,,,,,,,,
,,,,,,,,,,,,,,,,,,,,,,,,,,,,,,,,,,,,,,,,,,,,,,,,,,,,,,,,,,,,,,,
,,,,,,,,,,,,,,,,,,,,,,,,,,,,,,,,,,,,,,,,,,,,,,,,,,,,,,,,,,,,,,,
,,,,,,,,,,,,,,,,,,,,,,,,,,,,,,,,,,,,,,,,,,,,,,,,,,,,,,,,,,,,,,,
,,,,,,,,,,,,,,,,,,,,,,,,,,,,,,,,,,,,,,,,,,,,,,,,,,,,,,,,,,,,,,,
,,,,,,,,,,,,,,,,,,,,,,,,,,,,,,,,,,,,,,,,,,,,,,,,,,,,,,,,,,,,,,,
,,,,,,,,,,,,,,,,,,,,,,,,,,,,,,,,,,,,,,,,,,,,,,,,,,,,,,,,,,,,,,,
,,,,,,,,,,,,,,,,,,,,,,,,,,,,,,,,,,,,,,,,,,,,,,,,,,,,,,,,,,,,,,,
,,,,,,,,,,,,,,,,,,,,,,,,,,,,,,,,,,,,,,,,,,,,,,,,,,,,,,,,,,,,,,,
,,,,,,,,,,,,,,,,,,,,,,,,,,,,,,,,,,,,,,,,,,,,,,,,,,,,,,,,,,,,,,,
,,,,,,,,,,,,,,,,,,,,,,,,,,,,,,,,,,,,,,,,,,,,,,,,,,,,,,,,,,,,,,,
,,,,,,,,,,,,,,,,,,,,,,,,,,,,,,,,,,,,,,,,,,,,,,,,,,,,,,,,,,,,,,,
,,,,,,,,,,,,,,,,,,,,,,,,,,,,,,,,,,,,,,,,,,,,,,,,,,,,,,,,,,,,,,,
,,,,,,,,,,,,,,,,,,,,,,,,,,,,,,,,,,,,,,,,,,,,,,,,,,,,,,,,,,,,,,,
,,,,,,,,,,,,,,,,,,,,,,,,,,,,,,,,,,,,,,,,,,,,,,,,,,,,,,,,,,,,,,,
,,,,,,,,,,,,,,,,,,,,,,,,,,,,,,,,,,,,,,,,,,,,,,,,,,,,,,,,,,,,,,,
,,,,,,,,,,,,,,,,,,,,,,,,,,,,,,,,,,,,,,,,,,,,,,,,,,,,,,,,,,,,,,,
,,,,,,,,,,,,,,,,,,,,,,,,,,,,,,,,,,,,,,,,,,,,,,,,,,,,,,,,,,,,,,,
,,,,,,,,,,,,,,,,,,,,,,,,,,,,,,,,,,,,,,,,,,,,,,,,,,,,,,,,,,,,,,,
,,,,,,,,,,,,,,,,,,,,,,,,,,,,,,,,,,,,,,,,,,,,,,,,,,,,,,,,,,,,,,,
,,,,,,,,,,,,,,,,,,,,,,,,,,,,,,,,,,,,,,,,,,,,,,,,,,,,,,,,,,,,,,,
,,,,,,,,,,,,,,,,,,,,,,,,,,,,,,,,,,,,,,,,,,,,,,,,,,,,,,,,,,,,,,,
,,,,,,,,,,,,,,,,,,,,,,,,,,,,,,,,,,,,,,,,,,,,,,,,,,,,,,,,,,,,,,,
,,,,,,,,,,,,,,,,,,,,,,,,,,,,,,,,,,,,,,,,,,,,,,,,,,,,,,,,,,,,,,,
,,,,,,,,,,,,,,,,,,,,,,,,,,,,,,,,,,,,,,,,,,,,,,,,,,,,,,,,,,,,,,,
,,,,,,,,,,,,,,,,,,,,,,,,,,,,,,,,,,,,,,,,,,,,,,,,,,,,,,,,,,,,,,,
,,,,,,,,,,,,,,,,,,,,,,,,,,,,,,,,,,,,,,,,,,,,,,,,,,,,,,,,,,,,,,,
,,,,,,,,,,,,,,,,,,,,,,,,,,,,,,,,,,,,,,,,,,,,,,,,,,,,,,,,,,,,,,,
,,,,,,,,,,,,,,,,,,,,,,,,,,,,,,,,,,,,,,,,,,,,,,,,,,,,,,,,,,,,,,,
,,,,,,,,,,,,,,,,,,,,,,,,,,,,,,,,,,,,,,,,,,,,,,,,,,,,,,,,,,,,,,,
,,,,,,,,,,,,,,,,,,,,,,,,,,,,,,,,,,,,,,,,,,,,,,,,,,,,,,,,,,,,,,,
,,,,,,,,,,,,,,,,,,,,,,,,,,,,,,,,,,,,,,,,,,,,,,,,,,,,,,,,,,,,,,,
,,,,,,,,,,,,,,,,,,,,,,,,,,,,,,,,,,,,,,,,,,,,,,,,,,,,,,,,,,,,,,,
,,,,,,,,,,,,,,,,,,,,,,,,,,,,,,,,,,,,,,,,,,,,,,,,,,,,,,,,,,,,,,,
,,,,,,,,,,,,,,,,,,,,,,,,,,,,,,,,,,,,,,,,,,,,,,,,,,,,,,,,,,,,,,,
,,,,,,,,,,,,,,,,,,,,,,,,,,,,,,,,,,,,,,,,,,,,,,,,,,,,,,,,,,,,,,,
,,,,,,,,,,,,,,,,,,,,,,,,,,,,,,,,,,,,,,,,,,,,,,,,,,,,,,,,,,,,,,,
,,,,,,,,,,,,,,,,,,,,,,,,,,,,,,,,,,,,,,,,,,,,,,,,,,,,,,,,,,,,,,,
,,,,,,,,,,,,,,,,,,,,,,,,,,,,,,,,,,,,,,,,,,,,,,,,,,,,,,,,,,,,,,,
,,,,,,,,,,,,,,,,,,,,,,,,,,,,,,,,,,,,,,,,,,,,,,,,,,,,,,,,,,,,,,,
,,,,,,,,,,,,,,,,,,,,,,,,,,,,,,,,,,,,,,,,,,,,,,,,,,,,,,,,,,,,,,,
,,,,,,,,,,,,,,,,,,,,,,,,,,,,,,,,,,,,,,,,,,,,,,,,,,,,,,,,,,,,,,,
,,,,,,,,,,,,,,,,,,,,,,,,,,,,,,,,,,,,,,,,,,,,,,,,,,,,,,,,,,,,,,,
,,,,,,,,,,,,,,,,,,,,,,,,,,,,,,,,,,,,,,,,,,,,,,,,,,,,,,,,,,,,,,,
,,,,,,,,,,,,,,,,,,,,,,,,,,,,,,,,,,,,,,,,,,,,,,,,,,,,,,,,,,,,,,,
,,,,,,,,,,,,,,,,,,,,,,,,,,,,,,,,,,,,,,,,,,,,,,,,,,,,,,,,,,,,,,,
,,,,,,,,,,,,,,,,,,,,,,,,,,,,,,,,,,,,,,,,,,,,,,,,,,,,,,,,,,,,,,,
,,,,,,,,,,,,,,,,,,,,,,,,,,,,,,,,,,,,,,,,,,,,,,,,,,,,,,,,,,,,,,,
,,,,,,,,,,,,,,,,,,,,,,,,,,,,,,,,,,,,,,,,,,,,,,,,,,,,,,,,,,,,,,,
,,,,,,,,,,,,,,,,,,,,,,,,,,,,,,,,,,,,,,,,,,,,,,,,,,,,,,,,,,,,,,,
,,,,,,,,,,,,,,,,,,,,,,,,,,,,,,,,,,,,,,,,,,,,,,,,,,,,,,,,,,,,,,,
,,,,,,,,,,,,,,,,,,,,,,,,,,,,,,,,,,,,,,,,,,,,,,,,,,,,,,,,,,,,,,,
,,,,,,,,,,,,,,,,,,,,,,,,,,,,,,,,,,,,,,,,,,,,,,,,,,,,,,,,,,,,,,,
,,,,,,,,,,,,,,,,,,,,,,,,,,,,,,,,,,,,,,,,,,,,,,,,,,,,,,,,,,,,,,,
,,,,,,,,,,,,,,,,,,,,,,,,,,,,,,,,,,,,,,,,,,,,,,,,,,,,,,,,,,,,,,,
,,,,,,,,,,,,,,,,,,,,,,,,,,,,,,,,,,,,,,,,,,,,,,,,,,,,,,,,,,,,,,,
,,,,,,,,,,,,,,,,,,,,,,,,,,,,,,,,,,,,,,,,,,,,,,,,,,,,,,,,,,,,,,,
,,,,,,,,,,,,,,,,,,,,,,,,,,,,,,,,,,,,,,,,,,,,,,,,,,,,,,,,,,,,,,,
,,,,,,,,,,,,,,,,,,,,,,,,,,,,,,,,,,,,,,,,,,,,,,,,,,,,,,,,,,,,,,,
,,,,,,,,,,,,,,,,,,,,,,,,,,,,,,,,,,,,,,,,,,,,,,,,,,,,,,,,,,,,,,,
,,,,,,,,,,,,,,,,,,,,,,,,,,,,,,,,,,,,,,,,,,,,,,,,,,,,,,,,,,,,,,,
,,,,,,,,,,,,,,,,,,,,,,,,,,,,,,,,,,,,,,,,,,,,,,,,,,,,,,,,,,,,,,,
,,,,,,,,,,,,,,,,,,,,,,,,,,,,,,,,,,,,,,,,,,,,,,,,,,,,,,,,,,,,,,,
,,,,,,,,,,,,,,,,,,,,,,,,,,,,,,,,,,,,,,,,,,,,,,,,,,,,,,,,,,,,,,,
,,,,,,,,,,,,,,,,,,,,,,,,,,,,,,,,,,,,,,,,,,,,,,,,,,,,,,,,,,,,,,,
,,,,,,,,,,,,,,,,,,,,,,,,,,,,,,,,,,,,,,,,,,,,,,,,,,,,,,,,,,,,,,,
,,,,,,,,,,,,,,,,,,,,,,,,,,,,,,,,,,,,,,,,,,,,,,,,,,,,,,,,,,,,,,,
,,,,,,,,,,,,,,,,,,,,,,,,,,,,,,,,,,,,,,,,,,,,,,,,,,,,,,,,,,,,,,,
,,,,,,,,,,,,,,,,,,,,,,,,,,,,,,,,,,,,,,,,,,,,,,,,,,,,,,,,,,,,,,,
,,,,,,,,,,,,,,,,,,,,,,,,,,,,,,,,,,,,,,,,,,,,,,,,,,,,,,,,,,,,,,,
,,,,,,,,,,,,,,,,,,,,,,,,,,,,,,,,,,,,,,,,,,,,,,,,,,,,,,,,,,,,,,,
,,,,,,,,,,,,,,,,,,,,,,,,,,,,,,,,,,,,,,,,,,,,,,,,,,,,,,,,,,,,,,,
,,,,,,,,,,,,,,,,,,,,,,,,,,,,,,,,,,,,,,,,,,,,,,,,,,,,,,,,,,,,,,,
,,,,,,,,,,,,,,,,,,,,,,,,,,,,,,,,,,,,,,,,,,,,,,,,,,,,,,,,,,,,,,,
,,,,,,,,,,,,,,,,,,,,,,,,,,,,,,,,,,,,,,,,,,,,,,,,,,,,,,,,,,,,,,,
,,,,,,,,,,,,,,,,,,,,,,,,,,,,,,,,,,,,,,,,,,,,,,,,,,,,,,,,,,,,,,,
,,,,,,,,,,,,,,,,,,,,,,,,,,,,,,,,,,,,,,,,,,,,,,,,,,,,,,,,,,,,,,,
,,,,,,,,,,,,,,,,,,,,,,,,,,,,,,,,,,,,,,,,,,,,,,,,,,,,,,,,,,,,,,,
,,,,,,,,,,,,,,,,,,,,,,,,,,,,,,,,,,,,,,,,,,,,,,,,,,,,,,,,,,,,,,,
,,,,,,,,,,,,,,,,,,,,,,,,,,,,,,,,,,,,,,,,,,,,,,,,,,,,,,,,,,,,,,,
,,,,,,,,,,,,,,,,,,,,,,,,,,,,,,,,,,,,,,,,,,,,,,,,,,,,,,,,,,,,,,,
,,,,,,,,,,,,,,,,,,,,,,,,,,,,,,,,,,,,,,,,,,,,,,,,,,,,,,,,,,,,,,,
,,,,,,,,,,,,,,,,,,,,,,,,,,,,,,,,,,,,,,,,,,,,,,,,,,,,,,,,,,,,,,,
,,,,,,,,,,,,,,,,,,,,,,,,,,,,,,,,,,,,,,,,,,,,,,,,,,,,,,,,,,,,,,,
,,,,,,,,,,,,,,,,,,,,,,,,,,,,,,,,,,,,,,,,,,,,,,,,,,,,,,,,,,,,,,,
,,,,,,,,,,,,,,,,,,,,,,,,,,,,,,,,,,,,,,,,,,,,,,,,,,,,,,,,,,,,,,,
,,,,,,,,,,,,,,,,,,,,,,,,,,,,,,,,,,,,,,,,,,,,,,,,,,,,,,,,,,,,,,,
,,,,,,,,,,,,,,,,,,,,,,,,,,,,,,,,,,,,,,,,,,,,,,,,,,,,,,,,,,,,,,,
,,,,,,,,,,,,,,,,,,,,,,,,,,,,,,,,,,,,,,,,,,,,,,,,,,,,,,,,,,,,,,,
,,,,,,,,,,,,,,,,,,,,,,,,,,,,,,,,,,,,,,,,,,,,,,,,,,,,,,,,,,,,,,,
,,,,,,,,,,,,,,,,,,,,,,,,,,,,,,,,,,,,,,,,,,,,,,,,,,,,,,,,,,,,,,,
,,,,,,,,,,,,,,,,,,,,,,,,,,,,,,,,,,,,,,,,,,,,,,,,,,,,,,,,,,,,,,,
,,,,,,,,,,,,,,,,,,,,,,,,,,,,,,,,,,,,,,,,,,,,,,,,,,,,,,,,,,,,,,,
,,,,,,,,,,,,,,,,,,,,,,,,,,,,,,,,,,,,,,,,,,,,,,,,,,,,,,,,,,,,,,,
,,,,,,,,,,,,,,,,,,,,,,,,,,,,,,,,,,,,,,,,,,,,,,,,,,,,,,,,,,,,,,,
,,,,,,,,,,,,,,,,,,,,,,,,,,,,,,,,,,,,,,,,,,,,,,,,,,,,,,,,,,,,,,,
,,,,,,,,,,,,,,,,,,,,,,,,,,,,,,,,,,,,,,,,,,,,,,,,,,,,,,,,,,,,,,,
,,,,,,,,,,,,,,,,,,,,,,,,,,,,,,,,,,,,,,,,,,,,,,,,,,,,,,,,,,,,,,,
,,,,,,,,,,,,,,,,,,,,,,,,,,,,,,,,,,,,,,,,,,,,,,,,,,,,,,,,,,,,,,,
,,,,,,,,,,,,,,,,,,,,,,,,,,,,,,,,,,,,,,,,,,,,,,,,,,,,,,,,,,,,,,,
,,,,,,,,,,,,,,,,,,,,,,,,,,,,,,,,,,,,,,,,,,,,,,,,,,,,,,,,,,,,,,,
,,,,,,,,,,,,,,,,,,,,,,,,,,,,,,,,,,,,,,,,,,,,,,,,,,,,,,,,,,,,,,,
,,,,,,,,,,,,,,,,,,,,,,,,,,,,,,,,,,,,,,,,,,,,,,,,,,,,,,,,,,,,,,,
,,,,,,,,,,,,,,,,,,,,,,,,,,,,,,,,,,,,,,,,,,,,,,,,,,,,,,,,,,,,,,,
,,,,,,,,,,,,,,,,,,,,,,,,,,,,,,,,,,,,,,,,,,,,,,,,,,,,,,,,,,,,,,,
,,,,,,,,,,,,,,,,,,,,,,,,,,,,,,,,,,,,,,,,,,,,,,,,,,,,,,,,,,,,,,,
,,,,,,,,,,,,,,,,,,,,,,,,,,,,,,,,,,,,,,,,,,,,,,,,,,,,,,,,,,,,,,,
,,,,,,,,,,,,,,,,,,,,,,,,,,,,,,,,,,,,,,,,,,,,,,,,,,,,,,,,,,,,,,,
,,,,,,,,,,,,,,,,,,,,,,,,,,,,,,,,,,,,,,,,,,,,,,,,,,,,,,,,,,,,,,,
,,,,,,,,,,,,,,,,,,,,,,,,,,,,,,,,,,,,,,,,,,,,,,,,,,,,,,,,,,,,,,,
,,,,,,,,,,,,,,,,,,,,,,,,,,,,,,,,,,,,,,,,,,,,,,,,,,,,,,,,,,,,,,,
,,,,,,,,,,,,,,,,,,,,,,,,,,,,,,,,,,,,,,,,,,,,,,,,,,,,,,,,,,,,,,,
,,,,,,,,,,,,,,,,,,,,,,,,,,,,,,,,,,,,,,,,,,,,,,,,,,,,,,,,,,,,,,,
,,,,,,,,,,,,,,,,,,,,,,,,,,,,,,,,,,,,,,,,,,,,,,,,,,,,,,,,,,,,,,,
,,,,,,,,,,,,,,,,,,,,,,,,,,,,,,,,,,,,,,,,,,,,,,,,,,,,,,,,,,,,,,,
,,,,,,,,,,,,,,,,,,,,,,,,,,,,,,,,,,,,,,,,,,,,,,,,,,,,,,,,,,,,,,,
,,,,,,,,,,,,,,,,,,,,,,,,,,,,,,,,,,,,,,,,,,,,,,,,,,,,,,,,,,,,,,,
,,,,,,,,,,,,,,,,,,,,,,,,,,,,,,,,,,,,,,,,,,,,,,,,,,,,,,,,,,,,,,,
,,,,,,,,,,,,,,,,,,,,,,,,,,,,,,,,,,,,,,,,,,,,,,,,,,,,,,,,,,,,,,,
,,,,,,,,,,,,,,,,,,,,,,,,,,,,,,,,,,,,,,,,,,,,,,,,,,,,,,,,,,,,,,,
,,,,,,,,,,,,,,,,,,,,,,,,,,,,,,,,,,,,,,,,,,,,,,,,,,,,,,,,,,,,,,,
,,,,,,,,,,,,,,,,,,,,,,,,,,,,,,,,,,,,,,,,,,,,,,,,,,,,,,,,,,,,,,,
,,,,,,,,,,,,,,,,,,,,,,,,,,,,,,,,,,,,,,,,,,,,,,,,,,,,,,,,,,,,,,,
,,,,,,,,,,,,,,,,,,,,,,,,,,,,,,,,,,,,,,,,,,,,,,,,,,,,,,,,,,,,,,,
,,,,,,,,,,,,,,,,,,,,,,,,,,,,,,,,,,,,,,,,,,,,,,,,,,,,,,,,,,,,,,,
,,,,,,,,,,,,,,,,,,,,,,,,,,,,,,,,,,,,,,,,,,,,,,,,,,,,,,,,,,,,,,,
,,,,,,,,,,,,,,,,,,,,,,,,,,,,,,,,,,,,,,,,,,,,,,,,,,,,,,,,,,,,,,,
,,,,,,,,,,,,,,,,,,,,,,,,,,,,,,,,,,,,,,,,,,,,,,,,,,,,,,,,,,,,,,,
,,,,,,,,,,,,,,,,,,,,,,,,,,,,,,,,,,,,,,,,,,,,,,,,,,,,,,,,,,,,,,,
,,,,,,,,,,,,,,,,,,,,,,,,,,,,,,,,,,,,,,,,,,,,,,,,,,,,,,,,,,,,,,,
,,,,,,,,,,,,,,,,,,,,,,,,,,,,,,,,,,,,,,,,,,,,,,,,,,,,,,,,,,,,,,,
,,,,,,,,,,,,,,,,,,,,,,,,,,,,,,,,,,,,,,,,,,,,,,,,,,,,,,,,,,,,,,,
,,,,,,,,,,,,,,,,,,,,,,,,,,,,,,,,,,,,,,,,,,,,,,,,,,,,,,,,,,,,,,,
,,,,,,,,,,,,,,,,,,,,,,,,,,,,,,,,,,,,,,,,,,,,,,,,,,,,,,,,,,,,,,,
,,,,,,,,,,,,,,,,,,,,,,,,,,,,,,,,,,,,,,,,,,,,,,,,,,,,,,,,,,,,,,,
,,,,,,,,,,,,,,,,,,,,,,,,,,,,,,,,,,,,,,,,,,,,,,,,,,,,,,,,,,,,,,,
,,,,,,,,,,,,,,,,,,,,,,,,,,,,,,,,,,,,,,,,,,,,,,,,,,,,,,,,,,,,,,,
,,,,,,,,,,,,,,,,,,,,,,,,,,,,,,,,,,,,,,,,,,,,,,,,,,,,,,,,,,,,,,,
,,,,,,,,,,,,,,,,,,,,,,,,,,,,,,,,,,,,,,,,,,,,,,,,,,,,,,,,,,,,,,,
,,,,,,,,,,,,,,,,,,,,,,,,,,,,,,,,,,,,,,,,,,,,,,,,,,,,,,,,,,,,,,,
,,,,,,,,,,,,,,,,,,,,,,,,,,,,,,,,,,,,,,,,,,,,,,,,,,,,,,,,,,,,,,,
,,,,,,,,,,,,,,,,,,,,,,,,,,,,,,,,,,,,,,,,,,,,,,,,,,,,,,,,,,,,,,,
,,,,,,,,,,,,,,,,,,,,,,,,,,,,,,,,,,,,,,,,,,,,,,,,,,,,,,,,,,,,,,,
,,,,,,,,,,,,,,,,,,,,,,,,,,,,,,,,,,,,,,,,,,,,,,,,,,,,,,,,,,,,,,,
,,,,,,,,,,,,,,,,,,,,,,,,,,,,,,,,,,,,,,,,,,,,,,,,,,,,,,,,,,,,,,,
,,,,,,,,,,,,,,,,,,,,,,,,,,,,,,,,,,,,,,,,,,,,,,,,,,,,,,,,,,,,,,,
,,,,,,,,,,,,,,,,,,,,,,,,,,,,,,,,,,,,,,,,,,,,,,,,,,,,,,,,,,,,,,,
,,,,,,,,,,,,,,,,,,,,,,,,,,,,,,,,,,,,,,,,,,,,,,,,,,,,,,,,,,,,,,,
,,,,,,,,,,,,,,,,,,,,,,,,,,,,,,,,,,,,,,,,,,,,,,,,,,,,,,,,,,,,,,,
,,,,,,,,,,,,,,,,,,,,,,,,,,,,,,,,,,,,,,,,,,,,,,,,,,,,,,,,,,,,,,,
,,,,,,,,,,,,,,,,,,,,,,,,,,,,,,,,,,,,,,,,,,,,,,,,,,,,,,,,,,,,,,,
,,,,,,,,,,,,,,,,,,,,,,,,,,,,,,,,,,,,,,,,,,,,,,,,,,,,,,,,,,,,,,,
,,,,,,,,,,,,,,,,,,,,,,,,,,,,,,,,,,,,,,,,,,,,,,,,,,,,,,,,,,,,,,,
,,,,,,,,,,,,,,,,,,,,,,,,,,,,,,,,,,,,,,,,,,,,,,,,,,,,,,,,,,,,,,,
,,,,,,,,,,,,,,,,,,,,,,,,,,,,,,,,,,,,,,,,,,,,,,,,,,,,,,,,,,,,,,,
,,,,,,,,,,,,,,,,,,,,,,,,,,,,,,,,,,,,,,,,,,,,,,,,,,,,,,,,,,,,,,,
,,,,,,,,,,,,,,,,,,,,,,,,,,,,,,,,,,,,,,,,,,,,,,,,,,,,,,,,,,,,,,,
,,,,,,,,,,,,,,,,,,,,,,,,,,,,,,,,,,,,,,,,,,,,,,,,,,,,,,,,,,,,,,,
,,,,,,,,,,,,,,,,,,,,,,,,,,,,,,,,,,,,,,,,,,,,,,,,,,,,,,,,,,,,,,,
,,,,,,,,,,,,,,,,,,,,,,,,,,,,,,,,,,,,,,,,,,,,,,,,,,,,,,,,,,,,,,,
,,,,,,,,,,,,,,,,,,,,,,,,,,,,,,,,,,,,,,,,,,,,,,,,,,,,,,,,,,,,,,,
,,,,,,,,,,,,,,,,,,,,,,,,,,,,,,,,,,,,,,,,,,,,,,,,,,,,,,,,,,,,,,,
,,,,,,,,,,,,,,,,,,,,,,,,,,,,,,,,,,,,,,,,,,,,,,,,,,,,,,,,,,,,,,,
,,,,,,,,,,,,,,,,,,,,,,,,,,,,,,,,,,,,,,,,,,,,,,,,,,,,,,,,,,,,,,,
,,,,,,,,,,,,,,,,,,,,,,,,,,,,,,,,,,,,,,,,,,,,,,,,,,,,,,,,,,,,,,,
,,,,,,,,,,,,,,,,,,,,,,,,,,,,,,,,,,,,,,,,,,,,,,,,,,,,,,,,,,,,,,,
,,,,,,,,,,,,,,,,,,,,,,,,,,,,,,,,,,,,,,,,,,,,,,,,,,,,,,,,,,,,,,,
,,,,,,,,,,,,,,,,,,,,,,,,,,,,,,,,,,,,,,,,,,,,,,,,,,,,,,,,,,,,,,,
,,,,,,,,,,,,,,,,,,,,,,,,,,,,,,,,,,,,,,,,,,,,,,,,,,,,,,,,,,,,,,,
,,,,,,,,,,,,,,,,,,,,,,,,,,,,,,,,,,,,,,,,,,,,,,,,,,,,,,,,,,,,,,,
,,,,,,,,,,,,,,,,,,,,,,,,,,,,,,,,,,,,,,,,,,,,,,,,,,,,,,,,,,,,,,,
,,,,,,,,,,,,,,,,,,,,,,,,,,,,,,,,,,,,,,,,,,,,,,,,,,,,,,,,,,,,,,,
,,,,,,,,,,,,,,,,,,,,,,,,,,,,,,,,,,,,,,,,,,,,,,,,,,,,,,,,,,,,,,,
,,,,,,,,,,,,,,,,,,,,,,,,,,,,,,,,,,,,,,,,,,,,,,,,,,,,,,,,,,,,,,,
,,,,,,,,,,,,,,,,,,,,,,,,,,,,,,,,,,,,,,,,,,,,,,,,,,,,,,,,,,,,,,,
,,,,,,,,,,,,,,,,,,,,,,,,,,,,,,,,,,,,,,,,,,,,,,,,,,,,,,,,,,,,,,,
,,,,,,,,,,,,,,,,,,,,,,,,,,,,,,,,,,,,,,,,,,,,,,,,,,,,,,,,,,,,,,,
,,,,,,,,,,,,,,,,,,,,,,,,,,,,,,,,,,,,,,,,,,,,,,,,,,,,,,,,,,,,,,,
,,,,,,,,,,,,,,,,,,,,,,,,,,,,,,,,,,,,,,,,,,,,,,,,,,,,,,,,,,,,,,,
,,,,,,,,,,,,,,,,,,,,,,,,,,,,,,,,,,,,,,,,,,,,,,,,,,,,,,,,,,,,,,,
,,,,,,,,,,,,,,,,,,,,,,,,,,,,,,,,,,,,,,,,,,,,,,,,,,,,,,,,,,,,,,,
,,,,,,,,,,,,,,,,,,,,,,,,,,,,,,,,,,,,,,,,,,,,,,,,,,,,,,,,,,,,,,,
,,,,,,,,,,,,,,,,,,,,,,,,,,,,,,,,,,,,,,,,,,,,,,,,,,,,,,,,,,,,,,,
,,,,,,,,,,,,,,,,,,,,,,,,,,,,,,,,,,,,,,,,,,,,,,,,,,,,,,,,,,,,,,,
,,,,,,,,,,,,,,,,,,,,,,,,,,,,,,,,,,,,,,,,,,,,,,,,,,,,,,,,,,,,,,,
,,,,,,,,,,,,,,,,,,,,,,,,,,,,,,,,,,,,,,,,,,,,,,,,,,,,,,,,,,,,,,,
,,,,,,,,,,,,,,,,,,,,,,,,,,,,,,,,,,,,,,,,,,,,,,,,,,,,,,,,,,,,,,,
,,,,,,,,,,,,,,,,,,,,,,,,,,,,,,,,,,,,,,,,,,,,,,,,,,,,,,,,,,,,,,,
,,,,,,,,,,,,,,,,,,,,,,,,,,,,,,,,,,,,,,,,,,,,,,,,,,,,,,,,,,,,,,,
,,,,,,,,,,,,,,,,,,,,,,,,,,,,,,,,,,,,,,,,,,,,,,,,,,,,,,,,,,,,,,,
,,,,,,,,,,,,,,,,,,,,,,,,,,,,,,,,,,,,,,,,,,,,,,,,,,,,,,,,,,,,,,,
,,,,,,,,,,,,,,,,,,,,,,,,,,,,,,,,,,,,,,,,,,,,,,,,,,,,,,,,,,,,,,,
,,,,,,,,,,,,,,,,,,,,,,,,,,,,,,,,,,,,,,,,,,,,,,,,,,,,,,,,,,,,,,,
,,,,,,,,,,,,,,,,,,,,,,,,,,,,,,,,,,,,,,,,,,,,,,,,,,,,,,,,,,,,,,,
,,,,,,,,,,,,,,,,,,,,,,,,,,,,,,,,,,,,,,,,,,,,,,,,,,,,,,,,,,,,,,,
,,,,,,,,,,,,,,,,,,,,,,,,,,,,,,,,,,,,,,,,,,,,,,,,,,,,,,,,,,,,,,,
,,,,,,,,,,,,,,,,,,,,,,,,,,,,,,,,,,,,,,,,,,,,,,,,,,,,,,,,,,,,,,,
,,,,,,,,,,,,,,,,,,,,,,,,,,,,,,,,,,,,,,,,,,,,,,,,,,,,,,,,,,,,,,,
,,,,,,,,,,,,,,,,,,,,,,,,,,,,,,,,,,,,,,,,,,,,,,,,,,,,,,,,,,,,,,,
,,,,,,,,,,,,,,,,,,,,,,,,,,,,,,,,,,,,,,,,,,,,,,,,,,,,,,,,,,,,,,,
,,,,,,,,,,,,,,,,,,,,,,,,,,,,,,,,,,,,,,,,,,,,,,,,,,,,,,,,,,,,,,,
,,,,,,,,,,,,,,,,,,,,,,,,,,,,,,,,,,,,,,,,,,,,,,,,,,,,,,,,,,,,,,,
,,,,,,,,,,,,,,,,,,,,,,,,,,,,,,,,,,,,,,,,,,,,,,,,,,,,,,,,,,,,,,,
,,,,,,,,,,,,,,,,,,,,,,,,,,,,,,,,,,,,,,,,,,,,,,,,,,,,,,,,,,,,,,,
,,,,,,,,,,,,,,,,,,,,,,,,,,,,,,,,,,,,,,,,,,,,,,,,,,,,,,,,,,,,,,,
,,,,,,,,,,,,,,,,,,,,,,,,,,,,,,,,,,,,,,,,,,,,,,,,,,,,,,,,,,,,,,,
,,,,,,,,,,,,,,,,,,,,,,,,,,,,,,,,,,,,,,,,,,,,,,,,,,,,,,,,,,,,,,,
,,,,,,,,,,,,,,,,,,,,,,,,,,,,,,,,,,,,,,,,,,,,,,,,,,,,,,,,,,,,,,,
,,,,,,,,,,,,,,,,,,,,,,,,,,,,,,,,,,,,,,,,,,,,,,,,,,,,,,,,,,,,,,,
,,,,,,,,,,,,,,,,,,,,,,,,,,,,,,,,,,,,,,,,,,,,,,,,,,,,,,,,,,,,,,,
,,,,,,,,,,,,,,,,,,,,,,,,,,,,,,,,,,,,,,,,,,,,,,,,,,,,,,,,,,,,,,,
,,,,,,,,,,,,,,,,,,,,,,,,,,,,,,,,,,,,,,,,,,,,,,,,,,,,,,,,,,,,,,,
,,,,,,,,,,,,,,,,,,,,,,,,,,,,,,,,,,,,,,,,,,,,,,,,,,,,,,,,,,,,,,,
,,,,,,,,,,,,,,,,,,,,,,,,,,,,,,,,,,,,,,,,,,,,,,,,,,,,,,,,,,,,,,,
,,,,,,,,,,,,,,,,,,,,,,,,,,,,,,,,,,,,,,,,,,,,,,,,,,,,,,,,,,,,,,,
,,,,,,,,,,,,,,,,,,,,,,,,,,,,,,,,,,,,,,,,,,,,,,,,,,,,,,,,,,,,,,,
,,,,,,,,,,,,,,,,,,,,,,,,,,,,,,,,,,,,,,,,,,,,,,,,,,,,,,,,,,,,,,,
,,,,,,,,,,,,,,,,,,,,,,,,,,,,,,,,,,,,,,,,,,,,,,,,,,,,,,,,,,,,,,,
,,,,,,,,,,,,,,,,,,,,,,,,,,,,,,,,,,,,,,,,,,,,,,,,,,,,,,,,,,,,,,,
,,,,,,,,,,,,,,,,,,,,,,,,,,,,,,,,,,,,,,,,,,,,,,,,,,,,,,,,,,,,,,,
,,,,,,,,,,,,,,,,,,,,,,,,,,,,,,,,,,,,,,,,,,,,,,,,,,,,,,,,,,,,,,,
,,,,,,,,,,,,,,,,,,,,,,,,,,,,,,,,,,,,,,,,,,,,,,,,,,,,,,,,,,,,,,,
,,,,,,,,,,,,,,,,,,,,,,,,,,,,,,,,,,,,,,,,,,,,,,,,,,,,,,,,,,,,,,,
,,,,,,,,,,,,,,,,,,,,,,,,,,,,,,,,,,,,,,,,,,,,,,,,,,,,,,,,,,,,,,,
,,,,,,,,,,,,,,,,,,,,,,,,,,,,,,,,,,,,,,,,,,,,,,,,,,,,,,,,,,,,,,,
,,,,,,,,,,,,,,,,,,,,,,,,,,,,,,,,,,,,,,,,,,,,,,,,,,,,,,,,,,,,,,,
,,,,,,,,,,,,,,,,,,,,,,,,,,,,,,,,,,,,,,,,,,,,,,,,,,,,,,,,,,,,,,,
,,,,,,,,,,,,,,,,,,,,,,,,,,,,,,,,,,,,,,,,,,,,,,,,,,,,,,,,,,,,,,,
,,,,,,,,,,,,,,,,,,,,,,,,,,,,,,,,,,,,,,,,,,,,,,,,,,,,,,,,,,,,,,,
,,,,,,,,,,,,,,,,,,,,,,,,,,,,,,,,,,,,,,,,,,,,,,,,,,,,,,,,,,,,,,,
,,,,,,,,,,,,,,,,,,,,,,,,,,,,,,,,,,,,,,,,,,,,,,,,,,,,,,,,,,,,,,,
,,,,,,,,,,,,,,,,,,,,,,,,,,,,,,,,,,,,,,,,,,,,,,,,,,,,,,,,,,,,,,,
,,,,,,,,,,,,,,,,,,,,,,,,,,,,,,,,,,,,,,,,,,,,,,,,,,,,,,,,,,,,,,,
,,,,,,,,,,,,,,,,,,,,,,,,,,,,,,,,,,,,,,,,,,,,,,,,,,,,,,,,,,,,,,,
,,,,,,,,,,,,,,,,,,,,,,,,,,,,,,,,,,,,,,,,,,,,,,,,,,,,,,,,,,,,,,,
,,,,,,,,,,,,,,,,,,,,,,,,,,,,,,,,,,,,,,,,,,,,,,,,,,,,,,,,,,,,,,,
,,,,,,,,,,,,,,,,,,,,,,,,,,,,,,,,,,,,,,,,,,,,,,,,,,,,,,,,,,,,,,,
,,,,,,,,,,,,,,,,,,,,,,,,,,,,,,,,,,,,,,,,,,,,,,,,,,,,,,,,,,,,,,,
,,,,,,,,,,,,,,,,,,,,,,,,,,,,,,,,,,,,,,,,,,,,,,,,,,,,,,,,,,,,,,,
,,,,,,,,,,,,,,,,,,,,,,,,,,,,,,,,,,,,,,,,,,,,,,,,,,,,,,,,,,,,,,,
,,,,,,,,,,,,,,,,,,,,,,,,,,,,,,,,,,,,,,,,,,,,,,,,,,,,,,,,,,,,,,,
,,,,,,,,,,,,,,,,,,,,,,,,,,,,,,,,,,,,,,,,,,,,,,,,,,,,,,,,,,,,,,,
,,,,,,,,,,,,,,,,,,,,,,,,,,,,,,,,,,,,,,,,,,,,,,,,,,,,,,,,,,,,,,,
,,,,,,,,,,,,,,,,,,,,,,,,,,,,,,,,,,,,,,,,,,,,,,,,,,,,,,,,,,,,,,,
,,,,,,,,,,,,,,,,,,,,,,,,,,,,,,,,,,,,,,,,,,,,,,,,,,,,,,,,,,,,,,,
,,,,,,,,,,,,,,,,,,,,,,,,,,,,,,,,,,,,,,,,,,,,,,,,,,,,,,,,,,,,,,,
,,,,,,,,,,,,,,,,,,,,,,,,,,,,,,,,,,,,,,,,,,,,,,,,,,,,,,,,,,,,,,,
,,,,,,,,,,,,,,,,,,,,,,,,,,,,,,,,,,,,,,,,,,,,,,,,,,,,,,,,,,,,,,,
,,,,,,,,,,,,,,,,,,,,,,,,,,,,,,,,,,,,,,,,,,,,,,,,,,,,,,,,,,,,,,,
,,,,,,,,,,,,,,,,,,,,,,,,,,,,,,,,,,,,,,,,,,,,,,,,,,,,,,,,,,,,,,,
,,,,,,,,,,,,,,,,,,,,,,,,,,,,,,,,,,,,,,,,,,,,,,,,,,,,,,,,,,,,,,,
,,,,,,,,,,,,,,,,,,,,,,,,,,,,,,,,,,,,,,,,,,,,,,,,,,,,,,,,,,,,,,,
,,,,,,,,,,,,,,,,,,,,,,,,,,,,,,,,,,,,,,,,,,,,,,,,,,,,,,,,,,,,,,,
,,,,,,,,,,,,,,,,,,,,,,,,,,,,,,,,,,,,,,,,,,,,,,,,,,,,,,,,,,,,,,,
,,,,,,,,,,,,,,,,,,,,,,,,,,,,,,,,,,,,,,,,,,,,,,,,,,,,,,,,,,,,,,,
,,,,,,,,,,,,,,,,,,,,,,,,,,,,,,,,,,,,,,,,,,,,,,,,,,,,,,,,,,,,,,,
,,,,,,,,,,,,,,,,,,,,,,,,,,,,,,,,,,,,,,,,,,,,,,,,,,,,,,,,,,,,,,,
,,,,,,,,,,,,,,,,,,,,,,,,,,,,,,,,,,,,,,,,,,,,,,,,,,,,,,,,,,,,,,,
,,,,,,,,,,,,,,,,,,,,,,,,,,,,,,,,,,,,,,,,,,,,,,,,,,,,,,,,,,,,,,,
,,,,,,,,,,,,,,,,,,,,,,,,,,,,,,,,,,,,,,,,,,,,,,,,,,,,,,,,,,,,,,,
,,,,,,,,,,,,,,,,,,,,,,,,,,,,,,,,,,,,,,,,,,,,,,,,,,,,,,,,,,,,,,,
,,,,,,,,,,,,,,,,,,,,,,,,,,,,,,,,,,,,,,,,,,,,,,,,,,,,,,,,,,,,,,,
,,,,,,,,,,,,,,,,,,,,,,,,,,,,,,,,,,,,,,,,,,,,,,,,,,,,,,,,,,,,,,,
,,,,,,,,,,,,,,,,,,,,,,,,,,,,,,,,,,,,,,,,,,,,,,,,,,,,,,,,,,,,,,,
,,,,,,,,,,,,,,,,,,,,,,,,,,,,,,,,,,,,,,,,,,,,,,,,,,,,,,,,,,,,,,,
,,,,,,,,,,,,,,,,,,,,,,,,,,,,,,,,,,,,,,,,,,,,,,,,,,,,,,,,,,,,,,,
,,,,,,,,,,,,,,,,,,,,,,,,,,,,,,,,,,,,,,,,,,,,,,,,,,,,,,,,,,,,,,,
,,,,,,,,,,,,,,,,,,,,,,,,,,,,,,,,,,,,,,,,,,,,,,,,,,,,,,,,,,,,,,,
,,,,,,,,,,,,,,,,,,,,,,,,,,,,,,,,,,,,,,,,,,,,,,,,,,,,,,,,,,,,,,,
,,,,,,,,,,,,,,,,,,,,,,,,,,,,,,,,,,,,,,,,,,,,,,,,,,,,,,,,,,,,,,,
,,,,,,,,,,,,,,,,,,,,,,,,,,,,,,,,,,,,,,,,,,,,,,,,,,,,,,,,,,,,,,,
,,,,,,,,,,,,,,,,,,,,,,,,,,,,,,,,,,,,,,,,,,,,,,,,,,,,,,,,,,,,,,,
6,0.415665,0.484764,0,0.436884,0.457096,-0.025563,0.46862,0.455474,-0.034028,0.489965,0.493016,-0.038883,0.505431,0.530229,-0.04324,0.522623,0.460015,-0.014861,0.562555,0.447364,-0.025114,0.588051,0.443664,-0.035477,0.613715,0.440935,-0.044632,0.52483,0.492116,-0.012765,0.57517,0.492685,-0.021951,0.602416,0.493747,-0.032122,0.628863,0.493998,-0.040767,0.515891,0.518688,-0.013887,0.555188,0.536654,-0.030926,0.578939,0.548105,-0.044061,0.603566,0.55844,-0.053613,0.497415,0.539731,-0.016704,0.523824,0.547326,-0.034045,0.513952,0.536032,-0.037459,0.500793,0.524578,-0.039486
6,0.415116,0.486775,0,0.437256,0.458123,-0.02443,0.469022,0.454964,-0.032815,0.490598,0.492749,-0.037988,0.506642,0.52962,-0.042535,0.523936,0.460064,-0.012706,0.56479,0.446582,-0.022596,0.590128,0.442919,-0.032903,0.615664,0.440587,-0.041928,0.526178,0.492833,-0.010904,0.577191,0.492587,-0.019478,0.604525,0.49344,-0.029301,0.63145,0.493687,-0.037636,0.51713,0.51954,-0.012303,0.556732,0.53604,-0.02825,0.579879,0.546125,-0.040336,0.604386,0.555128,-0.049197,0.498765,0.540401,-0.01547,0.524971,0.548317,-0.031517,0.513851,0.537277,-0.033886,0.49981,0.526418,-0.035193
6,0.419341,0.482347,0,0.43962,0.45295,-0.025973,0.471085,0.451667,-0.034605,0.492097,0.489277,-0.039451,0.509278,0.524356,-0.043993,0.524223,0.456236,-0.016452,0.564742,0.442222,-0.027001,0.590898,0.438611,-0.037235,0.616211,0.436481,-0.046175,0.526463,0.488945,-0.014193,0.577655,0.489139,-0.023453,0.606287,0.489504,-0.033447,0.63273,0.489162,-0.041803,0.517346,0.51632,-0.015059,0.55745,0.533719,-0.032463,0.582459,0.543079,-0.045745,0.607354,0.552262,-0.055409,0.499005,0.53751,-0.017602,0.52279,0.542471,-0.03661,0.511678,0.530407,-0.040937,0.497524,0.519833,-0.043299
6,0.422636,0.49132,0,0.445447,0.464019,-0.026691,0.478836,0.462727,-0.035212,0.502829,0.500504,-0.039891,0.519308,0.538012,-0.044094,0.533226,0.465171,-0.015401,0.575921,0.452125,-0.02596,0.603001,0.448387,-0.036696,0.629633,0.445299,-0.046033,0.535821,0.498165,-0.012755,0.588253,0.49922,-0.02169,0.617237,0.500804,-0.032296,0.644189,0.500796,-0.041313,0.527405,0.525806,-0.01342,0.568114,0.544672,-0.030338,0.593433,0.557365,-0.044312,0.618304,0.568122,-0.054528,0.509815,0.548148,-0.015879,0.537122,0.554374,-0.033911,0.528298,0.542987,-0.038101,0.515411,0.530488,-0.040519
6,0.406928,0.51732,0,0.427026,0.48401,-0.028732,0.461215,0.482709,-0.037441,0.485285,0.521831,-0.04109,0.501962,0.559329,-0.044501,0.523859,0.487586,-0.024545,0.574507,0.474713,-0.035578,0.605769,0.472472,-0.04495,0.63389,0.472424,-0.05317,0.525094,0.524729,-0.021455,0.58295,0.528748,-0.032428,0.616205,0.532219,-0.042547,0.645899,0.534544,-0.050545,0.515056,0.555692,-0.021386,0.559797,0.579245,-0.040814,0.588798,0.592479,-0.056332,0.617063,0.604293,-0.06661,0.495159,0.580878,-0.022757,0.527836,0.592386,-0.041639,0.522059,0.579435,-0.04602,0.510922,0.563971,-0.048225
6,0.394049,0.526341,0,0.413781,0.485805,-0.028828,0.448047,0.477589,-0.03923,0.471185,0.517991,-0.044461,0.488079,0.557919,-0.049531,0.520082,0.49134,-0.027931,0.574365,0.475465,-0.039925,0.607882,0.470423,-0.049501,0.638185,0.4701,-0.057783,0.520058,0.532271,-0.026085,0.583516,0.539085,-0.038881,0.619634,0.543822,-0.049272,0.651972,0.549091,-0.056922,0.507579,0.565812,-0.026919,0.556979,0.59258,-0.048776,0.589656,0.606623,-0.064948,0.620972,0.620261,-0.075004,0.483391,0.593422,-0.028939,0.519086,0.606424,-0.049131,0.511908,0.589048,-0.052308,0.49818,0.570103,-0.053198
6,0.398805,0.520127,0,0.418349,0.474913,-0.029377,0.453599,0.461779,-0.041579,0.478726,0.502471,-0.048753,0.496178,0.546649,-0.055487,0.534903,0.482343,-0.028194,0.593985,0.466723,-0.041793,0.629826,0.460808,-0.052286,0.661933,0.460282,-0.061158,0.534333,0.525458,-0.027043,0.601117,0.534259,-0.043474,0.639691,0.54215,-0.054815,0.674306,0.550571,-0.062021,0.519267,0.559684,-0.028701,0.569662,0.589537,-0.053186,0.603878,0.60645,-0.068386,0.636641,0.623474,-0.076712,0.491249,0.587085,-0.031561,0.5283,0.601213,-0.052766,0.520567,0.580385,-0.054136,0.505817,0.559361,-0.053007
6,0.404512,0.515642,0,0.423821,0.468894,-0.026582,0.459708,0.453614,-0.038584,0.486384,0.493921,-0.046315,0.505065,0.537485,-0.05379,0.540325,0.476459,-0.026259,0.599195,0.457222,-0.0417,0.636211,0.449186,-0.053922,0.669332,0.44579,-0.063724,0.540844,0.520529,-0.027022,0.60845,0.52814,-0.043851,0.649417,0.5353,-0.056325,0.685042,0.542013,-0.064132,0.525523,0.554735,-0.030407,0.57849,0.584492,-0.055487,0.614667,0.599522,-0.07142,0.647184,0.614013,-0.079866,0.496457,0.581829,-0.034632,0.536526,0.593855,-0.056737,0.530428,0.572772,-0.058202,0.514818,0.551545,-0.056606
6,0.407057,0.521838,0,0.427289,0.475845,-0.028163,0.463169,0.460437,-0.040096,0.489343,0.500889,-0.047533,0.508308,0.544922,-0.054465,0.545255,0.482194,-0.025122,0.603982,0.465972,-0.039463,0.639652,0.460272,-0.050676,0.671391,0.459162,-0.059853,0.545967,0.525731,-0.024966,0.6129,0.533504,-0.042207,0.652379,0.540756,-0.053975,0.6874,0.547915,-0.061049,0.531339,0.560522,-0.027832,0.583106,0.588872,-0.05306,0.618183,0.603837,-0.068144,0.651727,0.619393,-0.075988,0.502809,0.588637,-0.031888,0.541136,0.602565,-0.05357,0.532801,0.58019,-0.054823,0.51723,0.558386,-0.053316
6,0.409468,0.52693,0,0.427436,0.482754,-0.033083,0.463888,0.469741,-0.045224,0.491224,0.510645,-0.05142,0.511975,0.553557,-0.056833,0.542409,0.482482,-0.031548,0.600188,0.462792,-0.046909,0.636523,0.456314,-0.05842,0.668983,0.453802,-0.067863,0.545055,0.525903,-0.02886,0.612678,0.527691,-0.046267,0.652704,0.530322,-0.058122,0.688302,0.533144,-0.065852,0.533447,0.562386,-0.029516,0.585068,0.585396,-0.055137,0.61987,0.597721,-0.071283,0.653484,0.610474,-0.080346,0.507849,0.592923,-0.031857,0.545251,0.604672,-0.054778,0.536509,0.585556,-0.057862,0.520882,0.565482,-0.057884
6,0.411911,0.526279,0,0.429168,0.481964,-0.033154,0.465834,0.469549,-0.044802,0.493416,0.511087,-0.050489,0.514354,0.553017,-0.055538,0.542466,0.478567,-0.03203,0.599604,0.455529,-0.047088,0.635487,0.447137,-0.058446,0.667787,0.442815,-0.067854,0.546137,0.52188,-0.029184,0.613881,0.521776,-0.045823,0.653813,0.523233,-0.057609,0.689225,0.524346,-0.065641,0.535293,0.558886,-0.029629,0.586915,0.581905,-0.054725,0.621307,0.593951,-0.071267,0.654639,0.605666,-0.080916,0.510516,0.590313,-0.031749,0.547262,0.60167,-0.054481,0.538411,0.583805,-0.058022,0.522955,0.564482,-0.058622
6,0.413828,0.519659,0,0.4322,0.475609,-0.030022,0.46972,0.463508,-0.040632,0.497262,0.504023,-0.045859,0.517335,0.545327,-0.050751,0.545738,0.473081,-0.02889,0.604287,0.449806,-0.042348,0.639994,0.440726,-0.052877,0.672053,0.436196,-0.061874,0.547852,0.516432,-0.027213,0.615167,0.517375,-0.042864,0.6551,0.51878,-0.054677,0.690764,0.519829,-0.062921,0.53648,0.552749,-0.028452,0.588447,0.576012,-0.053006,0.623286,0.587627,-0.069942,0.656755,0.599159,-0.079957,0.512103,0.584037,-0.030964,0.550141,0.595213,-0.053391,0.541436,0.576649,-0.056843,0.525871,0.557051,-0.057472
6,0.41446,0.518638,0,0.433634,0.476536,-0.030552,0.470589,0.464215,-0.041497,0.498796,0.503639,-0.047206,0.520484,0.543884,-0.052257,0.548314,0.472251,-0.027283,0.606511,0.450348,-0.041014,0.642376,0.443066,-0.051738,0.674406,0.439774,-0.06075,0.549996,0.515545,-0.025455,0.617126,0.518116,-0.042041,0.656618,0.521794,-0.0541,0.691645,0.524367,-0.061943,0.538318,0.552066,-0.026751,0.589309,0.575663,-0.051799,0.624239,0.58814,-0.068092,0.657656,0.600163,-0.077192,0.513577,0.583333,-0.029466,0.551492,0.595183,-0.052126,0.542919,0.575347,-0.055018,0.527047,0.554387,-0.054822
6,0.417606,0.517735,0,0.436876,0.47838,-0.031172,0.473591,0.469423,-0.040554,0.502628,0.508982,-0.04408,0.525372,0.546625,-0.04678,0.550123,0.473776,-0.027071,0.607889,0.454173,-0.039955,0.643264,0.446513,-0.050057,0.675027,0.443169,-0.058592,0.551528,0.516952,-0.024334,0.618034,0.520321,-0.039732,0.657012,0.522862,-0.05118,0.691847,0.524904,-0.058707,0.539832,0.552926,-0.024848,0.590153,0.577479,-0.049478,0.62334,0.589478,-0.066123,0.656012,0.601263,-0.075313,0.515247,0.583291,-0.026768,0.553297,0.595535,-0.049007,0.545293,0.577004,-0.052083,0.530607,0.557105,-0.052028
6,0.419567,0.518364,0,0.439049,0.477552,-0.031551,0.475701,0.467857,-0.041859,0.503832,0.508786,-0.04653,0.52569,0.547659,-0.050659,0.552395,0.473853,-0.027599,0.609386,0.454789,-0.041,0.64486,0.448321,-0.051766,0.676601,0.446494,-0.06097,0.553347,0.516588,-0.025151,0.619327,0.51797,-0.04073,0.658091,0.522228,-0.053409,0.692617,0.526956,-0.062181,0.541246,0.552319,-0.026023,0.59254,0.573878,-0.05133,0.626671,0.585112,-0.070189,0.659589,0.595698,-0.081176,0.516645,0.583494,-0.02824,0.555218,0.595088,-0.052169,0.548318,0.576917,-0.057793,0.534928,0.556941,-0.059645
6,0.4199,0.517357,0,0.439258,0.477924,-0.031655,0.475583,0.469242,-0.042112,0.504262,0.50967,-0.047069,0.527033,0.547653,-0.051493,0.552259,0.473622,-0.027572,0.608684,0.456331,-0.041156,0.644165,0.450914,-0.051877,0.675565,0.449453,-0.060856,0.553345,0.516236,-0.024941,0.618822,0.519849,-0.041177,0.657791,0.525134,-0.053881,0.69232,0.529987,-0.062245,0.541413,0.552023,-0.025566,0.593098,0.572868,-0.050849,0.627788,0.583906,-0.069142,0.661034,0.594176,-0.079549,0.517168,0.582696,-0.027596,0.554632,0.595265,-0.051194,0.547908,0.578095,-0.056387,0.534597,0.559212,-0.057768
6,0.421106,0.516692,0,0.439776,0.476806,-0.02895,0.475603,0.46675,-0.039398,0.503048,0.506778,-0.0449,0.524084,0.546461,-0.050007,0.553754,0.472544,-0.026247,0.61072,0.453886,-0.040483,0.646303,0.446855,-0.051677,0.678001,0.443606,-0.060773,0.555276,0.514691,-0.025155,0.620579,0.517742,-0.041838,0.660044,0.523137,-0.054669,0.694584,0.52823,-0.062875,0.542559,0.549811,-0.027046,0.593455,0.572789,-0.052173,0.62783,0.585635,-0.069521,0.660546,0.597874,-0.079097,0.516997,0.579037,-0.030077,0.553848,0.591218,-0.052694,0.546084,0.575096,-0.056217,0.531472,0.558087,-0.05627
6,0.420922,0.515016,0,0.440254,0.47327,-0.027372,0.476214,0.463131,-0.036933,0.502195,0.504473,-0.041974,0.52112,0.544679,-0.046527,0.554731,0.471319,-0.022762,0.611547,0.453029,-0.036272,0.646674,0.446672,-0.047193,0.678466,0.443438,-0.056152,0.556215,0.514134,-0.022276,0.62086,0.517792,-0.037716,0.659717,0.523264,-0.049599,0.694295,0.527802,-0.057164,0.542628,0.54887,-0.024864,0.591276,0.570797,-0.048829,0.625722,0.584366,-0.065341,0.658954,0.597269,-0.074512,0.516008,0.576673,-0.028586,0.551038,0.587633,-0.050255,0.544612,0.571311,-0.053123,0.531801,0.553992,-0.052856
6,0.425232,0.516718,0,0.445204,0.476876,-0.02707,0.48126,0.466908,-0.036374,0.508534,0.507227,-0.041181,0.528505,0.547027,-0.045467,0.559025,0.475859,-0.02181,0.615676,0.458641,-0.034927,0.650512,0.452788,-0.04569,0.681829,0.449941,-0.054582,0.559755,0.518022,-0.021061,0.624084,0.521084,-0.036261,0.662419,0.526336,-0.048158,0.696644,0.530708,-0.05577,0.545724,0.552304,-0.023344,0.593933,0.573288,-0.046789,0.627347,0.586484,-0.062926,0.659592,0.599106,-0.071921,0.519033,0.579893,-0.026764,0.553789,0.590362,-0.048438,0.547922,0.574317,-0.051652,0.536122,0.557733,-0.051577
6,0.428367,0.513944,0,0.44893,0.476096,-0.030082,0.48446,0.467111,-0.040381,0.511091,0.506183,-0.045633,0.532047,0.54468,-0.050573,0.561824,0.474055,-0.025653,0.617674,0.457941,-0.038447,0.652413,0.452776,-0.049005,0.683406,0.451506,-0.058153,0.561738,0.516371,-0.023722,0.62612,0.519908,-0.038065,0.664279,0.525111,-0.050496,0.698144,0.529182,-0.05938,0.548126,0.550859,-0.024992,0.597796,0.573465,-0.049032,0.631567,0.586628,-0.067952,0.663741,0.597446,-0.079437,0.522658,0.5798,-0.027491,0.558251,0.590823,-0.051393,0.553928,0.575319,-0.057981,0.543875,0.557224,-0.060672
6,0.432815,0.515894,0,0.453678,0.474989,-0.027131,0.4885,0.463164,-0.03819,0.516471,0.501791,-0.045246,0.537694,0.54134,-0.051955,0.564508,0.47174,-0.022044,0.619002,0.4559,-0.036155,0.653537,0.450395,-0.047867,0.684503,0.44753,-0.057503,0.566477,0.513615,-0.021502,0.628283,0.517869,-0.037588,0.666717,0.523012,-0.050549,0.700426,0.526386,-0.058777,0.552999,0.547711,-0.023939,0.602046,0.569276,-0.047262,0.637109,0.581883,-0.063564,0.669361,0.593006,-0.072777,0.526814,0.575515,-0.027527,0.561852,0.585365,-0.049091,0.558719,0.568411,-0.05281,0.548865,0.551071,-0.053079
6,0.432886,0.516016,0,0.454123,0.47524,-0.027662,0.489276,0.463558,-0.038921,0.518225,0.502026,-0.046107,0.540063,0.541604,-0.052814,0.563664,0.46988,-0.022111,0.618659,0.454763,-0.036482,0.653776,0.44995,-0.048269,0.68492,0.447492,-0.057831,0.565662,0.512262,-0.021256,0.628567,0.516389,-0.037685,0.667851,0.521527,-0.050996,0.7019,0.525161,-0.059295,0.552598,0.546913,-0.023376,0.60248,0.56655,-0.046755,0.639012,0.577942,-0.063177,0.671744,0.588198,-0.072328,0.52723,0.575301,-0.026714,0.562991,0.584722,-0.048421,0.560342,0.568188,-0.052217,0.550198,0.55151,-0.052329
6,0.431278,0.513233,0,0.452453,0.472862,-0.029314,0.488274,0.461758,-0.040353,0.516983,0.500544,-0.046876,0.539313,0.53909,-0.053109,0.563771,0.467765,-0.023621,0.618169,0.4543,-0.037953,0.652674,0.450057,-0.049818,0.683239,0.448184,-0.059535,0.565075,0.510277,-0.022243,0.628362,0.512627,-0.03804,0.667278,0.518079,-0.051666,0.701218,0.522304,-0.060768,0.552059,0.545132,-0.024112,0.601778,0.56429,-0.047963,0.63704,0.576286,-0.06627,0.669541,0.586399,-0.077083,0.527103,0.57411,-0.027284,0.56254,0.583624,-0.050692,0.559505,0.568672,-0.056764,0.550309,0.55226,-0.058742
6,0.432981,0.508721,0,0.454106,0.469011,-0.030635,0.490942,0.458082,-0.041237,0.520218,0.495464,-0.047341,0.543491,0.531971,-0.053072,0.567041,0.462953,-0.023671,0.621049,0.446664,-0.037476,0.655895,0.442868,-0.049261,0.686416,0.440705,-0.059082,0.568899,0.505303,-0.021384,0.631662,0.507672,-0.035379,0.670707,0.512535,-0.048387,0.703712,0.513966,-0.057786,0.556663,0.540592,-0.022655,0.606275,0.559785,-0.044868,0.641726,0.571709,-0.063844,0.673513,0.579389,-0.076002,0.533069,0.570453,-0.025556,0.565909,0.579483,-0.049135,0.56451,0.567102,-0.057427,0.557526,0.551108,-0.061435
6,0.437325,0.510052,0,0.458525,0.467169,-0.028753,0.495354,0.456598,-0.038585,0.52433,0.495418,-0.043865,0.546316,0.532889,-0.048862,0.570764,0.461279,-0.0223,0.624511,0.443711,-0.03551,0.659153,0.436925,-0.047273,0.690122,0.433239,-0.057023,0.571978,0.503244,-0.020466,0.633897,0.50627,-0.033612,0.671917,0.511935,-0.046064,0.704546,0.515862,-0.054875,0.559637,0.537996,-0.021965,0.609647,0.558608,-0.043725,0.645619,0.570776,-0.062155,0.677898,0.579852,-0.073605,0.535721,0.567436,-0.024814,0.570053,0.576553,-0.047122,0.567401,0.562485,-0.053563,0.558377,0.545408,-0.056099
6,0.434383,0.51,0,0.45716,0.468901,-0.027303,0.492821,0.456487,-0.038156,0.521597,0.493973,-0.045443,0.544174,0.531616,-0.052236,0.56814,0.463412,-0.019563,0.621839,0.446506,-0.034022,0.655932,0.44057,-0.046664,0.6861,0.436411,-0.056878,0.569633,0.506551,-0.018817,0.630586,0.510768,-0.033351,0.669124,0.516366,-0.046587,0.702221,0.518513,-0.055607,0.555745,0.541393,-0.021461,0.604139,0.559668,-0.04259,0.639814,0.571279,-0.059558,0.671817,0.579318,-0.070041,0.53003,0.570055,-0.025578,0.563103,0.579462,-0.046603,0.564312,0.565946,-0.052359,0.559265,0.54933,-0.054483
6,0.369139,0.433081,0.000001,0.381237,0.489281,-0.028519,0.407697,0.515762,-0.045116,0.426856,0.480563,-0.059471,0.445366,0.444426,-0.075721,0.516005,0.505697,-0.045067,0.581301,0.540686,-0.062873,0.620908,0.562173,-0.075436,0.659297,0.580676,-0.085507,0.5209,0.454187,-0.048734,0.595899,0.451143,-0.064261,0.643901,0.445558,-0.080809,0.686937,0.445862,-0.093877,0.506625,0.409656,-0.053668,0.559576,0.387921,-0.078143,0.602721,0.372396,-0.098622,0.641836,0.361947,-0.112485,0.476234,0.374638,-0.060257,0.480563,0.381412,-0.083218,0.456412,0.404292,-0.089971,0.430656,0.421027,-0.093561
6,0.373381,0.443515,0.000001,0.384292,0.500084,-0.028711,0.410408,0.526316,-0.045122,0.430969,0.492903,-0.05925,0.447989,0.458395,-0.075149,0.519255,0.517689,-0.044739,0.584434,0.553762,-0.061964,0.623172,0.576075,-0.073715,0.660894,0.594723,-0.083137,0.523997,0.466707,-0.047815,0.598392,0.4654,-0.06343,0.64613,0.460977,-0.079605,0.688475,0.461727,-0.092126,0.509191,0.422976,-0.052144,0.561649,0.402533,-0.076763,0.60453,0.387039,-0.097272,0.642648,0.376866,-0.110847,0.478629,0.389065,-0.058073,0.482704,0.397237,-0.080892,0.458756,0.420856,-0.088005,0.433155,0.438868,-0.091793
6,0.378022,0.464315,0.000001,0.388754,0.521835,-0.025736,0.41308,0.551048,-0.041815,0.434324,0.52443,-0.056599,0.449623,0.492259,-0.072972,0.521355,0.544713,-0.041357,0.586867,0.580759,-0.057661,0.624911,0.602364,-0.068764,0.661548,0.620134,-0.078017,0.526525,0.492632,-0.045617,0.602718,0.489663,-0.061337,0.649683,0.48583,-0.077707,0.690334,0.485568,-0.090688,0.511469,0.449272,-0.050829,0.565056,0.429624,-0.075012,0.60776,0.415659,-0.095452,0.643989,0.403436,-0.109231,0.481377,0.416385,-0.057407,0.487276,0.426434,-0.080506,0.465835,0.44965,-0.088953,0.443059,0.466235,-0.093825
6,0.379993,0.470491,0.000001,0.391114,0.528008,-0.026696,0.414911,0.557657,-0.043564,0.434064,0.530148,-0.058972,0.447924,0.495932,-0.076133,0.522376,0.550038,-0.043573,0.586974,0.58671,-0.060949,0.62473,0.609419,-0.072831,0.660976,0.627829,-0.082596,0.527518,0.498082,-0.048014,0.602937,0.497498,-0.064576,0.649224,0.494897,-0.081385,0.689321,0.494077,-0.094568,0.512264,0.454668,-0.053479,0.566046,0.436237,-0.078442,0.608015,0.423113,-0.099815,0.64353,0.4098,-0.114218,0.481602,0.421591,-0.060307,0.484956,0.431685,-0.084422,0.462925,0.453766,-0.093717,0.440485,0.467708,-0.09918
6,0.384511,0.46769,0.000001,0.393599,0.523813,-0.027201,0.416203,0.551636,-0.043279,0.435349,0.528413,-0.057713,0.454955,0.500526,-0.073637,0.525925,0.548938,-0.039716,0.58722,0.585383,-0.05602,0.625876,0.608455,-0.067501,0.662082,0.626689,-0.076927,0.53272,0.499478,-0.043049,0.606068,0.497211,-0.057706,0.651837,0.49207,-0.073002,0.691971,0.491043,-0.085037,0.519131,0.456757,-0.047865,0.569736,0.438613,-0.071856,0.610328,0.425561,-0.091661,0.645816,0.414997,-0.104733,0.490102,0.42302,-0.054294,0.492841,0.431702,-0.078559,0.469975,0.452414,-0.08735,0.446317,0.467115,-0.091923
6,0.382742,0.467726,0.000001,0.392006,0.523945,-0.026934,0.413957,0.554073,-0.043708,0.434154,0.52925,-0.058804,0.450817,0.497011,-0.075399,0.523698,0.545998,-0.042092,0.587882,0.581996,-0.058899,0.625872,0.604473,-0.070647,0.662293,0.622746,-0.080345,0.529698,0.495281,-0.045704,0.603977,0.492138,-0.061573,0.650249,0.486929,-0.077521,0.6905,0.485888,-0.090098,0.51542,0.452395,-0.050434,0.567376,0.432931,-0.074363,0.608309,0.419337,-0.093762,0.643007,0.407984,-0.106824,0.48592,0.419448,-0.056722,0.491049,0.428571,-0.079999,0.469246,0.450206,-0.087953,0.446064,0.466151,-0.092294
6,0.381966,0.457676,0.000001,0.39216,0.515299,-0.027841,0.415216,0.544923,-0.045516,0.434108,0.521737,-0.061264,0.449575,0.48881,-0.078626,0.522913,0.535192,-0.044856,0.587703,0.570904,-0.062014,0.626118,0.593468,-0.073951,0.662842,0.61175,-0.083741,0.527854,0.484822,-0.047977,0.602301,0.479354,-0.064116,0.648997,0.474496,-0.080214,0.690771,0.474457,-0.093011,0.513382,0.442648,-0.052028,0.564932,0.422534,-0.075951,0.607598,0.409449,-0.094952,0.645034,0.398645,-0.107847,0.484026,0.410926,-0.057733,0.489182,0.418995,-0.080823,0.466907,0.441962,-0.088044,0.44315,0.458695,-0.091911
6,0.381556,0.451245,0.000001,0.392329,0.506744,-0.027529,0.416742,0.536531,-0.042567,0.436948,0.508182,-0.055333,0.453799,0.474494,-0.069763,0.523344,0.523427,-0.042498,0.585288,0.559905,-0.05847,0.623075,0.581512,-0.069694,0.659999,0.599112,-0.078912,0.528752,0.474224,-0.045669,0.601482,0.471667,-0.059929,0.648037,0.465409,-0.075639,0.689606,0.463456,-0.088197,0.514587,0.431953,-0.049968,0.565883,0.412159,-0.073171,0.607326,0.397128,-0.093436,0.644086,0.385034,-0.107151,0.484621,0.399087,-0.055843,0.489116,0.408307,-0.078066,0.466416,0.431054,-0.085542,0.441373,0.446123,-0.089717
6,0.386149,0.441448,0.000001,0.397406,0.494883,-0.027734,0.422478,0.523349,-0.04266,0.443451,0.494057,-0.055137,0.462647,0.462839,-0.069083,0.527011,0.512193,-0.042525,0.589843,0.54849,-0.058817,0.628805,0.569223,-0.069931,0.666428,0.585684,-0.079048,0.532698,0.462688,-0.045803,0.606859,0.459066,-0.059775,0.653058,0.45086,-0.074834,0.693532,0.447465,-0.086813,0.519234,0.420452,-0.050437,0.570222,0.400177,-0.073915,0.611494,0.386137,-0.094382,0.648269,0.37502,-0.108128,0.489851,0.387907,-0.056656,0.491399,0.397107,-0.079764,0.468093,0.419808,-0.087921,0.443733,0.434403,-0.092344
6,0.387347,0.442349,0.000001,0.398595,0.496775,-0.02605,0.423859,0.526775,-0.040764,0.445454,0.498743,-0.053487,0.466096,0.468057,-0.067789,0.529641,0.514864,-0.04197,0.592727,0.551309,-0.058412,0.631349,0.572216,-0.069386,0.668624,0.58861,-0.078366,0.535077,0.46545,-0.045875,0.608416,0.461366,-0.060675,0.654852,0.453634,-0.076035,0.69551,0.450108,-0.088288,0.521313,0.423545,-0.050966,0.571529,0.404079,-0.074952,0.613001,0.390643,-0.095594,0.649141,0.37895,-0.109517,0.492099,0.39146,-0.057446,0.492305,0.40229,-0.080814,0.469825,0.425718,-0.08968,0.446786,0.440789,-0.094773
6,0.38841,0.447938,0.000001,0.400521,0.502596,-0.02625,0.426693,0.532901,-0.041084,0.446576,0.507257,-0.053889,0.465702,0.474777,-0.068184,0.531167,0.520975,-0.042235,0.593358,0.55764,-0.059306,0.63207,0.57889,-0.070781,0.669306,0.596059,-0.079995,0.536789,0.47142,-0.046453,0.609874,0.468173,-0.061709,0.656378,0.462399,-0.077566,0.697786,0.461377,-0.090108,0.523187,0.429605,-0.051929,0.57249,0.410896,-0.076561,0.613767,0.397264,-0.097967,0.650935,0.386058,-0.112263,0.493772,0.397999,-0.058803,0.492581,0.41139,-0.082499,0.469016,0.435067,-0.091589,0.445825,0.449947,-0.096836
6,0.387139,0.445606,0,0.397103,0.501307,-0.027654,0.421489,0.531821,-0.043131,0.443615,0.507699,-0.056478,0.465139,0.479574,-0.071205,0.529197,0.522248,-0.04208,0.592175,0.558837,-0.058624,0.630473,0.57996,-0.069843,0.667459,0.596714,-0.07906,0.535081,0.472725,-0.04497,0.608799,0.468722,-0.060621,0.654884,0.461965,-0.07665,0.695537,0.459644,-0.089294,0.521359,0.43104,-0.049129,0.571792,0.411709,-0.07388,0.612787,0.398407,-0.09437,0.648333,0.38745,-0.107951,0.492292,0.399084,-0.054811,0.495561,0.40885,-0.078805,0.473184,0.430552,-0.087657,0.44951,0.445403,-0.092535
6,0.386672,0.450004,0.000001,0.398533,0.50515,-0.025739,0.424148,0.536242,-0.040614,0.442898,0.510699,-0.053567,0.45985,0.477303,-0.068081,0.527148,0.524096,-0.042601,0.589509,0.561024,-0.059254,0.628116,0.582091,-0.070336,0.665063,0.599011,-0.079362,0.53295,0.474849,-0.046891,0.606428,0.472377,-0.061893,0.652808,0.467603,-0.077706,0.693874,0.466666,-0.090317,0.519426,0.433222,-0.052178,0.569186,0.414781,-0.076347,0.610704,0.399618,-0.097667,0.647877,0.386341,-0.111918,0.490098,0.401697,-0.058813,0.489687,0.41513,-0.082404,0.466296,0.439581,-0.091702,0.442749,0.454712,-0.097066
6,0.385835,0.448337,0.000001,0.396166,0.503402,-0.02706,0.421086,0.535633,-0.042514,0.441812,0.509416,-0.055937,0.462551,0.477128,-0.070929,0.527365,0.522768,-0.042873,0.590139,0.559255,-0.059971,0.62903,0.580504,-0.071567,0.666257,0.597264,-0.081114,0.533491,0.472732,-0.046676,0.606899,0.4698,-0.06273,0.653147,0.464209,-0.079292,0.693993,0.462121,-0.092358,0.519684,0.430821,-0.051672,0.570107,0.412221,-0.076855,0.611191,0.398121,-0.098571,0.647315,0.385192,-0.113121,0.490015,0.399239,-0.058055,0.488396,0.412077,-0.082827,0.464737,0.434038,-0.092773,0.441732,0.447263,-0.098553
6,0.388132,0.443416,0.000001,0.397579,0.500349,-0.029833,0.42144,0.530031,-0.046738,0.444085,0.505318,-0.060966,0.464836,0.474496,-0.076704,0.528655,0.518974,-0.046468,0.592059,0.554833,-0.064812,0.631021,0.576225,-0.077118,0.667866,0.59298,-0.086785,0.534219,0.469823,-0.048461,0.608055,0.4672,-0.065394,0.654664,0.461626,-0.081622,0.695253,0.459917,-0.094098,0.520243,0.428085,-0.051692,0.570576,0.407319,-0.076964,0.610764,0.392336,-0.096651,0.64546,0.380761,-0.109406,0.490899,0.395591,-0.056632,0.494144,0.401688,-0.080663,0.472237,0.422615,-0.088748,0.448923,0.437364,-0.092896
6,0.389053,0.447679,0.000001,0.399945,0.502115,-0.028436,0.424787,0.532297,-0.044935,0.445421,0.508807,-0.059138,0.465584,0.477085,-0.074688,0.52942,0.521745,-0.044503,0.592583,0.557365,-0.061832,0.63077,0.578418,-0.073576,0.667836,0.595929,-0.083125,0.536226,0.473054,-0.047277,0.608345,0.473104,-0.064051,0.654528,0.47114,-0.080962,0.695443,0.471062,-0.093997,0.522568,0.431983,-0.05114,0.573174,0.408711,-0.076401,0.613044,0.390177,-0.097311,0.646881,0.373474,-0.110817,0.493025,0.400606,-0.056541,0.493448,0.409337,-0.080578,0.470313,0.430179,-0.089665,0.446269,0.443296,-0.094605
6,0.391248,0.446806,0.000001,0.402642,0.500878,-0.027958,0.428315,0.529615,-0.043661,0.4499,0.503564,-0.056886,0.470606,0.473421,-0.071291,0.531285,0.519053,-0.044425,0.594574,0.554782,-0.061283,0.633262,0.575466,-0.072394,0.670551,0.592277,-0.081366,0.538139,0.471005,-0.047197,0.611095,0.471464,-0.063282,0.657135,0.470378,-0.079635,0.697739,0.470674,-0.092176,0.524974,0.430537,-0.050968,0.574742,0.407162,-0.07612,0.612949,0.387676,-0.096653,0.646131,0.369754,-0.109562,0.495581,0.399561,-0.056216,0.496276,0.407774,-0.080397,0.472856,0.429479,-0.0892,0.448319,0.442311,-0.093615
6,0.391615,0.443556,0.000001,0.40196,0.497799,-0.027841,0.427113,0.526889,-0.043836,0.449577,0.50161,-0.057488,0.470172,0.472336,-0.072361,0.530146,0.518173,-0.04406,0.59338,0.554622,-0.061521,0.631709,0.576401,-0.072989,0.668118,0.594285,-0.082169,0.537284,0.470135,-0.046961,0.610752,0.470801,-0.064016,0.657013,0.468779,-0.08018,0.697655,0.469769,-0.092344,0.524503,0.42988,-0.050993,0.575076,0.407875,-0.076361,0.613811,0.391069,-0.096161,0.647426,0.377396,-0.108613,0.495562,0.399353,-0.056554,0.496357,0.406097,-0.080366,0.473111,0.425272,-0.088625,0.449577,0.43752,-0.092777
6,0.391768,0.44519,0.000001,0.403342,0.499026,-0.026366,0.429495,0.527577,-0.041058,0.451159,0.502648,-0.053554,0.471686,0.473251,-0.067264,0.531524,0.518265,-0.041684,0.594311,0.554266,-0.057865,0.632669,0.574893,-0.068571,0.669477,0.592016,-0.077306,0.538602,0.470408,-0.045012,0.611681,0.470675,-0.060057,0.657756,0.468013,-0.075547,0.698238,0.468207,-0.087592,0.525668,0.429686,-0.049404,0.576771,0.407643,-0.073437,0.616197,0.390227,-0.093519,0.650404,0.3752,-0.106493,0.496362,0.39864,-0.055224,0.497253,0.40711,-0.078257,0.473993,0.428129,-0.086631,0.449819,0.441149,-0.091064
6,0.39464,0.448779,0.000001,0.405612,0.502576,-0.027431,0.429653,0.531431,-0.043146,0.450019,0.508713,-0.056682,0.470609,0.477971,-0.071443,0.533616,0.522619,-0.044084,0.596366,0.559271,-0.061289,0.63434,0.58026,-0.072864,0.671363,0.598237,-0.082152,0.540907,0.474666,-0.047138,0.613024,0.475228,-0.063021,0.65863,0.473737,-0.079404,0.698846,0.475373,-0.092293,0.527686,0.433895,-0.051215,0.578938,0.41035,-0.07492,0.618756,0.393097,-0.095298,0.652339,0.378873,-0.108804,0.498272,0.402673,-0.05688,0.501748,0.410923,-0.078753,0.480699,0.433628,-0.08712,0.457232,0.449528,-0.091927
6,0.395667,0.450106,0.000001,0.40813,0.503257,-0.025499,0.432605,0.531128,-0.04075,0.452001,0.507929,-0.054539,0.471668,0.47652,-0.069777,0.535305,0.524022,-0.04102,0.597097,0.559245,-0.058379,0.634566,0.580061,-0.070269,0.670804,0.598261,-0.079618,0.542504,0.475883,-0.04543,0.614438,0.477729,-0.060988,0.660131,0.476403,-0.077772,0.700592,0.47853,-0.090894,0.529055,0.434361,-0.05087,0.580956,0.412391,-0.074605,0.620689,0.395999,-0.095614,0.654459,0.38315,-0.10951,0.49976,0.402026,-0.057693,0.503431,0.41145,-0.079547,0.483017,0.434642,-0.088089,0.460419,0.45139,-0.093023
6,0.394157,0.446451,0.000001,0.406831,0.500074,-0.025096,0.431014,0.533312,-0.040127,0.452163,0.513432,-0.053767,0.472782,0.480488,-0.068905,0.534265,0.523108,-0.04092,0.596975,0.558747,-0.057877,0.635237,0.5798,-0.069511,0.672157,0.597286,-0.078864,0.541923,0.474445,-0.045572,0.613421,0.473672,-0.061126,0.659318,0.470392,-0.077763,0.699516,0.469913,-0.09097,0.528625,0.433144,-0.051135,0.579238,0.409365,-0.074553,0.619502,0.393072,-0.09488,0.653001,0.379276,-0.108512,0.499685,0.401139,-0.058167,0.504477,0.410438,-0.079941,0.48416,0.433307,-0.088298,0.460854,0.449128,-0.093172
6,0.392821,0.447728,0.000001,0.406366,0.500995,-0.024313,0.431806,0.532357,-0.038495,0.452394,0.51002,-0.051252,0.471207,0.478023,-0.065407,0.533022,0.522109,-0.039982,0.59542,0.557743,-0.056805,0.634132,0.578524,-0.068279,0.671221,0.595905,-0.077412,0.540503,0.473875,-0.044953,0.612521,0.473645,-0.05965,0.658534,0.470085,-0.075709,0.698854,0.469948,-0.088463,0.527543,0.432802,-0.050851,0.577864,0.411034,-0.073839,0.617808,0.394585,-0.094045,0.652027,0.380955,-0.107451,0.498739,0.400565,-0.058151,0.502444,0.411581,-0.079687,0.482229,0.436015,-0.087848,0.459873,0.452499,-0.092438
6,0.393572,0.450262,0.000001,0.407173,0.50334,-0.024674,0.432466,0.530782,-0.03968,0.451829,0.509216,-0.053239,0.471077,0.47943,-0.068323,0.533955,0.521047,-0.040672,0.595688,0.555932,-0.058129,0.633901,0.57634,-0.070285,0.670509,0.593667,-0.079817,0.540778,0.47349,-0.045651,0.612971,0.473867,-0.060454,0.658306,0.47112,-0.076474,0.698292,0.472431,-0.089235,0.527385,0.432302,-0.051678,0.579931,0.411722,-0.075174,0.620168,0.395035,-0.095657,0.654635,0.3818,-0.10928,0.498219,0.400193,-0.059033,0.501609,0.413227,-0.08181,0.481253,0.437558,-0.090456,0.459216,0.45426,-0.09527
7,0.416413,0.466039,0,0.435776,0.418469,-0.029561,0.466882,0.4012,-0.046105,0.488546,0.431455,-0.06184,0.501857,0.467857,-0.075279,0.532608,0.409694,-0.030893,0.5857,0.385663,-0.05221,0.616337,0.374913,-0.066041,0.643817,0.369421,-0.074668,0.538072,0.45159,-0.029445,0.596598,0.456427,-0.0532,0.631113,0.462122,-0.066177,0.662581,0.466185,-0.073426,0.530549,0.488332,-0.030895,0.570889,0.497955,-0.058015,0.535415,0.481742,-0.057828,0.509144,0.469514,-0.050243,0.515018,0.520366,-0.035402,0.549534,0.53935,-0.052028,0.571745,0.550498,-0.052327,0.597436,0.561016,-0.04948
7,0.423512,0.464806,0,0.443277,0.418314,-0.029536,0.474581,0.402045,-0.045942,0.497742,0.431917,-0.06135,0.512123,0.468448,-0.074339,0.539444,0.408277,-0.030292,0.591362,0.384801,-0.051275,0.621233,0.373975,-0.065133,0.648262,0.368629,-0.073844,0.545046,0.449294,-0.028271,0.602848,0.453244,-0.051298,0.636903,0.457817,-0.063665,0.667707,0.461362,-0.070659,0.53768,0.485237,-0.029134,0.578496,0.49506,-0.055022,0.544162,0.478762,-0.054044,0.518494,0.466172,-0.04632,0.522508,0.516403,-0.033116,0.557119,0.534716,-0.0488,0.57927,0.54513,-0.048628,0.604569,0.554502,-0.045635
7,0.423581,0.467225,0,0.443365,0.421233,-0.027921,0.475106,0.407632,-0.042451,0.499086,0.438609,-0.056291,0.514081,0.47274,-0.068111,0.539236,0.410465,-0.026848,0.590715,0.388336,-0.047034,0.620212,0.379042,-0.060477,0.646202,0.374242,-0.068731,0.543936,0.452094,-0.025465,0.601265,0.45786,-0.048227,0.634726,0.46424,-0.06117,0.664525,0.468516,-0.06817,0.536437,0.488384,-0.026984,0.577103,0.498726,-0.053037,0.544182,0.484537,-0.053276,0.518767,0.473676,-0.046027,0.52164,0.519549,-0.031362,0.556966,0.537596,-0.047041,0.578614,0.549331,-0.047119,0.602623,0.560191,-0.044106
7,0.422781,0.467255,0,0.442524,0.420935,-0.029036,0.474068,0.407863,-0.043679,0.496946,0.439769,-0.057355,0.511724,0.474243,-0.069036,0.537379,0.411989,-0.027875,0.588861,0.390057,-0.048095,0.6189,0.38125,-0.061294,0.645509,0.377094,-0.069235,0.54214,0.453597,-0.025895,0.600264,0.459603,-0.048325,0.633703,0.465386,-0.060536,0.663402,0.468382,-0.066837,0.534894,0.490131,-0.026964,0.57604,0.500777,-0.053594,0.54222,0.485954,-0.054303,0.516244,0.474553,-0.047027,0.520665,0.521311,-0.030909,0.555957,0.540094,-0.046746,0.577218,0.551308,-0.046975,0.601194,0.561997,-0.044012
7,0.422296,0.466646,0,0.44173,0.421411,-0.030208,0.472835,0.408032,-0.045455,0.495457,0.440474,-0.059438,0.510302,0.475499,-0.071348,0.536817,0.411418,-0.029733,0.588545,0.390229,-0.049865,0.618461,0.381313,-0.062927,0.645201,0.377738,-0.070978,0.541773,0.453362,-0.027277,0.599638,0.459388,-0.049674,0.63312,0.465449,-0.061706,0.66334,0.469048,-0.068078,0.534677,0.490138,-0.027893,0.576355,0.501524,-0.054962,0.541916,0.485923,-0.055857,0.515667,0.474276,-0.048794,0.520388,0.521339,-0.031435,0.555047,0.539752,-0.048312,0.576155,0.550891,-0.049338,0.600183,0.562031,-0.046912
7,0.423453,0.467018,0,0.442549,0.420176,-0.029258,0.474142,0.407407,-0.043897,0.497279,0.439113,-0.057683,0.512534,0.472894,-0.069378,0.538095,0.412615,-0.026803,0.589539,0.391971,-0.046666,0.619139,0.383511,-0.05955,0.645252,0.380069,-0.067198,0.542521,0.454729,-0.024584,0.599079,0.461218,-0.047064,0.632618,0.467217,-0.059276,0.662844,0.470738,-0.06544,0.535384,0.491117,-0.025549,0.576039,0.50141,-0.05253,0.54155,0.48453,-0.05314,0.515506,0.471899,-0.0455,0.521266,0.521623,-0.029418,0.555922,0.540259,-0.045533,0.576859,0.551192,-0.045924,0.600755,0.561782,-0.042863
7,0.424983,0.46736,0,0.443944,0.420011,-0.028972,0.475277,0.406343,-0.044076,0.499742,0.437109,-0.058266,0.51558,0.470636,-0.070349,0.538744,0.412066,-0.027994,0.590149,0.389699,-0.048721,0.619924,0.380441,-0.062294,0.646055,0.37557,-0.070384,0.543433,0.453376,-0.02612,0.600082,0.458797,-0.049741,0.634179,0.464518,-0.062785,0.664838,0.468255,-0.069531,0.536007,0.489192,-0.027264,0.575091,0.498793,-0.054214,0.541485,0.48221,-0.054192,0.516178,0.469594,-0.046249,0.521609,0.519912,-0.031348,0.557044,0.537521,-0.047244,0.57873,0.549108,-0.047128,0.603159,0.560045,-0.043733
7,0.424323,0.466712,0,0.444328,0.420117,-0.027589,0.477159,0.406631,-0.041691,0.501609,0.438766,-0.05511,0.51758,0.473096,-0.066522,0.540055,0.410694,-0.026167,0.591004,0.387557,-0.046112,0.620344,0.377161,-0.059697,0.646603,0.371127,-0.068098,0.544895,0.451584,-0.024882,0.602009,0.456551,-0.04739,0.636139,0.46159,-0.060502,0.666411,0.46509,-0.067772,0.537382,0.487583,-0.026467,0.577422,0.49874,-0.052309,0.544936,0.483197,-0.052549,0.519798,0.471515,-0.045426,0.522751,0.518902,-0.03092,0.557779,0.537243,-0.046544,0.579661,0.548817,-0.046657,0.603982,0.559826,-0.043754
7,0.425968,0.465069,0,0.445704,0.418815,-0.027809,0.478313,0.406046,-0.041919,0.502597,0.438048,-0.055318,0.518323,0.472043,-0.066868,0.54038,0.410073,-0.026801,0.591422,0.387817,-0.046737,0.620829,0.378351,-0.059892,0.647043,0.373424,-0.06794,0.545395,0.451394,-0.025429,0.603495,0.456542,-0.04795,0.636711,0.461576,-0.060522,0.666268,0.46508,-0.067233,0.53795,0.487485,-0.026949,0.57906,0.498353,-0.053419,0.545875,0.482398,-0.053827,0.520266,0.470437,-0.046558,0.523329,0.518465,-0.031265,0.558579,0.537167,-0.047358,0.580277,0.548595,-0.047651,0.604517,0.559217,-0.044782
7,0.425515,0.46848,0,0.445095,0.421572,-0.028197,0.476925,0.407931,-0.042895,0.501102,0.43974,-0.056798,0.515828,0.474975,-0.068648,0.540795,0.410517,-0.027196,0.592215,0.38799,-0.047406,0.6218,0.378183,-0.061008,0.647795,0.372496,-0.069455,0.545533,0.451883,-0.025544,0.60154,0.457273,-0.048313,0.6358,0.462355,-0.061548,0.666211,0.465267,-0.068891,0.537925,0.487904,-0.026778,0.578042,0.499335,-0.052225,0.545995,0.485498,-0.052082,0.521345,0.4751,-0.044841,0.52316,0.518867,-0.030972,0.557968,0.536868,-0.046401,0.579249,0.548899,-0.046486,0.60279,0.560537,-0.043541
7,0.426063,0.468061,0,0.445217,0.422403,-0.02909,0.47552,0.409786,-0.044237,0.498924,0.442542,-0.058567,0.51393,0.477324,-0.070904,0.541699,0.412611,-0.02716,0.591701,0.390395,-0.048237,0.621753,0.381568,-0.06267,0.647899,0.376299,-0.071724,0.54612,0.454073,-0.025333,0.601679,0.45965,-0.04894,0.636334,0.463994,-0.063098,0.666136,0.465334,-0.070948,0.538128,0.490104,-0.026582,0.579606,0.501752,-0.052792,0.550212,0.490235,-0.054006,0.526964,0.481817,-0.047608,0.522686,0.520708,-0.030785,0.557545,0.539027,-0.046521,0.578427,0.550858,-0.047268,0.601138,0.562294,-0.044746
7,0.426015,0.468491,0,0.445349,0.42353,-0.029674,0.475446,0.410595,-0.044587,0.497915,0.442888,-0.05842,0.512649,0.478185,-0.070195,0.541258,0.413698,-0.02751,0.592457,0.391422,-0.047615,0.62248,0.382246,-0.060933,0.648848,0.377491,-0.068982,0.545586,0.454978,-0.025302,0.602883,0.459681,-0.047743,0.636589,0.464374,-0.060461,0.665963,0.467055,-0.067164,0.537644,0.491315,-0.026246,0.577082,0.502255,-0.052736,0.546535,0.489113,-0.054232,0.522564,0.479224,-0.047682,0.522598,0.522331,-0.030113,0.557382,0.541241,-0.04597,0.578904,0.55278,-0.046569,0.602226,0.563976,-0.043909
7,0.427081,0.468945,0,0.446644,0.422908,-0.028524,0.4769,0.408862,-0.043558,0.500114,0.441011,-0.057861,0.514405,0.47679,-0.07009,0.542983,0.412177,-0.026306,0.593514,0.390163,-0.046912,0.623604,0.380886,-0.060979,0.65009,0.374964,-0.069701,0.548269,0.453417,-0.024705,0.604486,0.45794,-0.047672,0.639142,0.462071,-0.060931,0.669453,0.463695,-0.068129,0.540536,0.4896,-0.026204,0.579711,0.500717,-0.052026,0.549435,0.487664,-0.052415,0.526024,0.477452,-0.045383,0.525243,0.520584,-0.030683,0.559876,0.539288,-0.045882,0.580877,0.550837,-0.045808,0.603753,0.561519,-0.042733
7,0.430031,0.464691,0,0.450161,0.41874,-0.028996,0.48185,0.405811,-0.04379,0.505356,0.43774,-0.057622,0.519324,0.473531,-0.06946,0.544381,0.409714,-0.027753,0.596132,0.387537,-0.047996,0.625697,0.377775,-0.06142,0.651719,0.372812,-0.069752,0.549458,0.450705,-0.025659,0.607644,0.45423,-0.048185,0.640846,0.457598,-0.060768,0.670685,0.460126,-0.067713,0.542049,0.486891,-0.02658,0.584082,0.498683,-0.052823,0.55174,0.483403,-0.053343,0.526777,0.472241,-0.046488,0.527252,0.517849,-0.030458,0.561898,0.536931,-0.046527,0.583191,0.548146,-0.047341,0.606935,0.558969,-0.045068
7,0.429561,0.465213,0,0.44978,0.419391,-0.029288,0.480985,0.405885,-0.044345,0.504769,0.437644,-0.058395,0.519929,0.473193,-0.070341,0.544731,0.409481,-0.027356,0.596083,0.386626,-0.047538,0.625447,0.376406,-0.061173,0.651468,0.371064,-0.069692,0.549781,0.450416,-0.025247,0.607244,0.453116,-0.047715,0.640915,0.456379,-0.060702,0.670799,0.458862,-0.068026,0.542168,0.486501,-0.0262,0.583141,0.498357,-0.052022,0.551644,0.483948,-0.052468,0.527309,0.473427,-0.045728,0.527228,0.517565,-0.030197,0.561963,0.536579,-0.045805,0.583124,0.548064,-0.046304,0.606532,0.559149,-0.043854
7,0.429213,0.464759,0,0.449531,0.419168,-0.029849,0.480904,0.406403,-0.045207,0.504941,0.438372,-0.059357,0.519674,0.474446,-0.071451,0.543794,0.410053,-0.029246,0.595629,0.388044,-0.049632,0.625184,0.378547,-0.06305,0.651693,0.374005,-0.071447,0.54923,0.450774,-0.026705,0.608093,0.452491,-0.048782,0.641123,0.455053,-0.060563,0.671069,0.457095,-0.067109,0.541842,0.486973,-0.02719,0.584957,0.499195,-0.052626,0.552432,0.483417,-0.05196,0.527592,0.47141,-0.044592,0.526976,0.517676,-0.030828,0.562167,0.536439,-0.046366,0.583731,0.547282,-0.046673,0.607943,0.557557,-0.044154
7,0.430202,0.463746,0,0.450392,0.418686,-0.029057,0.481528,0.406433,-0.043799,0.505302,0.437874,-0.057496,0.519827,0.47287,-0.069314,0.543482,0.409782,-0.028133,0.59478,0.387888,-0.048163,0.624313,0.378411,-0.06138,0.650409,0.374222,-0.069648,0.548946,0.450349,-0.025907,0.607412,0.452184,-0.047916,0.640035,0.454814,-0.059894,0.66976,0.45708,-0.066479,0.541774,0.486467,-0.026658,0.584173,0.498366,-0.052469,0.551601,0.482665,-0.052654,0.526627,0.470947,-0.045695,0.527098,0.517079,-0.030405,0.561981,0.536012,-0.046449,0.583207,0.547338,-0.047317,0.606834,0.558199,-0.045102
7,0.429385,0.463639,0,0.44965,0.418718,-0.029366,0.480997,0.406408,-0.044219,0.50432,0.439225,-0.058012,0.519141,0.47496,-0.069907,0.543611,0.409944,-0.027872,0.59493,0.387839,-0.047958,0.624411,0.378198,-0.061264,0.650832,0.373288,-0.069447,0.548773,0.450836,-0.025788,0.607024,0.452916,-0.048034,0.640216,0.455653,-0.060438,0.670025,0.457838,-0.067223,0.541265,0.486961,-0.026758,0.582584,0.499478,-0.053151,0.55112,0.484752,-0.054072,0.526763,0.473682,-0.04743,0.526505,0.517556,-0.030673,0.561776,0.536922,-0.046373,0.583228,0.548046,-0.04686,0.606653,0.558638,-0.044413
7,0.42945,0.464207,0,0.449519,0.418823,-0.02912,0.481283,0.406587,-0.043581,0.50438,0.439124,-0.056922,0.518941,0.474249,-0.068396,0.542604,0.410386,-0.027641,0.593955,0.388095,-0.047472,0.623427,0.378875,-0.060374,0.649457,0.374462,-0.068044,0.547233,0.451297,-0.025432,0.605928,0.454174,-0.047564,0.638813,0.457369,-0.059667,0.668251,0.459644,-0.065866,0.539832,0.487587,-0.026231,0.580207,0.498794,-0.052822,0.548383,0.483798,-0.0539,0.5241,0.472491,-0.046928,0.525636,0.518545,-0.029885,0.561362,0.536963,-0.045494,0.582582,0.547585,-0.045655,0.605769,0.557669,-0.042719
7,0.430666,0.464185,0,0.450378,0.418779,-0.030119,0.481817,0.406658,-0.045099,0.505028,0.43969,-0.058729,0.520029,0.47504,-0.070421,0.543739,0.410025,-0.028972,0.595192,0.387558,-0.049032,0.624649,0.377992,-0.062166,0.650777,0.373227,-0.070117,0.548652,0.450946,-0.026299,0.606612,0.453554,-0.04864,0.639912,0.456262,-0.0611,0.669805,0.458413,-0.067742,0.541284,0.487004,-0.026658,0.581667,0.499491,-0.053073,0.549928,0.484185,-0.053957,0.525775,0.472918,-0.047099,0.526983,0.517626,-0.02999,0.562242,0.535951,-0.045783,0.583061,0.546523,-0.046154,0.605937,0.556858,-0.043419
7,0.43043,0.463887,0,0.450666,0.418656,-0.028668,0.482547,0.406694,-0.042783,0.505719,0.440063,-0.055894,0.520324,0.475437,-0.06725,0.543535,0.409896,-0.026852,0.594457,0.387512,-0.046485,0.624011,0.377813,-0.059346,0.650231,0.372723,-0.067007,0.548543,0.450298,-0.024909,0.606868,0.452112,-0.046729,0.639922,0.453881,-0.058788,0.669334,0.454989,-0.06501,0.541364,0.486512,-0.025965,0.581297,0.498552,-0.052374,0.550275,0.483637,-0.053726,0.526216,0.472273,-0.04705,0.527323,0.517466,-0.029833,0.562914,0.53589,-0.045277,0.584284,0.546044,-0.045453,0.607116,0.555429,-0.042603
7,0.432163,0.462395,0,0.452201,0.416785,-0.029088,0.483279,0.403343,-0.044151,0.507291,0.435861,-0.058201,0.523088,0.471074,-0.070106,0.546909,0.4056,-0.027125,0.598039,0.381959,-0.047051,0.627075,0.37096,-0.060379,0.652815,0.364137,-0.068517,0.551975,0.446337,-0.024999,0.608413,0.447782,-0.047647,0.64249,0.449479,-0.060717,0.672519,0.450423,-0.067924,0.544666,0.482074,-0.02584,0.583599,0.493996,-0.051326,0.552514,0.478089,-0.051072,0.529116,0.466008,-0.043758,0.530314,0.512795,-0.029745,0.56532,0.529965,-0.044658,0.586589,0.540618,-0.044285,0.610035,0.550517,-0.041108
7,0.434351,0.462226,0,0.454442,0.417015,-0.028809,0.485078,0.404247,-0.043617,0.509169,0.436291,-0.057462,0.524761,0.471334,-0.069179,0.547604,0.405172,-0.027204,0.59804,0.381162,-0.047539,0.627267,0.369808,-0.061365,0.653489,0.362952,-0.069958,0.553609,0.444758,-0.025106,0.610669,0.444725,-0.047407,0.644485,0.445366,-0.060218,0.674567,0.445306,-0.06739,0.546992,0.480304,-0.025948,0.586947,0.491832,-0.050841,0.554977,0.477656,-0.050316,0.530902,0.466656,-0.043032,0.533244,0.511091,-0.029902,0.568193,0.528365,-0.044171,0.588981,0.538323,-0.043493,0.612022,0.547187,-0.040266
7,0.434666,0.461798,0,0.454698,0.415644,-0.028115,0.485993,0.402301,-0.042232,0.510109,0.4357,-0.055492,0.525841,0.471016,-0.066538,0.549372,0.404231,-0.024592,0.599428,0.380514,-0.043868,0.628145,0.369352,-0.057112,0.653596,0.362086,-0.065225,0.554844,0.444449,-0.022576,0.610543,0.445919,-0.044362,0.644553,0.447144,-0.057287,0.674194,0.44773,-0.064443,0.54808,0.479788,-0.023553,0.585532,0.491334,-0.047903,0.554121,0.476681,-0.047343,0.530439,0.465577,-0.039992,0.53451,0.51032,-0.027595,0.568571,0.527414,-0.041329,0.588667,0.537653,-0.040295,0.611014,0.546853,-0.036764
7,0.434307,0.460779,0,0.454571,0.415825,-0.028172,0.485433,0.402578,-0.042715,0.50992,0.434395,-0.056365,0.52555,0.469433,-0.067857,0.547886,0.404869,-0.025812,0.597888,0.380523,-0.045719,0.626616,0.368972,-0.05945,0.652236,0.362118,-0.067975,0.553536,0.444559,-0.023758,0.609702,0.445197,-0.045696,0.643508,0.446001,-0.058474,0.673143,0.446504,-0.065684,0.546733,0.480062,-0.024605,0.586157,0.491669,-0.048718,0.555248,0.476231,-0.047623,0.531875,0.464493,-0.040164,0.532722,0.510703,-0.028571,0.567261,0.527495,-0.042315,0.587991,0.537267,-0.041156,0.611024,0.546049,-0.037617
7,0.433711,0.460407,0,0.454325,0.415731,-0.027574,0.485859,0.40345,-0.041687,0.510678,0.434986,-0.054967,0.526618,0.468962,-0.066158,0.547345,0.405517,-0.025737,0.597339,0.382033,-0.045471,0.625962,0.371012,-0.058845,0.651799,0.364341,-0.067117,0.552709,0.444989,-0.02402,0.609105,0.445061,-0.046065,0.64235,0.445545,-0.058564,0.671998,0.445634,-0.065431,0.545374,0.480423,-0.025139,0.585006,0.492741,-0.049989,0.553382,0.476891,-0.049081,0.529749,0.464669,-0.04146,0.530745,0.511095,-0.029245,0.565735,0.528766,-0.043806,0.587219,0.538737,-0.043118,0.611186,0.547679,-0.039766
7,0.434497,0.460699,0,0.454847,0.414859,-0.027912,0.48638,0.401608,-0.042012,0.511404,0.434213,-0.05525,0.527921,0.469288,-0.066247,0.548805,0.40361,-0.024656,0.598578,0.379975,-0.043875,0.627005,0.368438,-0.05712,0.652599,0.361165,-0.06538,0.55439,0.443635,-0.022734,0.61001,0.444969,-0.044462,0.643969,0.445761,-0.057325,0.673473,0.446223,-0.064591,0.54761,0.479001,-0.023737,0.58603,0.491189,-0.047807,0.555028,0.475443,-0.046723,0.53158,0.463517,-0.039236,0.533934,0.509617,-0.027838,0.567712,0.526906,-0.041682,0.58801,0.537507,-0.040647,0.610741,0.54706,-0.037175
7,0.406146,0.493881,0,0.417078,0.542111,-0.028811,0.439263,0.564535,-0.045145,0.460006,0.549908,-0.060663,0.475194,0.527903,-0.076441,0.517362,0.582643,-0.033991,0.566366,0.618433,-0.053141,0.5945,0.642615,-0.064439,0.622329,0.66027,-0.071346,0.526737,0.537906,-0.035696,0.582408,0.53106,-0.063568,0.619038,0.530066,-0.080558,0.651828,0.525789,-0.088953,0.519823,0.495015,-0.039782,0.53973,0.486898,-0.074076,0.503751,0.499014,-0.086011,0.478919,0.50834,-0.085517,0.504932,0.455022,-0.045467,0.542279,0.433926,-0.06776,0.565833,0.422965,-0.072671,0.592829,0.416986,-0.07284
7,0.417516,0.508353,0,0.428366,0.554611,-0.027377,0.45343,0.574822,-0.042698,0.476219,0.559632,-0.056743,0.49372,0.538089,-0.070864,0.524031,0.594953,-0.032432,0.570012,0.629889,-0.050671,0.59764,0.652792,-0.061966,0.624584,0.669922,-0.069317,0.533102,0.552834,-0.033459,0.589696,0.547968,-0.059175,0.625911,0.54737,-0.074398,0.656634,0.543354,-0.081804,0.526485,0.511747,-0.036858,0.552105,0.503875,-0.068107,0.518996,0.516557,-0.079025,0.494087,0.526635,-0.078777,0.512378,0.473202,-0.041851,0.5494,0.453671,-0.063953,0.573305,0.442794,-0.069869,0.598608,0.436516,-0.070888
7,0.417403,0.511683,0,0.428194,0.557683,-0.025551,0.453582,0.577832,-0.039476,0.476478,0.561618,-0.052443,0.494092,0.538606,-0.065509,0.524446,0.594835,-0.029517,0.569666,0.628352,-0.04636,0.596789,0.650807,-0.056764,0.623454,0.667054,-0.063458,0.532923,0.553457,-0.031183,0.588576,0.548432,-0.055382,0.624301,0.548486,-0.07035,0.654858,0.543798,-0.077765,0.526082,0.513662,-0.035089,0.549688,0.505678,-0.065336,0.516586,0.520532,-0.076421,0.49236,0.531353,-0.076422,0.51235,0.476032,-0.040421,0.549343,0.457259,-0.061267,0.572938,0.445791,-0.066631,0.598257,0.437983,-0.067475
7,0.417867,0.517169,0,0.428267,0.562602,-0.025011,0.453766,0.582651,-0.03868,0.476453,0.565475,-0.051613,0.492001,0.541675,-0.064857,0.524822,0.598105,-0.029103,0.569994,0.630054,-0.045786,0.596284,0.654355,-0.056346,0.621801,0.671424,-0.063008,0.533178,0.556294,-0.030991,0.588213,0.549531,-0.053973,0.623472,0.551091,-0.069187,0.654581,0.54731,-0.077246,0.526388,0.516216,-0.03498,0.548755,0.508661,-0.064555,0.515498,0.523768,-0.07547,0.49201,0.533028,-0.075515,0.512505,0.478565,-0.04037,0.54934,0.459687,-0.060453,0.572578,0.448336,-0.065351,0.598313,0.439423,-0.065981
7,0.418388,0.50475,0,0.430583,0.55088,-0.026769,0.455424,0.570332,-0.041967,0.478019,0.556092,-0.05599,0.494503,0.533003,-0.070097,0.526944,0.586684,-0.032098,0.572907,0.620205,-0.049945,0.59974,0.642586,-0.061018,0.626176,0.659826,-0.068235,0.53502,0.544771,-0.033284,0.590197,0.536878,-0.05881,0.626147,0.535312,-0.074155,0.656616,0.530534,-0.081712,0.527633,0.504524,-0.036673,0.55079,0.495061,-0.067174,0.518541,0.509893,-0.078386,0.49442,0.521631,-0.078671,0.513042,0.467621,-0.041602,0.549157,0.446467,-0.062413,0.572491,0.435517,-0.067692,0.597264,0.42943,-0.068544
7,0.418513,0.50313,0,0.430136,0.548772,-0.027342,0.453933,0.568712,-0.042829,0.476156,0.55367,-0.057028,0.492228,0.530102,-0.071316,0.526551,0.583704,-0.033048,0.572243,0.616137,-0.051539,0.599085,0.63829,-0.063136,0.625801,0.655216,-0.070705,0.534536,0.54158,-0.034021,0.589254,0.533326,-0.060105,0.625091,0.53198,-0.075836,0.655688,0.527271,-0.08367,0.526757,0.501451,-0.037235,0.548684,0.492365,-0.068363,0.516435,0.508046,-0.079765,0.492487,0.520221,-0.08003,0.512036,0.464428,-0.042005,0.547886,0.444025,-0.063142,0.571056,0.432898,-0.068505,0.595687,0.426577,-0.069386
7,0.418234,0.50211,0,0.429203,0.548202,-0.027008,0.453119,0.569159,-0.042075,0.474994,0.554085,-0.056041,0.490316,0.530301,-0.070163,0.525676,0.58443,-0.031169,0.571669,0.615705,-0.049157,0.598423,0.637132,-0.060545,0.624799,0.653971,-0.068036,0.533876,0.542906,-0.032632,0.588843,0.535257,-0.058542,0.624484,0.533113,-0.074583,0.655012,0.528487,-0.082493,0.526571,0.502506,-0.036392,0.549496,0.492591,-0.06801,0.516689,0.5052,-0.07989,0.492005,0.515433,-0.080177,0.511506,0.465413,-0.041656,0.54712,0.44383,-0.06341,0.569809,0.433068,-0.069097,0.593976,0.427035,-0.06998
7,0.419558,0.504328,0,0.431481,0.550162,-0.026626,0.456887,0.571167,-0.04094,0.480333,0.556226,-0.054028,0.496504,0.532756,-0.067171,0.527127,0.587021,-0.030286,0.572759,0.619828,-0.047411,0.599531,0.641706,-0.05794,0.625758,0.658528,-0.064803,0.535538,0.545485,-0.031464,0.590065,0.538508,-0.056371,0.625584,0.536752,-0.071449,0.655753,0.532202,-0.078751,0.528731,0.505294,-0.034962,0.552654,0.495769,-0.065511,0.520346,0.508143,-0.07683,0.49588,0.518527,-0.076966,0.514413,0.468229,-0.039973,0.550073,0.447169,-0.060944,0.572922,0.436671,-0.066438,0.59722,0.431305,-0.067316
7,0.421864,0.502103,0,0.43271,0.54864,-0.027027,0.456066,0.569052,-0.042053,0.477947,0.554207,-0.056044,0.494381,0.534297,-0.070288,0.52639,0.587084,-0.030067,0.571149,0.619503,-0.047678,0.597988,0.640633,-0.058804,0.624308,0.657005,-0.065955,0.535327,0.546381,-0.03099,0.589302,0.539156,-0.056118,0.626051,0.536543,-0.071468,0.657687,0.531326,-0.078958,0.528686,0.506632,-0.034369,0.552489,0.498904,-0.064925,0.520744,0.509526,-0.076474,0.496922,0.518136,-0.076732,0.514695,0.469196,-0.039313,0.550332,0.448021,-0.060374,0.573521,0.438696,-0.066196,0.5979,0.434875,-0.067217
7,0.419221,0.501274,0,0.431727,0.546715,-0.025016,0.457292,0.56624,-0.038032,0.47888,0.547948,-0.050326,0.491978,0.524929,-0.062772,0.529119,0.579871,-0.02735,0.57512,0.611606,-0.043118,0.602107,0.63403,-0.052641,0.627898,0.649062,-0.058562,0.536861,0.538085,-0.029368,0.59116,0.529823,-0.052217,0.626002,0.528503,-0.067019,0.656336,0.522642,-0.074571,0.529562,0.497892,-0.033639,0.551791,0.489369,-0.063114,0.518906,0.50385,-0.073923,0.495427,0.51371,-0.073814,0.514647,0.460989,-0.039339,0.550874,0.440968,-0.058963,0.572871,0.43005,-0.063376,0.597815,0.422232,-0.063685
7,0.424761,0.491562,0,0.437242,0.538005,-0.024903,0.463772,0.558756,-0.037457,0.484365,0.539667,-0.049475,0.495567,0.516607,-0.061733,0.534468,0.571989,-0.025137,0.580974,0.603631,-0.03998,0.607544,0.626134,-0.048847,0.633007,0.641969,-0.054261,0.542208,0.529623,-0.026852,0.598106,0.52222,-0.049696,0.632826,0.520633,-0.064572,0.662692,0.515525,-0.071595,0.534771,0.488729,-0.03084,0.555487,0.479293,-0.060314,0.52132,0.491082,-0.071615,0.497764,0.499142,-0.071193,0.519713,0.451239,-0.036179,0.555406,0.430366,-0.055321,0.577222,0.419791,-0.059646,0.602409,0.413056,-0.059635
7,0.424918,0.503709,0,0.439086,0.55135,-0.022231,0.465297,0.573172,-0.034429,0.486542,0.55564,-0.046484,0.499356,0.531802,-0.058933,0.534596,0.58591,-0.025162,0.581422,0.618288,-0.040331,0.607571,0.640227,-0.049488,0.633117,0.65625,-0.055349,0.542346,0.544007,-0.028363,0.597611,0.535295,-0.051926,0.63277,0.532333,-0.066866,0.663308,0.527067,-0.074345,0.5349,0.503062,-0.033439,0.556401,0.494167,-0.06241,0.524905,0.507629,-0.073023,0.501964,0.517923,-0.072988,0.519986,0.465249,-0.039673,0.555356,0.444827,-0.058496,0.578188,0.434729,-0.062231,0.603573,0.428756,-0.062192
7,0.426321,0.506984,0,0.440265,0.554126,-0.022649,0.466617,0.5752,-0.034954,0.487664,0.557424,-0.047009,0.50064,0.534368,-0.059419,0.536265,0.587942,-0.025449,0.582759,0.620814,-0.040633,0.608649,0.643055,-0.04989,0.634138,0.659157,-0.055853,0.544139,0.546211,-0.028384,0.599721,0.537656,-0.051782,0.634329,0.534102,-0.066664,0.664628,0.528187,-0.074088,0.536873,0.505679,-0.033235,0.559367,0.497363,-0.06204,0.527736,0.511022,-0.072381,0.504869,0.521294,-0.072128,0.521752,0.468529,-0.039303,0.5578,0.449086,-0.058033,0.580854,0.439184,-0.061702,0.606566,0.433199,-0.061583
7,0.429575,0.500154,0,0.442558,0.547048,-0.022592,0.467319,0.569509,-0.034957,0.488654,0.554402,-0.047008,0.502841,0.531227,-0.059331,0.537788,0.583168,-0.025691,0.584542,0.616031,-0.040859,0.610313,0.637862,-0.050057,0.635474,0.654422,-0.056036,0.545763,0.541827,-0.028524,0.601613,0.532215,-0.052033,0.636621,0.528773,-0.06682,0.666576,0.523792,-0.074164,0.53851,0.501387,-0.033245,0.561089,0.493689,-0.062514,0.529246,0.506192,-0.073443,0.505613,0.515809,-0.073549,0.52346,0.464613,-0.039088,0.558995,0.442965,-0.058784,0.581941,0.432858,-0.063306,0.606925,0.427205,-0.063602
7,0.429085,0.499565,0,0.442277,0.546471,-0.022233,0.46753,0.568844,-0.034332,0.489146,0.553868,-0.046202,0.50243,0.530952,-0.058368,0.537561,0.582722,-0.024925,0.584409,0.614959,-0.039873,0.609979,0.636412,-0.048952,0.634884,0.652996,-0.054865,0.545647,0.541562,-0.027908,0.601813,0.531259,-0.051101,0.637052,0.527427,-0.065718,0.667362,0.522235,-0.07304,0.538517,0.501133,-0.032786,0.561522,0.492884,-0.061745,0.529928,0.505091,-0.072391,0.506267,0.514583,-0.072403,0.523581,0.464291,-0.038787,0.559368,0.443097,-0.058008,0.582235,0.433086,-0.062109,0.606938,0.427372,-0.06221
7,0.429841,0.500254,0,0.443,0.547859,-0.022603,0.468739,0.56968,-0.035009,0.489697,0.553488,-0.047122,0.501895,0.530705,-0.059716,0.537513,0.584405,-0.025714,0.583696,0.617027,-0.040818,0.609065,0.638377,-0.049818,0.634196,0.654838,-0.055694,0.54542,0.54315,-0.028349,0.600848,0.533436,-0.052123,0.636487,0.529203,-0.066635,0.667439,0.523092,-0.073743,0.538008,0.502214,-0.032911,0.560294,0.495649,-0.062709,0.527333,0.507574,-0.073672,0.502938,0.516428,-0.073547,0.523059,0.464771,-0.038515,0.558101,0.443319,-0.058311,0.580656,0.433773,-0.062867,0.605559,0.428934,-0.063198
7,0.429378,0.500627,0,0.441599,0.547052,-0.023415,0.466735,0.568833,-0.035673,0.487773,0.553747,-0.047507,0.501506,0.532172,-0.059647,0.536701,0.583799,-0.025266,0.583033,0.616379,-0.040428,0.60861,0.638235,-0.049556,0.633616,0.654743,-0.055376,0.544767,0.542861,-0.027493,0.600302,0.533587,-0.05141,0.635933,0.528954,-0.06624,0.666446,0.522347,-0.073251,0.537711,0.502716,-0.031814,0.56011,0.494831,-0.061833,0.528114,0.505954,-0.073217,0.504439,0.514556,-0.073119,0.523076,0.466029,-0.037255,0.558329,0.444276,-0.057294,0.580593,0.434382,-0.062056,0.60513,0.429191,-0.062283
7,0.429141,0.498215,0,0.44198,0.544484,-0.022528,0.467318,0.566072,-0.034572,0.488482,0.551247,-0.046468,0.501366,0.52959,-0.058732,0.537823,0.581388,-0.024141,0.583808,0.613798,-0.039123,0.609164,0.635732,-0.048172,0.634038,0.65257,-0.053949,0.545603,0.540278,-0.026812,0.600247,0.530269,-0.050515,0.635927,0.525783,-0.065279,0.666719,0.519455,-0.072313,0.538176,0.499861,-0.03152,0.55939,0.492112,-0.061375,0.526637,0.503716,-0.072617,0.502413,0.512503,-0.072449,0.523164,0.4628,-0.037293,0.558174,0.440952,-0.057081,0.580621,0.431404,-0.061666,0.605233,0.426521,-0.061805
7,0.43066,0.497615,0,0.442635,0.544054,-0.024297,0.467692,0.564949,-0.037579,0.488062,0.551141,-0.050431,0.501107,0.530357,-0.063656,0.538097,0.581517,-0.026503,0.584074,0.613149,-0.042459,0.609396,0.634863,-0.052137,0.634555,0.652003,-0.058352,0.546272,0.540725,-0.028446,0.600827,0.531255,-0.053106,0.636252,0.526798,-0.067693,0.666888,0.519846,-0.074469,0.539033,0.500659,-0.032638,0.561518,0.491979,-0.063065,0.527648,0.502333,-0.074029,0.502423,0.510251,-0.073521,0.52432,0.463431,-0.038105,0.559665,0.441476,-0.058258,0.582423,0.431895,-0.063272,0.607002,0.42748,-0.063764
7,0.429465,0.498017,0,0.442441,0.544752,-0.022926,0.467469,0.566502,-0.035068,0.488412,0.551536,-0.046968,0.500789,0.529371,-0.059219,0.537948,0.5812,-0.024649,0.584388,0.613733,-0.039436,0.609736,0.635557,-0.048116,0.634613,0.652155,-0.053634,0.545611,0.539959,-0.027108,0.600274,0.529442,-0.050636,0.635856,0.52457,-0.065057,0.666731,0.51769,-0.071937,0.537843,0.4998,-0.031623,0.55862,0.492756,-0.061389,0.525875,0.504833,-0.072228,0.501898,0.513907,-0.071849,0.522761,0.462864,-0.03723,0.557712,0.442253,-0.056615,0.580171,0.432569,-0.060716,0.605066,0.427443,-0.060655
7,0.429091,0.49869,0,0.441744,0.544873,-0.023085,0.466419,0.566921,-0.035388,0.487307,0.551423,-0.047483,0.500785,0.528878,-0.059902,0.537389,0.580503,-0.025163,0.583753,0.613026,-0.040117,0.609185,0.635076,-0.049044,0.633996,0.651341,-0.054613,0.545109,0.538964,-0.027574,0.59953,0.528086,-0.051183,0.634402,0.523858,-0.066021,0.664624,0.517876,-0.073178,0.537499,0.498829,-0.031961,0.556925,0.490991,-0.061511,0.524647,0.502961,-0.072287,0.501427,0.511884,-0.071895,0.52245,0.462091,-0.037498,0.557876,0.442275,-0.056599,0.580672,0.432593,-0.060374,0.605545,0.427186,-0.060028
7,0.430701,0.494188,0,0.442496,0.54131,-0.023849,0.467767,0.562813,-0.036806,0.489042,0.546711,-0.049355,0.501375,0.5236,-0.062379,0.538185,0.577063,-0.026389,0.5838,0.610592,-0.042169,0.609019,0.633055,-0.051522,0.633915,0.650639,-0.057473,0.546023,0.536037,-0.028428,0.600042,0.527383,-0.052899,0.635301,0.522899,-0.067487,0.665988,0.515936,-0.074311,0.538705,0.496198,-0.032625,0.560205,0.488054,-0.063111,0.52636,0.49919,-0.074457,0.501074,0.507349,-0.074183,0.524052,0.458964,-0.037977,0.55906,0.436535,-0.058034,0.581389,0.426897,-0.063098,0.605791,0.422079,-0.063645
7,0.4317,0.492657,0,0.44431,0.540704,-0.023319,0.469809,0.562774,-0.035416,0.492793,0.547996,-0.046771,0.508461,0.5261,-0.058369,0.53751,0.576546,-0.026416,0.582637,0.611863,-0.041093,0.608626,0.633857,-0.049403,0.633671,0.651049,-0.054686,0.546248,0.535787,-0.027935,0.600505,0.527549,-0.050995,0.636904,0.522815,-0.064905,0.666921,0.515631,-0.071463,0.540179,0.496771,-0.031447,0.56413,0.488459,-0.059653,0.53295,0.49973,-0.071142,0.508558,0.508274,-0.071839,0.526724,0.459905,-0.036127,0.561662,0.436698,-0.055282,0.584303,0.426659,-0.060801,0.60808,0.421679,-0.061872
8,0.434866,0.490275,0,0.449171,0.447429,-0.029205,0.478138,0.423247,-0.048658,0.503693,0.437508,-0.065491,0.528957,0.463221,-0.080678,0.552849,0.422791,-0.030732,0.601799,0.392227,-0.055977,0.635894,0.373744,-0.072773,0.66601,0.361514,-0.084899,0.556216,0.465105,-0.03036,0.597926,0.45899,-0.06812,0.563823,0.460503,-0.079929,0.535115,0.464498,-0.078864,0.551644,0.505237,-0.0344,0.603012,0.512949,-0.06448,0.632654,0.522614,-0.075558,0.66427,0.531775,-0.077767,0.538861,0.544574,-0.040081,0.577036,0.567656,-0.056223,0.596764,0.590047,-0.060395,0.622809,0.605878,-0.06232
8,0.437047,0.48906,0,0.452059,0.446436,-0.027438,0.481665,0.422439,-0.046041,0.507777,0.435481,-0.062473,0.531831,0.461727,-0.077279,0.554955,0.422604,-0.028102,0.603183,0.391567,-0.052924,0.637295,0.372914,-0.069314,0.667191,0.361417,-0.081179,0.558121,0.464567,-0.028305,0.600869,0.45834,-0.065427,0.566964,0.458988,-0.076479,0.537914,0.462777,-0.074829,0.553294,0.504952,-0.03285,0.604778,0.513121,-0.061931,0.63485,0.522427,-0.07149,0.66643,0.531596,-0.072781,0.54015,0.543987,-0.039069,0.577719,0.568402,-0.054485,0.597667,0.590289,-0.057783,0.62413,0.60611,-0.059105
8,0.439207,0.489459,0,0.454083,0.446402,-0.026458,0.485422,0.422299,-0.043749,0.512646,0.436069,-0.058831,0.537686,0.461078,-0.072289,0.557181,0.421627,-0.026319,0.605837,0.389329,-0.049317,0.639977,0.371889,-0.063727,0.669607,0.361017,-0.074226,0.560715,0.46377,-0.026699,0.60533,0.45773,-0.063439,0.572124,0.459198,-0.073996,0.542925,0.464157,-0.071705,0.555655,0.503461,-0.031282,0.608222,0.511566,-0.06047,0.638782,0.520232,-0.070672,0.670572,0.529772,-0.072317,0.542635,0.541227,-0.03733,0.579971,0.565356,-0.053165,0.59992,0.587386,-0.057495,0.626313,0.604347,-0.05959
8,0.43801,0.489513,0,0.453098,0.446955,-0.027433,0.484318,0.423347,-0.044983,0.511476,0.436031,-0.060064,0.537133,0.460432,-0.073488,0.555895,0.421744,-0.02729,0.604871,0.388809,-0.050516,0.638763,0.371715,-0.065262,0.668166,0.361625,-0.075939,0.559,0.463862,-0.027428,0.603666,0.458056,-0.064374,0.56991,0.45819,-0.075378,0.540064,0.461888,-0.073377,0.55424,0.503711,-0.031825,0.605747,0.511547,-0.060744,0.637023,0.52068,-0.071148,0.669816,0.531114,-0.073079,0.541137,0.541827,-0.037814,0.579062,0.565546,-0.052686,0.598789,0.587694,-0.056199,0.624783,0.604551,-0.057963
8,0.438794,0.486912,0,0.454549,0.443503,-0.026761,0.487156,0.420437,-0.043967,0.514801,0.433613,-0.059169,0.53981,0.459116,-0.072895,0.558378,0.420595,-0.024003,0.606806,0.388105,-0.046131,0.640294,0.371115,-0.060725,0.669329,0.360724,-0.071688,0.56142,0.462358,-0.024521,0.605856,0.457526,-0.061155,0.572439,0.458843,-0.07303,0.542965,0.46363,-0.07184,0.556247,0.501673,-0.029289,0.608786,0.512046,-0.05761,0.639338,0.522071,-0.068177,0.671053,0.532779,-0.070456,0.54255,0.538605,-0.035712,0.580009,0.56351,-0.05085,0.600207,0.585642,-0.055214,0.626817,0.602477,-0.057624
8,0.440467,0.484876,0,0.456661,0.440599,-0.026091,0.490457,0.417552,-0.042841,0.518652,0.431836,-0.057711,0.543616,0.457116,-0.071154,0.560066,0.418076,-0.023685,0.60812,0.385449,-0.045414,0.640461,0.368655,-0.059797,0.669463,0.358983,-0.070488,0.562734,0.459582,-0.024225,0.608566,0.455717,-0.061006,0.57535,0.455626,-0.072931,0.545683,0.459353,-0.071409,0.557797,0.498866,-0.028824,0.610357,0.506541,-0.057784,0.642848,0.517383,-0.069123,0.675951,0.529803,-0.071519,0.544677,0.536998,-0.034876,0.583985,0.560028,-0.049581,0.604414,0.581019,-0.053479,0.630497,0.59718,-0.055591
8,0.442225,0.482296,0,0.457899,0.438518,-0.026762,0.492008,0.415069,-0.0437,0.521204,0.427442,-0.058818,0.547035,0.453416,-0.072601,0.56132,0.414419,-0.022583,0.60941,0.380794,-0.043405,0.641984,0.364088,-0.057577,0.670183,0.354551,-0.068529,0.564972,0.455354,-0.023208,0.611928,0.449873,-0.059111,0.580632,0.450174,-0.071728,0.551717,0.45438,-0.071367,0.560801,0.494963,-0.027932,0.613787,0.503174,-0.054729,0.64611,0.511409,-0.065333,0.678205,0.52116,-0.068256,0.547788,0.53279,-0.034518,0.586133,0.557117,-0.048452,0.606634,0.578438,-0.052655,0.632284,0.594545,-0.055384
8,0.442341,0.482144,0,0.457884,0.438899,-0.027182,0.491009,0.416378,-0.044396,0.51956,0.429466,-0.059513,0.545603,0.454441,-0.073174,0.561203,0.415091,-0.024252,0.60925,0.381236,-0.046342,0.64221,0.363868,-0.061099,0.671065,0.353935,-0.07215,0.564733,0.456851,-0.024708,0.610519,0.451537,-0.061495,0.57755,0.451412,-0.073779,0.548256,0.455263,-0.072731,0.560457,0.496224,-0.029356,0.612594,0.503626,-0.057735,0.644219,0.512188,-0.06865,0.676766,0.5224,-0.071156,0.547406,0.534045,-0.035691,0.585206,0.558,-0.050247,0.604841,0.579843,-0.054111,0.630286,0.596216,-0.056299
8,0.441128,0.485266,0,0.457615,0.441194,-0.027986,0.491483,0.419497,-0.045546,0.520605,0.434685,-0.060883,0.546026,0.461201,-0.074772,0.560393,0.418714,-0.024208,0.608447,0.386552,-0.045551,0.640886,0.370559,-0.059954,0.670089,0.361423,-0.070906,0.563424,0.460752,-0.023985,0.609327,0.45655,-0.060282,0.576968,0.456777,-0.072899,0.547229,0.46043,-0.072198,0.558932,0.499951,-0.027932,0.610892,0.506673,-0.056366,0.643331,0.517091,-0.068298,0.675932,0.529254,-0.071448,0.545796,0.537856,-0.033538,0.584379,0.560885,-0.047765,0.604227,0.58257,-0.05201,0.629374,0.599073,-0.054671
8,0.441781,0.482287,0,0.457344,0.439266,-0.028559,0.491452,0.417886,-0.045706,0.520191,0.431829,-0.060341,0.545947,0.456826,-0.073359,0.559584,0.416938,-0.026155,0.607215,0.385042,-0.048432,0.639993,0.368933,-0.063255,0.669257,0.35953,-0.074439,0.563084,0.458588,-0.025797,0.608624,0.452958,-0.062282,0.576834,0.453102,-0.074723,0.548078,0.456612,-0.074232,0.559182,0.497701,-0.029751,0.611239,0.504812,-0.058603,0.642281,0.514403,-0.070576,0.673932,0.525125,-0.073876,0.546276,0.535708,-0.035462,0.583541,0.559722,-0.050731,0.603376,0.582334,-0.055979,0.628698,0.599063,-0.059299
8,0.441023,0.486352,0,0.457749,0.443239,-0.028129,0.492839,0.421343,-0.04568,0.522554,0.436373,-0.06107,0.547115,0.46538,-0.074855,0.559123,0.420757,-0.025068,0.607839,0.390659,-0.046255,0.640668,0.37461,-0.060164,0.670054,0.365426,-0.071004,0.562711,0.462058,-0.02476,0.609139,0.457487,-0.060568,0.578741,0.458246,-0.072761,0.550842,0.462008,-0.072379,0.558572,0.500968,-0.028609,0.61088,0.508976,-0.05722,0.641477,0.518803,-0.068633,0.671981,0.529017,-0.071616,0.545786,0.538946,-0.034186,0.582966,0.564515,-0.049877,0.602527,0.587724,-0.055378,0.62708,0.604618,-0.058798
8,0.442217,0.485856,0,0.458709,0.442346,-0.027631,0.494337,0.421211,-0.044192,0.524263,0.436431,-0.058605,0.549734,0.463449,-0.071364,0.560298,0.420057,-0.024185,0.608829,0.389406,-0.045123,0.641485,0.372962,-0.058667,0.670808,0.363255,-0.069161,0.563907,0.461734,-0.024115,0.609966,0.457048,-0.059521,0.579082,0.458044,-0.071474,0.550983,0.461655,-0.070877,0.559891,0.500913,-0.02824,0.612037,0.50857,-0.056666,0.642566,0.517551,-0.068187,0.673414,0.526841,-0.071175,0.546968,0.539208,-0.034075,0.583749,0.565323,-0.049593,0.603183,0.58894,-0.055166,0.62777,0.605461,-0.058607
8,0.442175,0.486488,0,0.459566,0.443778,-0.027386,0.495412,0.421506,-0.044299,0.526395,0.435081,-0.059239,0.553633,0.460863,-0.072759,0.561827,0.420142,-0.02143,0.60794,0.387804,-0.041837,0.639955,0.371442,-0.056087,0.668783,0.361731,-0.06728,0.565951,0.461604,-0.021728,0.613415,0.45774,-0.057349,0.583107,0.459143,-0.071155,0.554815,0.463724,-0.071811,0.561842,0.500798,-0.026104,0.614477,0.506894,-0.053427,0.646559,0.515364,-0.06598,0.678433,0.525137,-0.070248,0.548689,0.537925,-0.032282,0.58559,0.562903,-0.046569,0.605092,0.585701,-0.052174,0.628968,0.602881,-0.056122
8,0.441791,0.486103,0,0.459945,0.442764,-0.027691,0.495561,0.421185,-0.044659,0.527037,0.435239,-0.059706,0.553906,0.460961,-0.073384,0.561895,0.419614,-0.019992,0.60871,0.388826,-0.040057,0.641017,0.372823,-0.0546,0.670011,0.362703,-0.066124,0.566232,0.461719,-0.020249,0.615398,0.458015,-0.055539,0.585758,0.458447,-0.070166,0.557267,0.461977,-0.071486,0.562366,0.501089,-0.02459,0.614472,0.507224,-0.051066,0.647714,0.516128,-0.064074,0.680271,0.526385,-0.069036,0.549219,0.53818,-0.030864,0.585272,0.562378,-0.043996,0.604285,0.58461,-0.049284,0.627236,0.601211,-0.053416
8,0.443418,0.486424,0,0.460227,0.442942,-0.027588,0.495585,0.422102,-0.044257,0.525815,0.437268,-0.058804,0.552528,0.461407,-0.071735,0.561206,0.419617,-0.022647,0.607766,0.386993,-0.043817,0.640332,0.370307,-0.057982,0.669876,0.360968,-0.068947,0.5653,0.460987,-0.022843,0.612977,0.458188,-0.059682,0.580633,0.459828,-0.073187,0.551568,0.465026,-0.073108,0.561576,0.499641,-0.027153,0.614756,0.50685,-0.056242,0.645586,0.516611,-0.069056,0.676747,0.527439,-0.072777,0.548904,0.537369,-0.033099,0.586725,0.560586,-0.048232,0.606604,0.582993,-0.053855,0.630994,0.599311,-0.057528
8,0.430521,0.489029,0,0.446307,0.444863,-0.02714,0.480796,0.421291,-0.044403,0.509538,0.434102,-0.059436,0.532956,0.459994,-0.072902,0.549763,0.421211,-0.026882,0.599052,0.389207,-0.050474,0.633668,0.371465,-0.065122,0.663688,0.361151,-0.075774,0.553635,0.463343,-0.027319,0.601095,0.458257,-0.064992,0.56848,0.459195,-0.076259,0.539253,0.463797,-0.074236,0.549163,0.504138,-0.031959,0.603056,0.512322,-0.061803,0.634197,0.521293,-0.072672,0.666252,0.53086,-0.074565,0.536499,0.543056,-0.038166,0.574993,0.56888,-0.05466,0.595573,0.592615,-0.059811,0.621462,0.610379,-0.062408
8,0.399496,0.503735,0,0.417823,0.451725,-0.025883,0.456103,0.417472,-0.044249,0.485749,0.425107,-0.061139,0.515235,0.442439,-0.076657,0.541264,0.418706,-0.024008,0.598021,0.384983,-0.048547,0.635487,0.363896,-0.063729,0.669695,0.350515,-0.075271,0.546742,0.46604,-0.028437,0.602055,0.457734,-0.071052,0.564557,0.452873,-0.084954,0.529895,0.45597,-0.083382,0.539259,0.513341,-0.037374,0.60126,0.522265,-0.069955,0.639886,0.52886,-0.083685,0.67884,0.53719,-0.087987,0.52213,0.557064,-0.047677,0.565645,0.589489,-0.065797,0.591028,0.616203,-0.072245,0.622376,0.637046,-0.076492
8,0.396381,0.498561,0,0.415481,0.447247,-0.025721,0.453769,0.411783,-0.0452,0.483354,0.417415,-0.063507,0.511383,0.438843,-0.080524,0.539467,0.414358,-0.025183,0.596907,0.380094,-0.051166,0.634743,0.358001,-0.067233,0.669662,0.343575,-0.079264,0.544044,0.460715,-0.030098,0.598378,0.452829,-0.074056,0.560451,0.448528,-0.08846,0.525767,0.451845,-0.087097,0.536139,0.508377,-0.039579,0.598651,0.518206,-0.073764,0.637988,0.525689,-0.088453,0.677652,0.534234,-0.093083,0.519047,0.552879,-0.050252,0.562921,0.587674,-0.069421,0.58833,0.615752,-0.076385,0.619835,0.637088,-0.080817
8,0.398218,0.504902,0,0.41699,0.452411,-0.02942,0.455584,0.418358,-0.050446,0.484549,0.42636,-0.069599,0.51408,0.446093,-0.087465,0.541643,0.419798,-0.029422,0.599295,0.385858,-0.05603,0.637865,0.365448,-0.072501,0.672566,0.352855,-0.084965,0.546256,0.468997,-0.033151,0.601051,0.461063,-0.078205,0.562778,0.456325,-0.09312,0.52723,0.460048,-0.092148,0.538088,0.517353,-0.041605,0.600028,0.527264,-0.075718,0.638816,0.534068,-0.08969,0.678236,0.543669,-0.094181,0.519973,0.561656,-0.05177,0.562939,0.595121,-0.071102,0.588204,0.622664,-0.07799,0.619849,0.645025,-0.082562
8,0.39813,0.504953,0,0.416855,0.454745,-0.029548,0.454018,0.421049,-0.051164,0.483233,0.42669,-0.071083,0.511964,0.450296,-0.089767,0.540881,0.422852,-0.028871,0.597368,0.389338,-0.055782,0.63595,0.368672,-0.072955,0.671714,0.356065,-0.086081,0.544998,0.471081,-0.032183,0.597707,0.462132,-0.076751,0.559637,0.45667,-0.091553,0.526593,0.459409,-0.090881,0.537027,0.519393,-0.040302,0.597792,0.529711,-0.074359,0.636372,0.536176,-0.087932,0.676804,0.545086,-0.092151,0.519352,0.564334,-0.050123,0.561604,0.598205,-0.069251,0.585636,0.626784,-0.075597,0.61661,0.649817,-0.079697
8,0.397089,0.50451,0,0.416244,0.454132,-0.030241,0.453657,0.421381,-0.052123,0.48314,0.427781,-0.072237,0.512077,0.450375,-0.091098,0.540352,0.421805,-0.029629,0.596514,0.387193,-0.056712,0.635522,0.365849,-0.073861,0.671853,0.352842,-0.086991,0.544636,0.470221,-0.032739,0.598516,0.460293,-0.077787,0.559628,0.455347,-0.092516,0.525624,0.459318,-0.091567,0.536948,0.518551,-0.040698,0.598673,0.527114,-0.075127,0.638222,0.53292,-0.088962,0.679319,0.541925,-0.093158,0.519358,0.56371,-0.050428,0.562766,0.596468,-0.06951,0.587413,0.624714,-0.075894,0.618766,0.647643,-0.08003
8,0.399321,0.503333,0,0.417426,0.450375,-0.028485,0.456275,0.416275,-0.048661,0.485421,0.423962,-0.067128,0.514914,0.442607,-0.084266,0.54154,0.417056,-0.027955,0.600117,0.381693,-0.054003,0.638241,0.360795,-0.069964,0.672854,0.348144,-0.082113,0.546885,0.46596,-0.032063,0.601905,0.456591,-0.077369,0.56293,0.451003,-0.092305,0.527327,0.454691,-0.091139,0.539676,0.514443,-0.040829,0.602358,0.522573,-0.074664,0.641319,0.527266,-0.088346,0.681199,0.535463,-0.092632,0.52259,0.559233,-0.05131,0.566234,0.591339,-0.07032,0.591853,0.61827,-0.077066,0.623977,0.640322,-0.081515
8,0.40204,0.502167,0,0.419226,0.449815,-0.030263,0.456862,0.416308,-0.051386,0.486035,0.423885,-0.070551,0.517561,0.441993,-0.08836,0.543193,0.414129,-0.029277,0.601925,0.378501,-0.055028,0.640015,0.357581,-0.071117,0.674696,0.344089,-0.083591,0.548642,0.462909,-0.032577,0.604303,0.453061,-0.077442,0.567071,0.447509,-0.093035,0.532233,0.450067,-0.092793,0.541812,0.511206,-0.040614,0.604572,0.518729,-0.073935,0.64354,0.523366,-0.088106,0.683091,0.53087,-0.093147,0.525207,0.55603,-0.050551,0.568593,0.588087,-0.069598,0.594447,0.61493,-0.077133,0.626539,0.636236,-0.082393
8,0.403204,0.501765,0,0.420583,0.449374,-0.028995,0.45762,0.416046,-0.049417,0.486532,0.424077,-0.068006,0.516577,0.442208,-0.085151,0.543513,0.415038,-0.028443,0.600972,0.381323,-0.05501,0.63864,0.360112,-0.071684,0.672996,0.345679,-0.084131,0.548768,0.463035,-0.031994,0.603119,0.453946,-0.076566,0.565327,0.450694,-0.091664,0.531598,0.454344,-0.090962,0.542025,0.510678,-0.040291,0.603734,0.517032,-0.074067,0.642177,0.521659,-0.088403,0.681814,0.52846,-0.093076,0.525913,0.555719,-0.050297,0.569282,0.588028,-0.069323,0.594811,0.615288,-0.076612,0.626656,0.636215,-0.081396
8,0.400507,0.502366,0,0.417956,0.4518,-0.029392,0.455933,0.416022,-0.051364,0.485533,0.421321,-0.071557,0.51435,0.446062,-0.090259,0.542398,0.417478,-0.029586,0.601285,0.382782,-0.055855,0.638828,0.362428,-0.071757,0.673195,0.349938,-0.084057,0.547534,0.465225,-0.033333,0.602018,0.456106,-0.079413,0.562224,0.450814,-0.094382,0.526327,0.454254,-0.093199,0.540241,0.513285,-0.041732,0.602101,0.519799,-0.076092,0.640943,0.523573,-0.089497,0.681414,0.530356,-0.093627,0.522998,0.558376,-0.051843,0.566189,0.591405,-0.070933,0.591166,0.618877,-0.077582,0.62272,0.640191,-0.082029
8,0.401058,0.501603,0,0.41726,0.449628,-0.031993,0.454256,0.409677,-0.056116,0.484081,0.409807,-0.078107,0.512837,0.440521,-0.098541,0.541932,0.418222,-0.0316,0.598354,0.386005,-0.058336,0.634155,0.365159,-0.074817,0.667053,0.352567,-0.087774,0.54795,0.466443,-0.03434,0.604598,0.46024,-0.07996,0.565226,0.453631,-0.095357,0.529188,0.455894,-0.095143,0.540964,0.514933,-0.042,0.603867,0.522033,-0.075772,0.641818,0.523786,-0.08902,0.680606,0.529406,-0.093606,0.523214,0.560189,-0.051724,0.566154,0.595255,-0.071021,0.591269,0.62319,-0.078629,0.622961,0.644651,-0.084096
8,0.404513,0.502217,0,0.420362,0.451772,-0.032695,0.457678,0.416324,-0.056332,0.488638,0.414557,-0.077737,0.521653,0.43268,-0.097685,0.544719,0.42203,-0.032068,0.602218,0.389266,-0.059106,0.639485,0.369953,-0.075719,0.673629,0.357612,-0.088616,0.550115,0.471044,-0.034141,0.606509,0.465551,-0.080489,0.566173,0.461805,-0.096035,0.52927,0.465583,-0.09549,0.542998,0.519316,-0.0412,0.606242,0.526671,-0.075553,0.643192,0.529768,-0.08893,0.681442,0.536095,-0.093137,0.525669,0.564504,-0.05032,0.568485,0.599914,-0.069611,0.59329,0.627905,-0.077166,0.624868,0.649093,-0.082404
8,0.405769,0.501323,0,0.421926,0.449907,-0.031695,0.459639,0.413237,-0.054511,0.491677,0.412798,-0.075162,0.523032,0.437984,-0.094079,0.547342,0.421376,-0.02917,0.604196,0.390004,-0.05524,0.641041,0.370644,-0.071173,0.674371,0.358618,-0.083603,0.552681,0.470241,-0.031079,0.608166,0.463633,-0.075809,0.567941,0.45923,-0.089834,0.531022,0.462932,-0.088344,0.545171,0.518242,-0.03813,0.607441,0.524454,-0.071422,0.644445,0.526622,-0.083597,0.682535,0.532962,-0.087029,0.527331,0.562957,-0.047235,0.569867,0.59742,-0.065881,0.59415,0.624716,-0.072811,0.625231,0.646027,-0.077533
8,0.408138,0.498811,0,0.423229,0.447351,-0.032964,0.461108,0.408691,-0.056834,0.493591,0.407842,-0.078303,0.523579,0.43839,-0.098051,0.548419,0.420175,-0.030523,0.605373,0.390279,-0.057018,0.641144,0.370278,-0.073406,0.67352,0.357366,-0.086158,0.553554,0.469003,-0.0319,0.608861,0.462647,-0.076883,0.568961,0.457974,-0.091749,0.533036,0.461522,-0.09107,0.545995,0.516441,-0.038452,0.608414,0.52233,-0.072138,0.645141,0.52404,-0.085132,0.683082,0.530081,-0.089187,0.528076,0.561017,-0.047087,0.57143,0.595146,-0.065936,0.595299,0.622733,-0.073427,0.626167,0.644077,-0.078688
8,0.408227,0.497953,0,0.424004,0.44632,-0.033216,0.462618,0.409863,-0.05654,0.495549,0.409005,-0.077487,0.527887,0.434803,-0.09692,0.548173,0.419109,-0.030384,0.604754,0.388264,-0.055666,0.641415,0.369963,-0.071311,0.675251,0.359047,-0.084093,0.553965,0.468769,-0.032011,0.611042,0.462817,-0.076721,0.571456,0.458162,-0.092213,0.534342,0.461654,-0.092204,0.547247,0.516969,-0.038622,0.609533,0.522338,-0.071256,0.646718,0.524036,-0.084301,0.684437,0.530141,-0.088946,0.529751,0.561489,-0.047521,0.572204,0.595745,-0.065992,0.597206,0.622669,-0.073841,0.628568,0.643416,-0.079693
8,0.407392,0.498037,0,0.424194,0.446238,-0.033274,0.463711,0.410351,-0.056526,0.497197,0.409238,-0.0774,0.528955,0.435862,-0.096752,0.548336,0.420089,-0.030968,0.6042,0.387875,-0.056723,0.642108,0.369309,-0.072976,0.676981,0.358967,-0.0862,0.554393,0.469001,-0.032571,0.612463,0.465327,-0.077356,0.573589,0.45942,-0.092705,0.536722,0.460966,-0.092622,0.5478,0.517065,-0.039095,0.610001,0.523945,-0.071624,0.647518,0.525321,-0.084083,0.685539,0.530788,-0.088339,0.530355,0.561425,-0.04799,0.572592,0.595954,-0.065919,0.597152,0.622957,-0.073016,0.627507,0.643523,-0.078405
8,0.406615,0.494558,0,0.421658,0.443133,-0.03347,0.460818,0.407424,-0.056656,0.494537,0.407063,-0.07721,0.528269,0.430354,-0.096271,0.547411,0.416577,-0.031658,0.604824,0.386281,-0.057081,0.642506,0.368157,-0.072533,0.677616,0.358301,-0.085168,0.553698,0.466644,-0.033237,0.61178,0.463471,-0.078234,0.57217,0.456591,-0.093582,0.534975,0.458603,-0.093167,0.546516,0.514828,-0.039706,0.610249,0.522607,-0.07324,0.647835,0.526702,-0.086951,0.685774,0.534623,-0.091822,0.528846,0.558685,-0.04826,0.572391,0.593448,-0.067503,0.597269,0.621435,-0.075519,0.628046,0.642947,-0.081378
8,0.404926,0.491503,0,0.420998,0.441161,-0.03223,0.460129,0.403847,-0.055642,0.493525,0.402142,-0.076822,0.526563,0.428307,-0.09659,0.546448,0.417152,-0.030633,0.603978,0.387309,-0.056073,0.641196,0.368502,-0.071628,0.675872,0.357948,-0.084349,0.552514,0.46517,-0.033031,0.611649,0.46094,-0.078191,0.57159,0.452894,-0.093737,0.53356,0.455179,-0.093441,0.545149,0.512416,-0.040194,0.609375,0.521723,-0.073364,0.647532,0.525803,-0.086917,0.686057,0.534277,-0.091888,0.526966,0.555733,-0.049379,0.569536,0.591341,-0.068049,0.593869,0.619457,-0.075722,0.624223,0.641604,-0.081538
8,0.405894,0.49087,0,0.42248,0.439491,-0.032857,0.462226,0.402583,-0.056083,0.496176,0.400378,-0.076807,0.527951,0.426696,-0.096004,0.545979,0.414315,-0.031771,0.60244,0.385751,-0.05757,0.640447,0.366728,-0.073137,0.67604,0.356112,-0.085841,0.552666,0.461783,-0.033854,0.612434,0.459403,-0.078916,0.573279,0.451587,-0.093779,0.53541,0.452954,-0.092966,0.545687,0.509082,-0.040765,0.608978,0.517948,-0.074246,0.647208,0.521903,-0.087505,0.685527,0.529682,-0.092175,0.528226,0.552743,-0.049779,0.570612,0.588467,-0.068646,0.59486,0.616511,-0.076159,0.62458,0.638365,-0.081865
8,0.409203,0.490859,0,0.425061,0.44068,-0.032511,0.464202,0.403032,-0.055588,0.499058,0.398847,-0.076163,0.531584,0.424752,-0.0951,0.548588,0.414484,-0.030392,0.605623,0.385734,-0.056073,0.643519,0.365981,-0.071645,0.67862,0.354867,-0.084234,0.555432,0.461995,-0.032464,0.615663,0.458824,-0.077337,0.577796,0.449805,-0.092237,0.540907,0.450466,-0.091321,0.548673,0.509017,-0.039385,0.612088,0.517104,-0.072674,0.650216,0.51991,-0.08532,0.68815,0.527008,-0.089438,0.531362,0.552909,-0.048423,0.574336,0.58764,-0.067223,0.598847,0.615407,-0.074334,0.628657,0.637312,-0.079544
8,0.410567,0.495194,0,0.426964,0.443294,-0.032598,0.466075,0.407228,-0.055355,0.500256,0.404914,-0.075742,0.532386,0.429914,-0.094762,0.549976,0.419225,-0.029681,0.605314,0.38951,-0.054683,0.642149,0.370583,-0.070486,0.676358,0.359731,-0.083456,0.556706,0.467278,-0.031586,0.615546,0.463029,-0.075374,0.578573,0.454956,-0.090878,0.542408,0.455517,-0.091103,0.550255,0.514115,-0.038328,0.612427,0.52135,-0.070681,0.649782,0.52339,-0.083999,0.686712,0.529227,-0.088981,0.53325,0.557246,-0.047245,0.575214,0.591458,-0.06572,0.599454,0.618463,-0.073548,0.628671,0.639013,-0.079457
8,0.406228,0.493703,0,0.422137,0.443465,-0.032185,0.461001,0.40632,-0.055357,0.494367,0.402835,-0.07607,0.526969,0.427138,-0.095233,0.546126,0.419728,-0.031138,0.603604,0.390881,-0.057728,0.641004,0.37064,-0.073831,0.675221,0.358836,-0.08645,0.552303,0.466597,-0.033125,0.610465,0.462226,-0.078541,0.570665,0.453351,-0.093227,0.532714,0.45502,-0.092123,0.544921,0.512904,-0.04007,0.608834,0.52116,-0.073983,0.645968,0.523272,-0.086915,0.682872,0.530274,-0.091078,0.527505,0.555827,-0.048999,0.570398,0.59053,-0.06834,0.595147,0.61833,-0.075993,0.625627,0.640789,-0.081483
8,0.406643,0.494486,0,0.422176,0.443813,-0.033534,0.460888,0.405988,-0.057394,0.495087,0.403499,-0.078549,0.527535,0.428918,-0.09821,0.546704,0.418759,-0.032296,0.603839,0.391185,-0.058744,0.641161,0.371279,-0.074784,0.675667,0.359309,-0.087543,0.553564,0.467116,-0.034011,0.612668,0.462679,-0.079296,0.573377,0.453411,-0.094653,0.535935,0.454455,-0.09425,0.546428,0.514237,-0.040647,0.60922,0.521768,-0.074507,0.64675,0.524143,-0.088188,0.684119,0.530838,-0.09311,0.528998,0.557364,-0.049345,0.572108,0.591377,-0.068774,0.596614,0.619316,-0.076723,0.626549,0.641464,-0.0826
8,0.409921,0.495698,0,0.426973,0.44374,-0.032438,0.4664,0.40781,-0.055313,0.5002,0.405863,-0.075899,0.532337,0.432234,-0.095086,0.550041,0.419966,-0.02969,0.604608,0.390354,-0.055252,0.64164,0.370985,-0.071587,0.676152,0.359543,-0.084741,0.556258,0.467417,-0.031757,0.615752,0.465203,-0.07545,0.579376,0.457325,-0.090791,0.543351,0.457065,-0.090895,0.549442,0.514195,-0.038692,0.611522,0.522075,-0.070648,0.649492,0.524209,-0.083362,0.686914,0.530054,-0.087923,0.53209,0.557655,-0.047889,0.574757,0.592363,-0.065608,0.599377,0.61933,-0.072667,0.628805,0.639625,-0.078089
8,0.411419,0.496175,0,0.428942,0.443427,-0.03246,0.469277,0.408112,-0.054999,0.503804,0.407081,-0.0752,0.534088,0.434556,-0.094026,0.550808,0.420517,-0.029593,0.604807,0.391526,-0.054976,0.64202,0.372077,-0.071137,0.676974,0.360938,-0.084257,0.557428,0.468156,-0.03168,0.617518,0.467216,-0.075051,0.581781,0.45926,-0.090385,0.545828,0.458574,-0.090513,0.550696,0.515023,-0.038574,0.612375,0.522951,-0.070295,0.650063,0.525433,-0.083227,0.686902,0.531346,-0.087967,0.533573,0.558215,-0.047758,0.57583,0.592868,-0.065262,0.600543,0.619939,-0.072513,0.629788,0.640217,-0.078174
8,0.406769,0.392869,0,0.418162,0.445931,-0.031226,0.447923,0.484701,-0.048199,0.480904,0.474395,-0.061632,0.507219,0.453544,-0.073572,0.529451,0.481697,-0.032405,0.585809,0.510705,-0.04971,0.619229,0.532076,-0.060192,0.649606,0.552154,-0.070279,0.541128,0.439348,-0.034119,0.584538,0.451393,-0.069477,0.554307,0.450621,-0.083705,0.526414,0.446497,-0.085308,0.539189,0.396345,-0.039675,0.599871,0.396953,-0.068656,0.634368,0.402938,-0.085579,0.665996,0.408024,-0.093567,0.525659,0.351969,-0.047473,0.571424,0.325288,-0.068909,0.598115,0.308336,-0.080938,0.627908,0.2951,-0.088805
8,0.40475,0.40948,0,0.416389,0.462031,-0.027811,0.445879,0.503372,-0.04319,0.47864,0.49378,-0.055675,0.502632,0.469526,-0.066589,0.529358,0.500297,-0.026898,0.585402,0.527317,-0.04385,0.616976,0.550486,-0.053819,0.645278,0.573135,-0.063069,0.540161,0.458993,-0.029828,0.582933,0.47166,-0.065935,0.551996,0.470072,-0.079398,0.523295,0.46595,-0.079313,0.538126,0.416747,-0.036585,0.597588,0.417591,-0.065604,0.633072,0.425636,-0.081747,0.665397,0.43361,-0.088449,0.524678,0.373296,-0.045343,0.570811,0.348148,-0.065719,0.597808,0.331822,-0.076538,0.627972,0.319247,-0.083204
8,0.407673,0.417644,0,0.419436,0.472047,-0.02944,0.447678,0.512674,-0.045979,0.480237,0.502507,-0.059436,0.506104,0.480376,-0.071375,0.530929,0.509348,-0.02948,0.586502,0.536334,-0.045676,0.617485,0.557158,-0.055077,0.645755,0.57697,-0.064549,0.541042,0.467269,-0.032214,0.585289,0.479404,-0.067675,0.551664,0.47767,-0.08135,0.521585,0.473599,-0.082342,0.538231,0.424264,-0.038726,0.598925,0.426007,-0.067364,0.630897,0.432479,-0.083052,0.661215,0.440446,-0.090299,0.524169,0.380022,-0.04752,0.567861,0.355024,-0.068297,0.593745,0.339052,-0.079878,0.623305,0.327189,-0.087712
8,0.410364,0.418198,0,0.422606,0.47071,-0.030698,0.452643,0.507104,-0.047258,0.485922,0.495146,-0.060691,0.512002,0.475179,-0.072453,0.532826,0.501705,-0.028594,0.587167,0.529244,-0.044698,0.618758,0.548285,-0.054544,0.647095,0.566391,-0.064284,0.542065,0.460525,-0.030364,0.58673,0.470444,-0.064203,0.557364,0.470956,-0.078093,0.529691,0.469631,-0.079896,0.538348,0.419079,-0.036137,0.597822,0.417964,-0.063804,0.629941,0.421232,-0.07917,0.659355,0.426255,-0.086225,0.523209,0.376675,-0.04441,0.565839,0.35244,-0.065073,0.591512,0.336482,-0.076724,0.620167,0.324407,-0.084355
8,0.402008,0.420411,0,0.416152,0.47163,-0.029736,0.446826,0.506632,-0.046193,0.477014,0.494043,-0.059741,0.501471,0.472915,-0.071741,0.528141,0.499907,-0.02824,0.584388,0.521137,-0.044497,0.618546,0.536568,-0.054216,0.649443,0.551002,-0.063905,0.536307,0.456918,-0.030544,0.580578,0.461777,-0.064766,0.549073,0.461923,-0.077718,0.520215,0.461205,-0.078386,0.531365,0.414793,-0.036814,0.590114,0.410837,-0.064187,0.621762,0.414324,-0.07842,0.651856,0.419632,-0.084669,0.514657,0.372638,-0.045581,0.556434,0.344919,-0.065978,0.581112,0.327253,-0.076754,0.609388,0.313504,-0.083663
8,0.403473,0.418299,0,0.417373,0.469162,-0.0298,0.44724,0.503332,-0.046296,0.47639,0.488594,-0.059718,0.499399,0.464015,-0.071514,0.528646,0.495755,-0.029964,0.584803,0.518314,-0.047009,0.619143,0.533872,-0.056672,0.65021,0.548076,-0.066176,0.53625,0.45334,-0.03227,0.578571,0.458229,-0.067619,0.545426,0.456106,-0.080264,0.516703,0.454246,-0.080481,0.530498,0.411658,-0.038522,0.588407,0.407333,-0.066916,0.619493,0.409193,-0.080929,0.650571,0.413347,-0.086785,0.513467,0.369967,-0.047184,0.554483,0.342198,-0.068115,0.578635,0.324331,-0.078655,0.60779,0.310861,-0.085244
8,0.405931,0.421846,0,0.419966,0.470852,-0.030293,0.450152,0.50429,-0.046798,0.479723,0.492105,-0.060035,0.503463,0.470546,-0.071484,0.530263,0.497839,-0.030343,0.585678,0.521896,-0.047772,0.62045,0.538616,-0.058029,0.651766,0.553226,-0.067585,0.538294,0.456082,-0.031751,0.579206,0.461628,-0.066643,0.549754,0.462194,-0.079483,0.522637,0.461217,-0.080032,0.533541,0.414985,-0.03713,0.590256,0.409706,-0.065387,0.622101,0.410942,-0.079864,0.651875,0.413059,-0.085866,0.517324,0.374004,-0.044878,0.559113,0.345878,-0.065778,0.583766,0.327547,-0.076514,0.611964,0.312891,-0.08294
8,0.407726,0.423023,0,0.421675,0.473088,-0.030034,0.452071,0.506829,-0.04646,0.481793,0.495173,-0.059817,0.506352,0.474828,-0.071478,0.531381,0.501295,-0.02928,0.58719,0.524744,-0.046071,0.622229,0.54133,-0.055977,0.653617,0.556083,-0.065543,0.539509,0.459569,-0.031178,0.58204,0.465031,-0.065753,0.552474,0.465911,-0.078986,0.524662,0.465477,-0.079875,0.535088,0.418177,-0.037063,0.592707,0.414511,-0.065212,0.625558,0.41702,-0.080335,0.655932,0.420948,-0.08699,0.519362,0.376939,-0.045322,0.560856,0.349914,-0.066239,0.585679,0.332086,-0.077416,0.613527,0.317739,-0.084423
8,0.40624,0.420505,0,0.420308,0.470766,-0.029157,0.450772,0.505151,-0.045157,0.48082,0.492462,-0.058099,0.504773,0.470013,-0.069432,0.530144,0.498266,-0.028779,0.585592,0.520784,-0.045167,0.619931,0.537533,-0.054765,0.65115,0.552387,-0.064163,0.537966,0.45689,-0.031015,0.579816,0.462767,-0.065553,0.549761,0.464088,-0.07886,0.522122,0.463077,-0.079746,0.533267,0.415732,-0.037059,0.589868,0.412658,-0.065282,0.62324,0.415726,-0.080711,0.654515,0.419469,-0.087595,0.517248,0.374772,-0.045309,0.55857,0.34741,-0.066132,0.583275,0.329166,-0.077227,0.611366,0.314076,-0.084248
8,0.406662,0.419958,0,0.421147,0.470464,-0.028027,0.451881,0.504117,-0.043605,0.481757,0.490005,-0.056348,0.504582,0.466735,-0.06754,0.530297,0.497447,-0.027898,0.585603,0.520281,-0.044129,0.61971,0.537677,-0.053607,0.65087,0.552192,-0.062815,0.537968,0.455559,-0.030501,0.578257,0.460465,-0.065141,0.547515,0.461922,-0.078307,0.520002,0.460475,-0.079014,0.533393,0.414219,-0.036802,0.589078,0.410479,-0.064746,0.621921,0.413188,-0.079546,0.653118,0.416021,-0.08598,0.517437,0.373241,-0.045231,0.558412,0.345589,-0.065522,0.582762,0.327397,-0.075906,0.6108,0.311993,-0.082369
9,0.395908,0.543834,0,0.416751,0.491032,-0.017359,0.451977,0.447402,-0.032795,0.482468,0.423806,-0.04949,0.514966,0.422125,-0.064197,0.522926,0.488368,-0.016619,0.567201,0.469685,-0.046678,0.554936,0.44582,-0.070078,0.533851,0.430564,-0.08226,0.532818,0.523155,-0.021578,0.595032,0.513223,-0.041448,0.631879,0.498777,-0.05711,0.663453,0.487074,-0.068128,0.527193,0.561641,-0.030858,0.586363,0.565401,-0.049951,0.625293,0.564501,-0.063779,0.660359,0.5651,-0.072715,0.50914,0.598267,-0.041717,0.550049,0.630382,-0.053653,0.575322,0.654654,-0.059226,0.599506,0.676699,-0.063284
9,0.395896,0.548554,0,0.418086,0.497073,-0.017981,0.454326,0.454304,-0.033698,0.486657,0.430758,-0.050752,0.519578,0.430973,-0.065726,0.524538,0.495991,-0.01542,0.569123,0.478837,-0.046488,0.557844,0.455223,-0.070755,0.537056,0.440297,-0.083385,0.534376,0.530578,-0.020237,0.596489,0.521719,-0.04015,0.633181,0.507765,-0.055787,0.664751,0.496488,-0.066866,0.528911,0.568756,-0.029727,0.587409,0.572469,-0.048765,0.625858,0.57122,-0.062201,0.660651,0.571688,-0.070949,0.51102,0.604832,-0.04101,0.55174,0.636417,-0.053063,0.576248,0.660845,-0.058582,0.599568,0.683568,-0.062572
9,0.400247,0.548499,0,0.421435,0.496272,-0.016555,0.457021,0.453846,-0.031693,0.488598,0.430305,-0.048396,0.521252,0.429332,-0.063164,0.525989,0.494444,-0.01443,0.570522,0.478802,-0.044337,0.561037,0.456557,-0.067823,0.541352,0.441957,-0.080068,0.536169,0.529193,-0.01957,0.59758,0.520199,-0.038293,0.634257,0.506897,-0.053267,0.665192,0.495742,-0.064027,0.531197,0.567722,-0.02918,0.589574,0.570995,-0.046986,0.628177,0.570255,-0.059908,0.662772,0.570834,-0.0685,0.51402,0.604209,-0.04048,0.554853,0.635533,-0.051682,0.579932,0.659124,-0.056843,0.603781,0.680606,-0.060685
9,0.402895,0.543021,0,0.423455,0.491524,-0.018399,0.459159,0.448944,-0.034395,0.492269,0.425014,-0.051431,0.525181,0.426013,-0.066318,0.528083,0.489828,-0.016014,0.572046,0.473833,-0.047971,0.562938,0.451604,-0.072209,0.544384,0.437276,-0.084558,0.53754,0.524188,-0.020568,0.599665,0.515341,-0.041234,0.636345,0.503402,-0.055644,0.668758,0.494062,-0.065195,0.53166,0.56116,-0.02995,0.590288,0.564732,-0.04882,0.628679,0.564117,-0.060047,0.664196,0.565013,-0.066704,0.513451,0.595266,-0.041272,0.556763,0.619502,-0.052741,0.584512,0.636872,-0.056777,0.611116,0.653424,-0.059242
9,0.403984,0.541166,0,0.423512,0.488268,-0.01883,0.459809,0.445365,-0.034769,0.493039,0.422787,-0.051801,0.525673,0.423516,-0.066828,0.528094,0.485612,-0.017063,0.572613,0.470019,-0.050252,0.563004,0.448403,-0.075027,0.543823,0.43438,-0.087409,0.537314,0.519523,-0.021779,0.600821,0.512296,-0.043413,0.638141,0.502466,-0.058249,0.671401,0.494782,-0.067881,0.531822,0.555061,-0.031424,0.591001,0.55779,-0.050935,0.629288,0.557723,-0.062534,0.665031,0.558911,-0.069227,0.514729,0.587243,-0.043082,0.559823,0.606505,-0.0552,0.587726,0.621854,-0.059422,0.613846,0.637374,-0.061827
9,0.404827,0.537586,0,0.425477,0.48515,-0.018301,0.462205,0.441455,-0.03373,0.495233,0.418723,-0.050402,0.528227,0.418198,-0.065211,0.530556,0.48015,-0.015527,0.574971,0.464013,-0.0471,0.566905,0.443256,-0.071268,0.548635,0.429817,-0.083707,0.539905,0.514949,-0.020267,0.602226,0.506478,-0.040976,0.639531,0.494889,-0.056149,0.671489,0.485787,-0.066492,0.534411,0.551428,-0.029825,0.593743,0.553011,-0.048951,0.632733,0.551116,-0.06133,0.66825,0.550841,-0.068919,0.517184,0.585041,-0.041308,0.561577,0.605951,-0.053549,0.5896,0.622475,-0.058617,0.615623,0.63859,-0.061906
9,0.408827,0.536023,0,0.428024,0.48384,-0.018778,0.464151,0.440154,-0.034513,0.497545,0.417448,-0.051408,0.530424,0.41778,-0.066256,0.532558,0.477821,-0.016489,0.576284,0.461726,-0.048404,0.567251,0.441287,-0.072403,0.549031,0.427883,-0.084417,0.542066,0.512705,-0.020753,0.604588,0.505481,-0.041124,0.642244,0.496849,-0.055694,0.675224,0.489977,-0.065479,0.536559,0.549748,-0.029871,0.595953,0.550951,-0.048818,0.634167,0.548596,-0.061148,0.669038,0.547248,-0.068498,0.519255,0.584513,-0.040937,0.563336,0.607331,-0.052955,0.591194,0.624374,-0.058207,0.617251,0.640657,-0.061481
9,0.409509,0.542198,0,0.430036,0.490976,-0.018654,0.465409,0.448766,-0.034596,0.4987,0.425468,-0.051837,0.531426,0.426558,-0.066923,0.533655,0.484029,-0.015207,0.577893,0.470598,-0.04744,0.569198,0.451866,-0.071872,0.551142,0.440214,-0.084214,0.542958,0.519851,-0.019603,0.604879,0.512884,-0.039929,0.641853,0.50373,-0.054644,0.673943,0.49673,-0.064639,0.537232,0.558524,-0.029007,0.596016,0.562364,-0.047745,0.633798,0.561843,-0.059695,0.668269,0.562412,-0.066926,0.519651,0.595007,-0.040414,0.562358,0.620732,-0.05211,0.589738,0.63937,-0.057074,0.615769,0.656988,-0.060244
9,0.406809,0.542002,0,0.427655,0.49046,-0.018679,0.463269,0.44788,-0.034698,0.496423,0.424568,-0.052025,0.529461,0.426642,-0.067188,0.53179,0.485681,-0.015256,0.576277,0.472364,-0.04675,0.567235,0.452008,-0.071121,0.548642,0.438596,-0.083674,0.541602,0.520702,-0.019536,0.603242,0.512189,-0.039598,0.640771,0.501305,-0.054895,0.672658,0.492407,-0.065494,0.536191,0.5592,-0.028698,0.595705,0.562758,-0.04735,0.634007,0.562712,-0.060043,0.668397,0.564075,-0.067931,0.518913,0.595852,-0.03979,0.561692,0.622761,-0.05173,0.588892,0.642625,-0.057161,0.614499,0.661467,-0.060737
9,0.406995,0.537409,0,0.426903,0.486283,-0.017504,0.462427,0.443929,-0.032866,0.493861,0.4205,-0.04936,0.52719,0.413506,-0.063859,0.531908,0.481415,-0.017015,0.575181,0.464846,-0.047552,0.56207,0.443618,-0.070856,0.541562,0.429835,-0.082726,0.541788,0.516907,-0.02206,0.603862,0.507656,-0.04171,0.640803,0.49587,-0.056688,0.673316,0.486432,-0.067143,0.535908,0.55502,-0.03154,0.595038,0.558299,-0.050552,0.63396,0.557152,-0.063867,0.669666,0.557305,-0.072243,0.517788,0.59142,-0.042607,0.560239,0.619796,-0.054448,0.587292,0.640166,-0.059703,0.613479,0.658605,-0.063374
9,0.404729,0.536588,0,0.424814,0.484539,-0.017607,0.460586,0.440673,-0.032861,0.491312,0.416995,-0.049298,0.523779,0.416711,-0.063444,0.531235,0.477507,-0.016833,0.57602,0.461893,-0.048082,0.561447,0.441529,-0.071615,0.539545,0.429358,-0.083516,0.540345,0.5127,-0.021981,0.603229,0.502568,-0.043091,0.6403,0.488939,-0.05908,0.672262,0.477742,-0.069987,0.534145,0.551085,-0.031672,0.5944,0.553573,-0.051941,0.633945,0.552351,-0.066082,0.670128,0.55284,-0.074811,0.515995,0.587819,-0.042896,0.558984,0.615619,-0.055637,0.586379,0.63619,-0.061617,0.612931,0.655132,-0.065718
9,0.408597,0.533965,0,0.427632,0.481651,-0.017725,0.462794,0.43738,-0.033054,0.493465,0.412121,-0.049673,0.524786,0.415107,-0.063774,0.534135,0.472904,-0.015486,0.579449,0.456456,-0.047203,0.562564,0.438382,-0.07071,0.53928,0.429675,-0.082348,0.543342,0.508353,-0.020366,0.605813,0.497364,-0.041577,0.642379,0.484104,-0.057534,0.674805,0.473594,-0.068273,0.537346,0.546809,-0.029968,0.597278,0.5483,-0.050511,0.636161,0.546935,-0.064588,0.671987,0.547563,-0.07298,0.519839,0.583446,-0.041103,0.563516,0.610596,-0.053867,0.590784,0.630712,-0.059902,0.617265,0.649778,-0.06386
9,0.411397,0.529519,0,0.430637,0.478011,-0.018425,0.465938,0.434273,-0.033792,0.497239,0.409014,-0.050323,0.528352,0.412193,-0.064214,0.537028,0.472847,-0.014875,0.582284,0.455936,-0.047636,0.564833,0.437618,-0.071817,0.54091,0.429768,-0.083704,0.546032,0.507023,-0.019587,0.608029,0.495848,-0.041397,0.643527,0.48151,-0.057169,0.676155,0.470357,-0.067497,0.540133,0.543763,-0.029353,0.599604,0.545334,-0.0501,0.638066,0.542094,-0.063364,0.674384,0.541391,-0.071062,0.522617,0.577931,-0.040874,0.566893,0.602946,-0.053545,0.593814,0.621477,-0.05902,0.62014,0.639508,-0.062466
9,0.412801,0.52533,0,0.432202,0.474182,-0.017198,0.466575,0.431663,-0.032506,0.497234,0.406591,-0.049106,0.528192,0.407963,-0.063419,0.537329,0.469307,-0.015302,0.582283,0.451803,-0.047741,0.566617,0.433144,-0.071961,0.543924,0.423787,-0.083833,0.546539,0.503656,-0.020347,0.608615,0.491703,-0.041379,0.64455,0.478318,-0.056962,0.676977,0.467681,-0.067298,0.540758,0.540794,-0.030097,0.600285,0.54117,-0.049982,0.638897,0.537795,-0.063131,0.674496,0.536473,-0.070884,0.523384,0.575525,-0.041449,0.568177,0.600345,-0.053473,0.595482,0.618583,-0.058494,0.621604,0.635999,-0.061622
9,0.408984,0.526151,0,0.428551,0.474064,-0.01853,0.463965,0.430318,-0.034484,0.496528,0.404637,-0.051681,0.528227,0.405589,-0.066576,0.53469,0.47019,-0.015681,0.582011,0.453233,-0.049087,0.568011,0.433663,-0.073457,0.545235,0.423478,-0.085204,0.543622,0.502953,-0.020296,0.607263,0.49191,-0.041709,0.643438,0.478592,-0.056494,0.676126,0.467564,-0.066072,0.538014,0.537672,-0.030019,0.598022,0.537246,-0.049443,0.636986,0.533611,-0.061197,0.673184,0.531728,-0.068024,0.521089,0.569658,-0.041701,0.567249,0.586893,-0.0535,0.595904,0.600168,-0.057981,0.622934,0.613579,-0.060636
9,0.409091,0.524868,0,0.429443,0.473916,-0.017268,0.464858,0.431801,-0.032536,0.49695,0.407808,-0.049123,0.528848,0.407449,-0.063604,0.535181,0.471921,-0.015513,0.582227,0.456056,-0.047443,0.569337,0.436364,-0.071015,0.548105,0.424519,-0.082467,0.543751,0.506052,-0.020518,0.6063,0.495627,-0.040939,0.642304,0.482205,-0.055808,0.674636,0.470939,-0.065676,0.537511,0.541899,-0.030258,0.597415,0.542571,-0.049481,0.63631,0.538594,-0.06211,0.671612,0.536335,-0.069642,0.5201,0.57498,-0.04169,0.565743,0.597791,-0.053726,0.594185,0.614643,-0.058912,0.620909,0.630845,-0.062127
9,0.410659,0.531232,0,0.429362,0.476446,-0.016742,0.461925,0.432815,-0.030525,0.494717,0.410115,-0.045856,0.525407,0.414868,-0.058724,0.531218,0.451199,-0.010422,0.578178,0.435729,-0.040184,0.566947,0.429321,-0.063241,0.54755,0.429102,-0.075018,0.542854,0.489343,-0.014848,0.603521,0.47534,-0.033179,0.637864,0.46311,-0.048779,0.667836,0.45238,-0.059976,0.540225,0.53157,-0.024031,0.598113,0.529387,-0.041935,0.634465,0.525018,-0.055095,0.667021,0.521631,-0.063498,0.525978,0.574934,-0.034949,0.567368,0.600203,-0.045974,0.592777,0.618792,-0.051498,0.617066,0.635429,-0.05539
9,0.420117,0.521003,0,0.437734,0.468367,-0.016365,0.467681,0.427638,-0.030179,0.501074,0.40704,-0.045627,0.530765,0.416453,-0.058446,0.535963,0.445241,-0.009717,0.583978,0.428399,-0.039693,0.572861,0.424347,-0.062378,0.55284,0.427822,-0.073698,0.548257,0.480917,-0.013587,0.607973,0.464899,-0.032034,0.641051,0.454015,-0.046655,0.671131,0.445012,-0.056852,0.546954,0.520531,-0.022178,0.602956,0.517102,-0.039438,0.637313,0.513109,-0.050687,0.66905,0.509951,-0.057652,0.533881,0.561191,-0.032641,0.572539,0.584231,-0.042246,0.596875,0.601487,-0.046347,0.620383,0.61772,-0.049206
9,0.420645,0.516896,0,0.438373,0.464696,-0.016558,0.46893,0.42356,-0.030074,0.502104,0.403764,-0.045145,0.531586,0.412753,-0.05757,0.537182,0.440088,-0.009829,0.584386,0.422962,-0.039616,0.572822,0.419476,-0.062184,0.553223,0.423258,-0.073539,0.549264,0.474917,-0.013792,0.609877,0.458034,-0.032333,0.642352,0.44732,-0.047178,0.671734,0.438898,-0.057598,0.547834,0.514235,-0.022487,0.604068,0.509727,-0.040306,0.638505,0.505438,-0.052272,0.670272,0.502707,-0.059688,0.534937,0.555852,-0.033025,0.574721,0.57843,-0.043313,0.599016,0.595866,-0.048044,0.622459,0.612282,-0.051385
9,0.420389,0.516576,0,0.438744,0.464656,-0.016413,0.469682,0.423729,-0.029895,0.502993,0.403505,-0.045035,0.532554,0.412118,-0.057497,0.537336,0.441664,-0.009307,0.58523,0.424925,-0.038918,0.573431,0.420129,-0.061186,0.553053,0.423017,-0.072227,0.549437,0.47577,-0.013219,0.609702,0.459203,-0.03163,0.641931,0.447902,-0.046226,0.671106,0.439246,-0.056356,0.548293,0.514599,-0.021921,0.604461,0.509771,-0.039723,0.638823,0.504817,-0.051683,0.67067,0.501587,-0.059017,0.535856,0.555251,-0.03245,0.575238,0.578132,-0.042596,0.599383,0.595977,-0.047294,0.622672,0.612704,-0.050604
9,0.419232,0.517854,0,0.437235,0.464005,-0.015679,0.468357,0.422352,-0.028518,0.502388,0.40245,-0.042913,0.532705,0.410331,-0.054705,0.534462,0.443192,-0.009022,0.581913,0.427695,-0.037455,0.571634,0.421705,-0.059177,0.552814,0.422127,-0.070177,0.546711,0.478189,-0.013111,0.606312,0.462078,-0.030886,0.639336,0.450433,-0.045425,0.668948,0.439886,-0.055622,0.545652,0.517232,-0.02174,0.60161,0.512955,-0.038722,0.636089,0.508569,-0.050371,0.667692,0.504511,-0.057687,0.533107,0.557872,-0.032118,0.572528,0.581149,-0.041892,0.597264,0.598587,-0.046394,0.621001,0.614293,-0.049583
9,0.413699,0.519622,0,0.433481,0.468702,-0.019095,0.468661,0.426443,-0.033845,0.504452,0.404942,-0.049376,0.536311,0.4127,-0.061958,0.534741,0.452994,-0.013275,0.58273,0.442668,-0.043439,0.568562,0.43351,-0.065532,0.547686,0.430027,-0.076282,0.544251,0.49039,-0.016172,0.604267,0.480812,-0.034204,0.637732,0.471568,-0.047983,0.668174,0.462042,-0.057625,0.539726,0.529745,-0.024182,0.597132,0.528984,-0.042011,0.632547,0.525887,-0.054053,0.664978,0.522345,-0.061497,0.524642,0.567977,-0.034087,0.565595,0.593403,-0.045651,0.59086,0.612559,-0.05146,0.614832,0.629228,-0.055297
9,0.415495,0.513909,0,0.435343,0.465004,-0.017867,0.472666,0.425154,-0.03151,0.507395,0.4038,-0.046033,0.538191,0.41031,-0.057833,0.537084,0.465418,-0.010743,0.581361,0.456924,-0.039925,0.571189,0.43882,-0.061421,0.553234,0.425877,-0.071556,0.544083,0.497986,-0.013917,0.602707,0.492214,-0.031791,0.637419,0.483004,-0.044605,0.668399,0.474455,-0.05276,0.537753,0.532742,-0.022198,0.594857,0.535047,-0.039929,0.630199,0.531764,-0.05123,0.661397,0.529095,-0.057397,0.521298,0.565459,-0.032299,0.563767,0.591017,-0.04374,0.589415,0.610039,-0.048893,0.613653,0.627543,-0.051712
9,0.414881,0.516701,0,0.436836,0.46776,-0.016533,0.474975,0.42948,-0.029488,0.509947,0.410593,-0.043669,0.540952,0.416135,-0.055261,0.537338,0.473747,-0.009405,0.5818,0.465656,-0.037976,0.572423,0.447284,-0.059179,0.555562,0.43413,-0.069281,0.544425,0.505243,-0.013109,0.601969,0.500487,-0.030258,0.635583,0.49133,-0.042399,0.665521,0.482279,-0.05041,0.538275,0.538127,-0.021896,0.594474,0.540655,-0.038566,0.630145,0.537111,-0.049335,0.661745,0.533572,-0.055563,0.521938,0.568995,-0.032547,0.564563,0.594793,-0.043206,0.590425,0.613088,-0.048361,0.614354,0.629439,-0.051502
9,0.416723,0.519707,0,0.438101,0.471777,-0.017258,0.475113,0.434075,-0.030995,0.509836,0.414702,-0.045853,0.541661,0.418995,-0.058229,0.538068,0.477579,-0.0118,0.582879,0.469668,-0.041399,0.573504,0.451407,-0.0631,0.556072,0.438331,-0.073437,0.545309,0.508893,-0.015383,0.603438,0.504494,-0.033641,0.637031,0.494586,-0.046401,0.666627,0.484911,-0.054716,0.539397,0.541676,-0.023946,0.596209,0.543763,-0.041406,0.63196,0.539204,-0.052268,0.663667,0.534991,-0.058483,0.523292,0.572468,-0.034381,0.566118,0.597901,-0.045418,0.592126,0.616218,-0.050585,0.616284,0.632823,-0.053696
9,0.399131,0.362652,0,0.421246,0.423332,-0.014174,0.458019,0.465085,-0.023271,0.492111,0.486577,-0.034635,0.523262,0.504642,-0.044726,0.527758,0.449261,-0.012557,0.571088,0.483554,-0.040427,0.560902,0.494628,-0.060845,0.537137,0.4919,-0.070293,0.542097,0.410203,-0.018886,0.606325,0.425151,-0.035737,0.643812,0.436312,-0.049305,0.676168,0.443653,-0.058705,0.539666,0.371765,-0.029252,0.599015,0.367559,-0.044592,0.639147,0.369797,-0.054773,0.671961,0.374349,-0.06126,0.523348,0.331603,-0.041647,0.567527,0.307552,-0.053396,0.599029,0.296223,-0.057861,0.626702,0.289824,-0.060031
9,0.398006,0.37022,0,0.420644,0.431828,-0.013634,0.457423,0.473978,-0.023216,0.492418,0.495878,-0.035234,0.524447,0.515407,-0.046119,0.526657,0.459539,-0.012846,0.57076,0.493764,-0.040972,0.561366,0.506388,-0.061496,0.538255,0.505588,-0.071196,0.54029,0.420354,-0.020069,0.605248,0.436646,-0.038326,0.643236,0.446394,-0.052216,0.675539,0.453383,-0.061792,0.537521,0.380883,-0.031224,0.597481,0.377153,-0.047972,0.63822,0.377987,-0.058206,0.671003,0.381932,-0.064657,0.520554,0.340167,-0.044315,0.565053,0.317022,-0.056312,0.597019,0.306061,-0.06059,0.624933,0.300513,-0.062864
9,0.398272,0.362332,0,0.420343,0.423914,-0.014128,0.456196,0.466906,-0.02389,0.490333,0.488853,-0.035984,0.522068,0.507908,-0.046892,0.525795,0.453592,-0.013526,0.569562,0.487941,-0.041756,0.559767,0.499052,-0.062431,0.53636,0.497313,-0.072238,0.539981,0.413604,-0.020422,0.605005,0.428785,-0.038915,0.643138,0.439014,-0.053197,0.675539,0.446885,-0.063109,0.537527,0.373854,-0.031241,0.597636,0.368966,-0.048103,0.638276,0.369828,-0.058655,0.670907,0.37402,-0.065324,0.52062,0.333059,-0.044035,0.565392,0.309782,-0.056073,0.597568,0.298876,-0.060565,0.625586,0.293528,-0.063006
9,0.4,0.361261,0,0.422161,0.421718,-0.013517,0.457447,0.464225,-0.023037,0.490413,0.485654,-0.034813,0.520855,0.504352,-0.04535,0.527888,0.449444,-0.013792,0.570459,0.484006,-0.041835,0.559602,0.495968,-0.062228,0.535724,0.495316,-0.07191,0.541983,0.409882,-0.020725,0.606324,0.425119,-0.039763,0.64325,0.437106,-0.054262,0.675174,0.446117,-0.064077,0.539242,0.371003,-0.031378,0.599081,0.365833,-0.048346,0.639274,0.367628,-0.058703,0.672455,0.372718,-0.064997,0.522682,0.330827,-0.0439,0.567125,0.307742,-0.055651,0.59887,0.297218,-0.059786,0.626888,0.291935,-0.061818
9,0.393812,0.369594,0,0.416532,0.431365,-0.012645,0.45281,0.474427,-0.021733,0.486399,0.496761,-0.033446,0.517448,0.517,-0.043955,0.522734,0.458205,-0.01199,0.566321,0.49272,-0.039991,0.555465,0.506114,-0.060499,0.530922,0.506367,-0.07019,0.536297,0.419446,-0.01942,0.6008,0.434847,-0.037366,0.638358,0.445965,-0.051154,0.670385,0.453975,-0.06076,0.533304,0.380919,-0.030725,0.593273,0.375184,-0.046806,0.634124,0.376533,-0.056595,0.666985,0.380962,-0.062837,0.516261,0.34121,-0.043973,0.560862,0.318163,-0.055376,0.593035,0.307818,-0.059369,0.621195,0.302591,-0.061472
9,0.391349,0.364721,0,0.416863,0.428725,-0.008986,0.454747,0.472736,-0.016229,0.487481,0.497612,-0.026871,0.517702,0.521954,-0.036471,0.524663,0.451365,-0.008078,0.567141,0.485038,-0.034361,0.555249,0.503441,-0.054231,0.5313,0.511253,-0.064179,0.535882,0.413791,-0.017322,0.600801,0.424351,-0.034874,0.637825,0.436758,-0.048683,0.669289,0.446859,-0.05863,0.53096,0.376637,-0.030146,0.591584,0.367267,-0.04563,0.632526,0.369006,-0.05474,0.665492,0.374271,-0.060628,0.512123,0.340005,-0.04473,0.557109,0.314832,-0.055405,0.590088,0.305246,-0.05891,0.619126,0.300645,-0.060795
9,0.391327,0.371757,0,0.41664,0.435885,-0.008212,0.456008,0.480172,-0.014328,0.488097,0.508501,-0.023967,0.516311,0.537014,-0.032718,0.525624,0.455486,-0.004538,0.565649,0.489479,-0.029216,0.553485,0.510253,-0.048404,0.531451,0.522475,-0.058523,0.536581,0.420054,-0.014023,0.60139,0.431853,-0.031055,0.637752,0.445424,-0.045109,0.668709,0.45663,-0.055253,0.531623,0.384809,-0.027089,0.592646,0.378162,-0.042718,0.633447,0.381119,-0.051964,0.666936,0.387829,-0.057784,0.513212,0.350603,-0.04179,0.559013,0.327979,-0.052971,0.59239,0.319788,-0.056472,0.621951,0.315734,-0.058268
9,0.393573,0.372887,0,0.418203,0.437946,-0.008283,0.457829,0.482726,-0.01459,0.49025,0.511982,-0.024492,0.518512,0.542107,-0.033568,0.527257,0.456101,-0.004323,0.567917,0.489569,-0.029105,0.55537,0.511673,-0.048258,0.532856,0.525978,-0.058438,0.537975,0.421895,-0.013917,0.602525,0.434245,-0.031216,0.638978,0.448634,-0.045116,0.670267,0.461504,-0.055188,0.533216,0.387524,-0.027176,0.594919,0.383032,-0.043115,0.636236,0.386811,-0.052087,0.67,0.394552,-0.057727,0.514933,0.354285,-0.042087,0.561487,0.332403,-0.053424,0.595258,0.324927,-0.056771,0.624859,0.32144,-0.058504
9,0.395372,0.370665,0,0.419527,0.43591,-0.009276,0.459256,0.481444,-0.016102,0.491398,0.511608,-0.026354,0.520112,0.541753,-0.035623,0.528805,0.455656,-0.004874,0.570244,0.489252,-0.029553,0.558734,0.512378,-0.048644,0.536457,0.527211,-0.058817,0.539691,0.421079,-0.014063,0.603693,0.43383,-0.03097,0.640172,0.448954,-0.044656,0.671382,0.462768,-0.054618,0.535409,0.386297,-0.027031,0.596468,0.380983,-0.042598,0.637865,0.385422,-0.051576,0.671245,0.393963,-0.057407,0.517057,0.352784,-0.041798,0.562281,0.330865,-0.053186,0.595875,0.323506,-0.056721,0.625252,0.320765,-0.058624
9,0.393988,0.36634,0,0.418835,0.430238,-0.011174,0.455579,0.474415,-0.019827,0.489353,0.49838,-0.031524,0.52065,0.520304,-0.04214,0.526279,0.454981,-0.010016,0.569643,0.48903,-0.038055,0.558313,0.505834,-0.058811,0.533507,0.51017,-0.068761,0.538694,0.415959,-0.01838,0.604874,0.429486,-0.037272,0.642935,0.440797,-0.051389,0.67523,0.449422,-0.060983,0.534537,0.377425,-0.03056,0.596055,0.371271,-0.04745,0.637509,0.373089,-0.056651,0.670833,0.378236,-0.062069,0.516352,0.338559,-0.044602,0.56231,0.314261,-0.056138,0.595451,0.304473,-0.059517,0.62446,0.299854,-0.060944
9,0.393367,0.376355,0,0.416125,0.43749,-0.015309,0.450165,0.478591,-0.026733,0.482819,0.4973,-0.040622,0.51517,0.511816,-0.053188,0.525157,0.462126,-0.015943,0.570586,0.496917,-0.046373,0.558151,0.507991,-0.068645,0.531496,0.506443,-0.079079,0.537917,0.421578,-0.022839,0.604022,0.435016,-0.042667,0.64324,0.444225,-0.057972,0.676987,0.45117,-0.06859,0.533952,0.38207,-0.033776,0.594173,0.37412,-0.051114,0.635843,0.373561,-0.061803,0.669243,0.376578,-0.068552,0.515791,0.341889,-0.04688,0.560586,0.316826,-0.058751,0.593168,0.304737,-0.062885,0.62133,0.298316,-0.065058
9,0.383346,0.408231,0,0.40431,0.468559,-0.01665,0.435103,0.510394,-0.029034,0.465967,0.52724,-0.043762,0.495301,0.543226,-0.056805,0.513935,0.499937,-0.016548,0.556254,0.539056,-0.048926,0.538804,0.544805,-0.073329,0.511602,0.537927,-0.084912,0.527955,0.459423,-0.023162,0.593209,0.476806,-0.043773,0.632724,0.487497,-0.061617,0.667644,0.493655,-0.074325,0.524313,0.418991,-0.033961,0.585137,0.412022,-0.05146,0.62611,0.409996,-0.063514,0.659916,0.41149,-0.071448,0.506584,0.377116,-0.047021,0.552069,0.353719,-0.058581,0.583981,0.342232,-0.062757,0.612013,0.336377,-0.065159
9,0.380738,0.415379,0,0.398757,0.476149,-0.019825,0.428836,0.520359,-0.033662,0.461966,0.540978,-0.049448,0.494365,0.556516,-0.063238,0.50919,0.512905,-0.01842,0.554589,0.551781,-0.051476,0.535967,0.554648,-0.076019,0.506756,0.546034,-0.087547,0.524274,0.472497,-0.023803,0.589587,0.492976,-0.044376,0.629785,0.504499,-0.06174,0.666453,0.512855,-0.074157,0.522277,0.432022,-0.033811,0.581486,0.4299,-0.051057,0.622685,0.431003,-0.062799,0.656516,0.434423,-0.070731,0.505733,0.389381,-0.046468,0.550357,0.368521,-0.057923,0.582438,0.357834,-0.062165,0.61019,0.35144,-0.064724
9,0.390014,0.411085,0,0.409302,0.471091,-0.018913,0.440814,0.51502,-0.032319,0.47397,0.534655,-0.047865,0.505208,0.54979,-0.061307,0.517997,0.506479,-0.017684,0.562644,0.546278,-0.051919,0.542014,0.547852,-0.077101,0.51268,0.536942,-0.088355,0.53242,0.465366,-0.022715,0.595892,0.486644,-0.04388,0.635284,0.495695,-0.061226,0.672664,0.501013,-0.073332,0.530213,0.424516,-0.032369,0.588473,0.420983,-0.048949,0.628115,0.419894,-0.059436,0.66217,0.422526,-0.066394,0.513826,0.382943,-0.044703,0.557558,0.361297,-0.054161,0.588532,0.350961,-0.056941,0.615731,0.345687,-0.058541
9,0.392396,0.410861,0,0.411589,0.469916,-0.018443,0.443481,0.512943,-0.031464,0.476802,0.531929,-0.046487,0.507957,0.54721,-0.059548,0.519627,0.504593,-0.017886,0.564577,0.542685,-0.051209,0.545911,0.546285,-0.075631,0.518023,0.536774,-0.086652,0.534026,0.463816,-0.023176,0.597548,0.485233,-0.044043,0.636828,0.493778,-0.061156,0.673786,0.498135,-0.073137,0.531741,0.422909,-0.0329,0.589859,0.41919,-0.049628,0.629524,0.417521,-0.060276,0.663703,0.419783,-0.067382,0.515248,0.380978,-0.045177,0.559004,0.359583,-0.054997,0.589806,0.348856,-0.057951,0.617264,0.343367,-0.059745
9,0.392566,0.413171,0,0.411307,0.473173,-0.018987,0.443027,0.517564,-0.032117,0.478211,0.535655,-0.047344,0.50979,0.55123,-0.060586,0.52046,0.508297,-0.017575,0.565345,0.547768,-0.05056,0.546083,0.549094,-0.074681,0.517461,0.537295,-0.085587,0.534845,0.467607,-0.022728,0.598688,0.488258,-0.043139,0.637407,0.497161,-0.060055,0.6734,0.502397,-0.07204,0.532679,0.426772,-0.032465,0.590358,0.422566,-0.048997,0.629722,0.421756,-0.059895,0.662974,0.424203,-0.067344,0.516207,0.384965,-0.044832,0.559094,0.362257,-0.054875,0.589965,0.351425,-0.058475,0.617448,0.345506,-0.060803
9,0.394002,0.413984,0,0.41355,0.473205,-0.017806,0.445371,0.515675,-0.030922,0.478087,0.535027,-0.046327,0.509268,0.550584,-0.059883,0.521524,0.506186,-0.017603,0.566279,0.545133,-0.051132,0.548789,0.549054,-0.075647,0.520964,0.539553,-0.086775,0.535419,0.465633,-0.023425,0.599151,0.485524,-0.04472,0.638791,0.493796,-0.062023,0.675197,0.498239,-0.074147,0.532727,0.424969,-0.033646,0.590884,0.420594,-0.050809,0.630779,0.41861,-0.061583,0.664578,0.420333,-0.06877,0.515893,0.383535,-0.046365,0.559098,0.361231,-0.056848,0.590225,0.350429,-0.060311,0.617793,0.345003,-0.062411
9,0.398155,0.401599,0,0.417728,0.463575,-0.013043,0.451218,0.508881,-0.022248,0.481639,0.532494,-0.034053,0.509459,0.556448,-0.044497,0.522866,0.494466,-0.012718,0.564702,0.536719,-0.042122,0.549488,0.55009,-0.064068,0.52287,0.548366,-0.074491,0.535488,0.457859,-0.019801,0.598977,0.476249,-0.039705,0.636524,0.487312,-0.055502,0.668463,0.493621,-0.066378,0.532064,0.419861,-0.030671,0.59075,0.415685,-0.047185,0.631267,0.416998,-0.056561,0.66365,0.420866,-0.062412,0.515415,0.381837,-0.043576,0.559256,0.359588,-0.054327,0.590831,0.350716,-0.057418,0.618437,0.34654,-0.058827
9,0.406527,0.390072,0,0.423806,0.454688,-0.010839,0.457148,0.501376,-0.018758,0.486516,0.532035,-0.029619,0.510634,0.56544,-0.039345,0.524736,0.489979,-0.008078,0.562654,0.529213,-0.034689,0.547492,0.545122,-0.054327,0.522296,0.54928,-0.063883,0.538178,0.457285,-0.015914,0.600526,0.478571,-0.034567,0.635916,0.493025,-0.048181,0.665441,0.504198,-0.057412,0.536759,0.422075,-0.027506,0.596374,0.424852,-0.044059,0.635943,0.430636,-0.051726,0.666609,0.438884,-0.055985,0.522336,0.386315,-0.040926,0.568608,0.370927,-0.051717,0.600937,0.366787,-0.053809,0.628258,0.366199,-0.05434
9,0.405217,0.387121,0,0.423013,0.450285,-0.011712,0.456231,0.496123,-0.020106,0.484976,0.525282,-0.031186,0.509812,0.557038,-0.041278,0.524276,0.484387,-0.010933,0.561367,0.523456,-0.037981,0.54735,0.539954,-0.057858,0.5232,0.544298,-0.067657,0.537799,0.450685,-0.018632,0.600778,0.470882,-0.037716,0.636746,0.484574,-0.051856,0.666403,0.494292,-0.061538,0.535794,0.41463,-0.029959,0.595841,0.415829,-0.047226,0.635366,0.420773,-0.055647,0.666215,0.428382,-0.060375,0.521043,0.378031,-0.043074,0.567323,0.361084,-0.054881,0.59952,0.356261,-0.057675,0.627025,0.35517,-0.058624
9,0.404274,0.386214,0,0.423266,0.447988,-0.011358,0.456013,0.493509,-0.0199,0.486129,0.518052,-0.03132,0.514377,0.539917,-0.04164,0.525263,0.483115,-0.011569,0.5657,0.524248,-0.040138,0.552112,0.535558,-0.061161,0.526415,0.531297,-0.070835,0.539157,0.446689,-0.019319,0.601986,0.467089,-0.038571,0.639283,0.478373,-0.053312,0.670252,0.484836,-0.063256,0.537456,0.408472,-0.030703,0.596512,0.408082,-0.046972,0.635863,0.411272,-0.055747,0.666968,0.416839,-0.061007,0.522521,0.369275,-0.043923,0.567035,0.349868,-0.054406,0.598354,0.342753,-0.057059,0.625383,0.340604,-0.05808
9,0.403739,0.386879,0,0.424846,0.447076,-0.013664,0.456223,0.488838,-0.024241,0.487201,0.508379,-0.037259,0.516957,0.524924,-0.048861,0.528857,0.475957,-0.013713,0.57038,0.514794,-0.043779,0.555936,0.524005,-0.066072,0.530247,0.519482,-0.076253,0.542456,0.438182,-0.020521,0.606203,0.457798,-0.040429,0.644149,0.467184,-0.056181,0.676624,0.471841,-0.066847,0.540191,0.399951,-0.031142,0.599335,0.397911,-0.047942,0.63835,0.398285,-0.057749,0.670291,0.401884,-0.063658,0.524699,0.360474,-0.043716,0.569306,0.341076,-0.05383,0.599886,0.331834,-0.056259,0.62665,0.327737,-0.057271
9,0.404282,0.390456,0,0.42545,0.449976,-0.014884,0.457151,0.491707,-0.025621,0.489175,0.50979,-0.038571,0.51954,0.524122,-0.050017,0.530167,0.479672,-0.014627,0.5728,0.515955,-0.044606,0.55816,0.522722,-0.066881,0.533356,0.516879,-0.077245,0.543885,0.440543,-0.021088,0.60849,0.458834,-0.041143,0.646841,0.466669,-0.057368,0.680221,0.470044,-0.068573,0.541433,0.401339,-0.031408,0.600204,0.39758,-0.048386,0.638958,0.397384,-0.058713,0.671095,0.400946,-0.065158,0.525436,0.36102,-0.043789,0.570305,0.341235,-0.053908,0.600903,0.331529,-0.056559,0.627782,0.327175,-0.057938
9,0.404932,0.394474,0,0.425713,0.453391,-0.01641,0.457666,0.495062,-0.028019,0.489989,0.513336,-0.041785,0.52112,0.526354,-0.054009,0.531475,0.482651,-0.015214,0.574099,0.518864,-0.045875,0.560202,0.525139,-0.068671,0.53504,0.518375,-0.079182,0.545632,0.443347,-0.020861,0.608994,0.460971,-0.039953,0.646856,0.46878,-0.055428,0.680456,0.472586,-0.066199,0.543185,0.404669,-0.030684,0.601502,0.400535,-0.046664,0.640466,0.399279,-0.056501,0.673033,0.401297,-0.062839,0.527399,0.364291,-0.042839,0.571269,0.34398,-0.052964,0.601524,0.333562,-0.055874,0.628065,0.328341,-0.057372
9,0.406718,0.397325,0,0.426929,0.455359,-0.016575,0.458926,0.49691,-0.028043,0.491926,0.514183,-0.041544,0.522816,0.527827,-0.053324,0.532059,0.483633,-0.015215,0.574146,0.519768,-0.045651,0.558442,0.525241,-0.068055,0.531977,0.518357,-0.078292,0.546093,0.444424,-0.02077,0.609384,0.463047,-0.040536,0.647131,0.470879,-0.056386,0.68073,0.475218,-0.067265,0.543961,0.405522,-0.030493,0.601901,0.401686,-0.047189,0.640725,0.401246,-0.057572,0.673262,0.404497,-0.064077,0.528141,0.365704,-0.042452,0.571786,0.345759,-0.052408,0.602182,0.335949,-0.055383,0.629,0.331299,-0.057032
0,0.548085,0.205030,0.000000,0.590735,0.277149,0.008444,0.646674,0.306205,0.008547,0.687416,0.330880,-0.001002,0.728965,0.329862,-0.009214,0.715844,0.212792,0.039894,0.782500,0.222716,0.018671,0.779797,0.278122,-0.003287,0.752506,0.314089,-0.013778,0.718734,0.188232,0.020930,0.796091,0.196020,-0.002648,0.793696,0.266154,-0.025793,0.760717,0.309357,-0.036842,0.719693,0.163578,-0.002610,0.793787,0.180057,-0.020633,0.792888,0.255112,-0.035187,0.765610,0.303614,-0.040420,0.713076,0.144745,-0.027063,0.774038,0.172294,-0.039672,0.782765,0.232360,-0.046223,0.768044,0.280322,-0.047990
0,0.559137,0.330542,0.000000,0.573985,0.405051,0.011298,0.613156,0.451996,0.010353,0.641004,0.496600,0.001104,0.677290,0.518452,-0.006141,0.699772,0.353511,0.029928,0.744332,0.423282,0.015213,0.728802,0.485639,0.002018,0.699566,0.512380,-0.002581,0.707320,0.336854,0.013367,0.767414,0.415167,-0.004788,0.746331,0.487778,-0.018336,0.710730,0.518135,-0.021968,0.709213,0.333306,-0.005383,0.771883,0.409169,-0.017587,0.751669,0.484306,-0.022488,0.718693,0.515857,-0.021120,0.701677,0.344312,-0.024279,0.754257,0.416874,-0.030961,0.743860,0.474363,-0.029361,0.718578,0.501627,-0.024880
0,0.561411,0.352971,0.000000,0.576007,0.439290,0.019379,0.617501,0.485119,0.027581,0.646894,0.520813,0.025535,0.676661,0.543420,0.024111,0.680751,0.426279,0.049553,0.726356,0.465619,0.041196,0.716643,0.514401,0.030025,0.693798,0.537663,0.024908,0.691104,0.412075,0.029772,0.751554,0.456795,0.015928,0.736179,0.515481,-0.000232,0.703377,0.540985,-0.007686,0.700922,0.401767,0.007242,0.763310,0.451982,-0.004462,0.744060,0.514254,-0.016450,0.709122,0.543969,-0.021042,0.705017,0.395961,-0.014754,0.748117,0.455655,-0.022182,0.734932,0.507355,-0.026182,0.708010,0.538034,-0.027109
0,0.549409,0.425180,0.000000,0.567900,0.502318,0.030673,0.606681,0.550090,0.039251,0.629172,0.600865,0.034749,0.662409,0.629659,0.031616,0.704141,0.446808,0.057497,0.747253,0.528563,0.047163,0.722183,0.589134,0.031774,0.686036,0.608019,0.024928,0.710076,0.442104,0.033187,0.758269,0.546643,0.023851,0.721019,0.607346,0.008918,0.680195,0.617427,0.001654,0.706809,0.453842,0.007493,0.754709,0.555885,0.002836,0.716752,0.614436,-0.000089,0.676541,0.622870,0.000585,0.691496,0.480339,-0.017183,0.735414,0.564721,-0.015879,0.714357,0.615148,-0.010383,0.685041,0.627966,-0.005344
0,0.561788,0.431965,0.000000,0.568738,0.508286,0.021705,0.604989,0.558765,0.034134,0.633897,0.594716,0.036972,0.659910,0.618827,0.040542,0.668955,0.517664,0.058919,0.695215,0.561501,0.057377,0.674725,0.601827,0.049827,0.649356,0.614719,0.046027,0.683232,0.510510,0.042045,0.714560,0.562740,0.035040,0.686585,0.610036,0.019062,0.652325,0.622994,0.010336,0.695750,0.508444,0.022980,0.732245,0.568761,0.015768,0.702101,0.613873,0.004475,0.668501,0.625859,-0.000463,0.701498,0.506757,0.004964,0.727348,0.573781,0.000128,0.708053,0.613192,-0.002750,0.681669,0.628903,-0.003149
0,0.570214,0.445549,0.000000,0.573023,0.527943,0.028040,0.606709,0.577026,0.042777,0.630992,0.610350,0.046256,0.653239,0.633702,0.049719,0.665758,0.532369,0.070503,0.692938,0.574248,0.071370,0.677158,0.615366,0.063626,0.655164,0.629211,0.059617,0.681627,0.525020,0.051359,0.711156,0.577877,0.049205,0.686845,0.621804,0.033335,0.654854,0.633571,0.023987,0.697450,0.522093,0.030185,0.730244,0.581357,0.029223,0.702988,0.625478,0.018506,0.670433,0.638476,0.012639,0.706658,0.518431,0.010283,0.728936,0.584242,0.012041,0.709569,0.621200,0.011593,0.683384,0.634902,0.011961
0,0.565323,0.466537,0.000000,0.578321,0.550080,0.035017,0.613787,0.595321,0.049260,0.641024,0.627166,0.050748,0.667300,0.646229,0.052469,0.680301,0.530263,0.072807,0.699440,0.578229,0.075265,0.678911,0.621378,0.069427,0.655095,0.635130,0.066023,0.694963,0.525391,0.048997,0.717459,0.584672,0.045373,0.685677,0.633330,0.030272,0.651403,0.643167,0.021676,0.707929,0.527263,0.024215,0.732787,0.596423,0.021982,0.695189,0.642467,0.014149,0.661069,0.648745,0.010428,0.712283,0.532718,0.001331,0.728757,0.610251,0.001991,0.701648,0.645614,0.004081,0.675530,0.649806,0.006482
0,0.583341,0.524932,-0.000000,0.586787,0.578924,0.017734,0.613290,0.620124,0.032500,0.644001,0.645964,0.038084,0.670771,0.650691,0.043470,0.655408,0.619243,0.066281,0.681902,0.639370,0.064009,0.670420,0.624551,0.054707,0.649942,0.607673,0.051205,0.676816,0.614698,0.054635,0.698688,0.640103,0.050658,0.676407,0.621007,0.038766,0.650592,0.603201,0.035092,0.696642,0.609909,0.039473,0.712431,0.637574,0.031777,0.686592,0.617769,0.024335,0.658464,0.598609,0.024708,0.712240,0.601899,0.025116,0.723728,0.638819,0.021363,0.706679,0.624644,0.023101,0.684829,0.607020,0.028078
0,0.550862,0.431926,0.000000,0.557964,0.513651,0.014286,0.589286,0.565684,0.022038,0.612658,0.604779,0.020173,0.641835,0.627749,0.018551,0.646839,0.537329,0.053095,0.670495,0.574690,0.040981,0.653975,0.601221,0.025573,0.630814,0.607368,0.017580,0.660888,0.531191,0.036720,0.684911,0.579149,0.019147,0.659030,0.606924,-0.001774,0.624946,0.609120,-0.011615,0.677383,0.522039,0.016560,0.698189,0.576405,-0.001591,0.667939,0.606529,-0.015812,0.633764,0.611889,-0.019896,0.689475,0.506147,-0.003328,0.704411,0.561291,-0.016792,0.683162,0.598042,-0.023943,0.654859,0.620283,-0.025849
0,0.557518,0.416621,0.000000,0.556210,0.496560,0.014210,0.585978,0.549305,0.023994,0.612579,0.586984,0.024813,0.642197,0.606809,0.025562,0.647456,0.524555,0.053067,0.665964,0.554368,0.043435,0.645026,0.570507,0.030121,0.619355,0.567212,0.023529,0.661452,0.517276,0.038089,0.676619,0.554409,0.021503,0.646218,0.567818,0.002042,0.612014,0.556545,-0.006582,0.677127,0.506656,0.019589,0.688733,0.550685,0.000517,0.653954,0.565912,-0.013210,0.619483,0.557442,-0.016402,0.689912,0.488995,0.001640,0.700338,0.539918,-0.013421,0.678926,0.571380,-0.021401,0.653611,0.590231,-0.023668
0,0.558462,0.402990,0.000000,0.560955,0.472441,0.008956,0.589846,0.521069,0.015598,0.612409,0.556220,0.014452,0.640398,0.582777,0.013575,0.647201,0.472831,0.048288,0.681631,0.502493,0.042642,0.672547,0.541365,0.031295,0.653051,0.564520,0.024766,0.656962,0.464178,0.035072,0.697531,0.501587,0.026774,0.683992,0.548384,0.009924,0.655602,0.571104,-0.000035,0.668587,0.456776,0.018078,0.707167,0.500857,0.010599,0.689755,0.548362,-0.002233,0.660319,0.571763,-0.008950,0.677167,0.448254,0.000448,0.705867,0.495009,-0.004081,0.694267,0.536044,-0.009047,0.671491,0.561489,-0.011627
0,0.561348,0.405684,0.000000,0.565494,0.460276,0.007132,0.597610,0.504357,0.007495,0.623073,0.541307,0.002454,0.651974,0.564957,-0.000656,0.671684,0.430796,0.021325,0.706800,0.487216,0.011835,0.694923,0.537523,0.004099,0.673035,0.559736,0.002206,0.680806,0.416702,0.010757,0.727674,0.482295,-0.001177,0.709235,0.538740,-0.009591,0.681240,0.561297,-0.011327,0.684740,0.412344,-0.001441,0.735711,0.477530,-0.010901,0.717726,0.535859,-0.014835,0.689786,0.559180,-0.013775,0.681925,0.418612,-0.013652,0.723148,0.479614,-0.020470,0.713417,0.529358,-0.021076,0.692733,0.554413,-0.018790
0,0.570846,0.410145,0.000000,0.575102,0.461379,0.004018,0.607417,0.502468,0.006963,0.629760,0.537636,0.005568,0.655565,0.560032,0.005671,0.670865,0.441832,0.025209,0.697457,0.482296,0.016258,0.689647,0.522287,0.006272,0.669459,0.540374,0.002267,0.679749,0.428174,0.017351,0.718864,0.474875,0.005901,0.707930,0.522419,-0.005718,0.683863,0.546950,-0.010266,0.685163,0.419490,0.007139,0.731572,0.469275,-0.003378,0.721184,0.522092,-0.011366,0.697008,0.549371,-0.013114,0.685590,0.417247,-0.003243,0.724345,0.468255,-0.011316,0.720883,0.512427,-0.014679,0.704106,0.539771,-0.014563
0,0.562784,0.394549,0.000000,0.578229,0.454261,0.005478,0.611728,0.495677,0.007943,0.635325,0.530795,0.004650,0.666156,0.551294,0.002258,0.671502,0.437670,0.033346,0.699939,0.479497,0.025071,0.692061,0.519106,0.013649,0.675418,0.541148,0.007783,0.680811,0.423848,0.022388,0.720785,0.467115,0.010007,0.707800,0.514576,-0.004833,0.681529,0.541727,-0.011871,0.688755,0.410592,0.008532,0.734892,0.458580,-0.001859,0.720678,0.511231,-0.011640,0.693284,0.541244,-0.015253,0.691686,0.401120,-0.005785,0.729722,0.449258,-0.014192,0.724424,0.495558,-0.018409,0.705495,0.527496,-0.019213
0,0.559841,0.394165,0.000000,0.572612,0.453078,-0.004517,0.606662,0.504223,-0.005716,0.631451,0.546972,-0.011256,0.665817,0.563949,-0.016059,0.666602,0.458537,0.025552,0.695701,0.498714,0.012397,0.687321,0.538618,-0.003390,0.669739,0.561308,-0.012156,0.678489,0.444362,0.018199,0.718341,0.489400,0.002118,0.705915,0.535430,-0.015945,0.678935,0.561097,-0.025205,0.688875,0.426869,0.006952,0.734985,0.474128,-0.007209,0.722569,0.522804,-0.019159,0.695022,0.550347,-0.023651,0.693704,0.409476,-0.005669,0.731124,0.457122,-0.016109,0.728098,0.500604,-0.021455,0.708365,0.530036,-0.022991
0,0.563926,0.386885,0.000000,0.578107,0.454029,-0.000826,0.613434,0.503704,-0.000131,0.639227,0.546269,-0.004860,0.673138,0.563034,-0.009305,0.673209,0.465958,0.028394,0.710364,0.500679,0.015408,0.702405,0.537484,-0.000338,0.684835,0.554036,-0.008965,0.683088,0.451822,0.018755,0.729305,0.495162,0.004531,0.717971,0.537175,-0.013702,0.691837,0.551794,-0.023991,0.692264,0.432731,0.005341,0.741765,0.477199,-0.007761,0.728306,0.521615,-0.020686,0.700325,0.538167,-0.026605,0.696258,0.410708,-0.009106,0.735940,0.455619,-0.018950,0.732864,0.495841,-0.024987,0.713390,0.517942,-0.027751
0,0.564551,0.392207,0.000000,0.580952,0.462765,-0.001636,0.614904,0.511103,-0.002530,0.640733,0.551050,-0.008940,0.674924,0.572567,-0.014866,0.674137,0.475717,0.025454,0.713786,0.511686,0.009350,0.702054,0.547491,-0.008553,0.681075,0.563939,-0.018397,0.683540,0.460441,0.015713,0.730482,0.504106,-0.001895,0.715684,0.545080,-0.021959,0.686899,0.558723,-0.033099,0.692118,0.441448,0.002201,0.742219,0.484638,-0.012388,0.726762,0.529103,-0.025626,0.696403,0.546598,-0.031465,0.695542,0.418897,-0.012490,0.733696,0.460479,-0.022471,0.729228,0.501235,-0.028875,0.708283,0.524986,-0.031816
0,0.563032,0.398602,0.000000,0.577308,0.468335,-0.001370,0.611251,0.518191,-0.001074,0.637090,0.563220,-0.006178,0.672036,0.581753,-0.010815,0.672680,0.479739,0.028513,0.707967,0.516962,0.013276,0.698368,0.554411,-0.004466,0.680048,0.573766,-0.014273,0.684034,0.465911,0.018940,0.730218,0.510592,0.001992,0.716990,0.553360,-0.017052,0.689512,0.570162,-0.027292,0.693680,0.447386,0.005313,0.743758,0.492808,-0.010030,0.728500,0.537965,-0.023106,0.698839,0.557194,-0.028420,0.697959,0.425930,-0.009477,0.735841,0.470947,-0.020638,0.732133,0.511216,-0.027196,0.712811,0.535596,-0.029950
0,0.567237,0.369988,0.000000,0.585460,0.444786,-0.000577,0.622014,0.495501,-0.001036,0.649042,0.535428,-0.007581,0.683356,0.553372,-0.014032,0.682529,0.460663,0.025829,0.723049,0.497353,0.006907,0.709201,0.534745,-0.013069,0.685656,0.551793,-0.023952,0.691706,0.445704,0.014570,0.740483,0.489686,-0.006833,0.722577,0.531954,-0.029006,0.690397,0.545340,-0.040844,0.700795,0.425962,-0.000620,0.752953,0.470110,-0.017471,0.736487,0.515209,-0.032530,0.703918,0.533172,-0.039132,0.705443,0.401091,-0.017037,0.745665,0.441000,-0.028143,0.741998,0.483028,-0.036136,0.720555,0.509490,-0.040202
0,0.566699,0.382887,0.000000,0.584213,0.458196,-0.001037,0.621636,0.508918,-0.000286,0.648126,0.550201,-0.005417,0.682717,0.569406,-0.010386,0.682198,0.473422,0.030080,0.720635,0.509829,0.012987,0.711433,0.548147,-0.006587,0.691935,0.567689,-0.017356,0.692101,0.457199,0.019595,0.739170,0.500481,0.000140,0.725678,0.543014,-0.022330,0.696451,0.558511,-0.034654,0.701557,0.436093,0.004885,0.752063,0.481392,-0.011833,0.738520,0.525687,-0.028211,0.708597,0.543052,-0.035595,0.706180,0.410312,-0.010971,0.744805,0.454086,-0.022714,0.744131,0.495246,-0.031529,0.727027,0.520870,-0.036075
1,0.435024,0.419002,-0.000000,0.491511,0.374514,0.001919,0.547906,0.384564,0.000140,0.582034,0.432026,-0.002613,0.587505,0.473403,-0.004792,0.584787,0.405771,-0.003125,0.620062,0.453160,-0.003451,0.619981,0.454771,-0.001648,0.621592,0.448605,-0.001370,0.573957,0.451998,-0.007786,0.600137,0.514662,-0.005194,0.577871,0.508565,-0.001138,0.563357,0.489896,0.000537,0.551954,0.496103,-0.011927,0.574301,0.549504,-0.009569,0.554678,0.541489,-0.005024,0.542227,0.522215,-0.004049,0.526850,0.536311,-0.015744,0.549860,0.575528,-0.013001,0.534153,0.562945,-0.006285,0.521675,0.545872,-0.002155
1,0.440502,0.421573,-0.000000,0.497422,0.381400,0.002502,0.548867,0.396020,0.000126,0.575119,0.447378,-0.003452,0.575094,0.491325,-0.006320,0.583837,0.405708,-0.004934,0.620036,0.453775,-0.006286,0.618048,0.454956,-0.004682,0.616376,0.449284,-0.004357,0.573351,0.451016,-0.010237,0.601449,0.518658,-0.008179,0.580395,0.513842,-0.003880,0.565559,0.495321,-0.002149,0.551802,0.495631,-0.014905,0.576369,0.555764,-0.013056,0.557260,0.547152,-0.007655,0.544010,0.526372,-0.006023,0.526374,0.536010,-0.019212,0.549518,0.580293,-0.016752,0.534257,0.566757,-0.009477,0.522236,0.547130,-0.004960
1,0.433203,0.427447,-0.000000,0.490736,0.388054,0.001176,0.543074,0.404752,-0.002321,0.571311,0.455592,-0.006398,0.575157,0.497826,-0.011213,0.581359,0.413686,-0.011656,0.629286,0.442526,-0.013951,0.654625,0.454622,-0.013621,0.672775,0.462896,-0.015199,0.571953,0.459825,-0.017183,0.604770,0.520994,-0.018645,0.583205,0.517396,-0.015672,0.565548,0.501613,-0.014290,0.550068,0.504343,-0.021331,0.576657,0.558700,-0.022845,0.558926,0.549305,-0.017773,0.546096,0.531379,-0.015939,0.523526,0.544927,-0.024933,0.551192,0.589105,-0.024868,0.536590,0.574731,-0.016856,0.523532,0.554753,-0.011654
1,0.416871,0.440991,-0.000000,0.477744,0.391046,0.004819,0.534643,0.400038,0.003871,0.573826,0.447056,0.002819,0.585152,0.484692,0.000328,0.570919,0.417971,-0.013663,0.627341,0.443622,-0.012096,0.654160,0.453798,-0.007292,0.672447,0.463548,-0.005729,0.558966,0.473395,-0.017855,0.602071,0.520278,-0.014856,0.583076,0.510848,-0.008556,0.565340,0.496756,-0.005470,0.536062,0.524111,-0.019472,0.574273,0.558734,-0.016891,0.558521,0.546831,-0.011179,0.543223,0.533071,-0.009619,0.510670,0.568342,-0.019817,0.552216,0.592941,-0.016508,0.539840,0.578902,-0.008245,0.523825,0.565159,-0.003110
1,0.405253,0.441826,-0.000000,0.468925,0.390695,0.009878,0.528294,0.399871,0.010345,0.569699,0.445944,0.010540,0.582506,0.487093,0.008787,0.561979,0.414594,-0.019545,0.634441,0.437365,-0.021855,0.674050,0.446517,-0.018230,0.700554,0.454549,-0.016199,0.550941,0.474493,-0.023801,0.600312,0.512839,-0.020316,0.578150,0.502591,-0.010429,0.557123,0.490849,-0.004955,0.530194,0.527367,-0.024543,0.573951,0.551811,-0.020396,0.555324,0.537285,-0.010401,0.537885,0.524742,-0.006111,0.507728,0.571942,-0.023364,0.551345,0.584226,-0.017605,0.538102,0.569851,-0.006188,0.521748,0.558248,0.001455
1,0.407903,0.440690,-0.000000,0.467234,0.391304,0.007389,0.522408,0.400347,0.008044,0.563490,0.444524,0.008557,0.577837,0.480375,0.006914,0.558136,0.417432,-0.016342,0.624628,0.439276,-0.018431,0.660317,0.449343,-0.015720,0.683116,0.459602,-0.014580,0.548324,0.474541,-0.019667,0.597576,0.507899,-0.016266,0.578028,0.497043,-0.008009,0.557652,0.486517,-0.003682,0.527754,0.524878,-0.020161,0.572543,0.547482,-0.017134,0.555874,0.534174,-0.009405,0.538962,0.524481,-0.006478,0.504747,0.566986,-0.018988,0.550497,0.580911,-0.015016,0.539880,0.566991,-0.005484,0.524608,0.558330,0.000788
1,0.405005,0.441683,-0.000000,0.464400,0.391706,0.002244,0.521537,0.393819,0.002211,0.563052,0.438383,0.002550,0.575546,0.476426,0.002995,0.555261,0.427731,-0.012036,0.607555,0.462777,-0.008416,0.607331,0.460356,-0.000568,0.600034,0.457678,0.003932,0.544588,0.484077,-0.013015,0.590408,0.517505,-0.006168,0.577350,0.503511,0.001402,0.561290,0.490553,0.004406,0.525201,0.534691,-0.012051,0.568413,0.553767,-0.007328,0.554885,0.540180,-0.004581,0.537542,0.528940,-0.005582,0.502377,0.578175,-0.009944,0.546663,0.586407,-0.006628,0.537868,0.571322,-0.002107,0.522566,0.562922,0.000519
1,0.403144,0.442099,-0.000000,0.464269,0.390798,0.007670,0.519911,0.398864,0.008371,0.560591,0.442835,0.008793,0.572383,0.482697,0.007112,0.555185,0.420511,-0.016295,0.622755,0.442717,-0.017921,0.658482,0.453010,-0.014202,0.680847,0.463394,-0.012315,0.545014,0.479697,-0.019634,0.596311,0.510947,-0.015945,0.577220,0.499822,-0.007083,0.556599,0.489805,-0.002349,0.524712,0.531133,-0.020102,0.570739,0.549965,-0.016896,0.554298,0.536304,-0.009162,0.537189,0.527683,-0.006179,0.502333,0.573331,-0.018888,0.549063,0.583154,-0.014680,0.538030,0.568855,-0.005215,0.521961,0.559826,0.001099
1,0.401997,0.446799,-0.000000,0.462002,0.393439,0.005912,0.518376,0.399789,0.005455,0.559257,0.444502,0.005095,0.570550,0.484886,0.002900,0.551910,0.420760,-0.018378,0.618409,0.444038,-0.019907,0.651826,0.453003,-0.015806,0.672247,0.461914,-0.013832,0.541997,0.480060,-0.021553,0.594545,0.513685,-0.018942,0.575673,0.502147,-0.010641,0.554790,0.491695,-0.006158,0.522355,0.532964,-0.021918,0.568465,0.552675,-0.019372,0.551814,0.538654,-0.012036,0.534365,0.530409,-0.009352,0.500340,0.577686,-0.020786,0.547498,0.587266,-0.017227,0.534772,0.573414,-0.008323,0.517906,0.565670,-0.002530
1,0.457660,0.559401,0.000000,0.494356,0.616877,0.002907,0.537673,0.634906,0.000725,0.573736,0.608537,-0.000958,0.592686,0.577205,-0.004723,0.572285,0.605163,-0.022375,0.639529,0.598170,-0.028737,0.678713,0.595487,-0.032220,0.709034,0.594335,-0.035516,0.572403,0.555445,-0.025409,0.611844,0.537659,-0.025065,0.593236,0.542581,-0.016873,0.571427,0.550740,-0.013796,0.561405,0.512546,-0.026495,0.593896,0.500962,-0.021839,0.578153,0.508260,-0.009232,0.560454,0.515186,-0.004629,0.545140,0.475347,-0.027512,0.573149,0.468601,-0.021627,0.559712,0.478366,-0.010086,0.544839,0.485602,-0.003407
1,0.463625,0.560309,0.000000,0.496206,0.617950,0.001913,0.538030,0.636234,-0.000886,0.571915,0.604195,-0.002985,0.587304,0.569803,-0.007265,0.572475,0.609160,-0.023364,0.637757,0.604846,-0.030877,0.677018,0.602471,-0.035192,0.706581,0.601726,-0.038882,0.572884,0.560072,-0.025840,0.610426,0.543531,-0.027329,0.592029,0.546365,-0.020081,0.570478,0.553770,-0.017037,0.562878,0.517972,-0.026441,0.593031,0.506500,-0.023450,0.577716,0.513221,-0.011956,0.560499,0.520217,-0.007409,0.547959,0.480874,-0.026943,0.572739,0.475061,-0.022117,0.559712,0.483727,-0.011328,0.545763,0.491524,-0.004828
1,0.464312,0.561482,0.000000,0.496620,0.618739,0.002700,0.538261,0.638831,0.001144,0.573516,0.609291,0.000155,0.589517,0.576583,-0.002833,0.573335,0.611887,-0.020603,0.637769,0.606655,-0.027762,0.676617,0.602652,-0.032371,0.705883,0.600973,-0.036327,0.574092,0.563370,-0.023304,0.609035,0.545802,-0.023380,0.591062,0.548720,-0.016207,0.570660,0.557093,-0.013763,0.564609,0.521190,-0.024332,0.592022,0.510598,-0.019953,0.577527,0.516985,-0.008829,0.560828,0.524229,-0.005028,0.550178,0.483262,-0.025416,0.571622,0.479548,-0.020094,0.558621,0.487856,-0.009952,0.544420,0.495472,-0.004061
1,0.461830,0.562202,0.000000,0.494970,0.620596,0.003904,0.537495,0.642351,0.002580,0.575415,0.616400,0.001481,0.594135,0.586599,-0.001591,0.573796,0.612391,-0.019800,0.640142,0.608195,-0.025821,0.679709,0.605604,-0.029181,0.709192,0.604758,-0.032226,0.574944,0.562719,-0.022919,0.610518,0.549058,-0.022222,0.592752,0.553342,-0.014483,0.572390,0.561407,-0.011717,0.565081,0.520698,-0.024117,0.593853,0.514930,-0.019402,0.578761,0.521403,-0.007845,0.561979,0.527413,-0.003789,0.550497,0.483552,-0.025205,0.573474,0.483347,-0.019424,0.559990,0.492221,-0.008732,0.545610,0.499237,-0.002483
1,0.458602,0.563155,0.000000,0.494391,0.620529,0.004019,0.535905,0.640927,0.001644,0.571143,0.613040,-0.000812,0.588579,0.580965,-0.005289,0.571891,0.611110,-0.020025,0.639172,0.608434,-0.025497,0.678914,0.605780,-0.028223,0.708875,0.604169,-0.030915,0.573068,0.560671,-0.023510,0.610004,0.548832,-0.023190,0.592517,0.553745,-0.015782,0.571989,0.561201,-0.013182,0.563091,0.519242,-0.024862,0.592975,0.514009,-0.019638,0.578286,0.521252,-0.007928,0.561417,0.526918,-0.003915,0.548845,0.483093,-0.026143,0.573482,0.481251,-0.019440,0.560558,0.490425,-0.008213,0.546048,0.497733,-0.001744
1,0.457796,0.560939,0.000000,0.495080,0.620399,0.004081,0.539637,0.638164,0.002580,0.573423,0.606903,0.001633,0.589160,0.572814,-0.001688,0.570577,0.613780,-0.022915,0.638371,0.610943,-0.031486,0.679972,0.611097,-0.037688,0.712050,0.612226,-0.043058,0.571583,0.563584,-0.026137,0.611960,0.547555,-0.024978,0.592898,0.550832,-0.016430,0.571309,0.558104,-0.013649,0.561574,0.519820,-0.027523,0.594337,0.509596,-0.021239,0.578403,0.516170,-0.008124,0.561455,0.522177,-0.003717,0.545843,0.480581,-0.028926,0.573212,0.476317,-0.022187,0.559381,0.485038,-0.010480,0.545005,0.491596,-0.003974
1,0.450954,0.553935,0.000000,0.488922,0.620529,0.000991,0.539438,0.644401,-0.004268,0.580882,0.614257,-0.007895,0.601517,0.577196,-0.014286,0.572800,0.611461,-0.037077,0.651786,0.604558,-0.050968,0.699488,0.602800,-0.059064,0.735696,0.603635,-0.065161,0.569881,0.553037,-0.040933,0.622879,0.532814,-0.046361,0.601847,0.537128,-0.037060,0.576213,0.547934,-0.032892,0.556874,0.502013,-0.042615,0.603717,0.488957,-0.043359,0.586674,0.497894,-0.027373,0.565451,0.507733,-0.019732,0.538693,0.458082,-0.044042,0.578943,0.452716,-0.042558,0.564476,0.464202,-0.028922,0.547185,0.473128,-0.020258
1,0.446747,0.557793,0.000000,0.488591,0.625816,0.004542,0.540682,0.647050,0.001231,0.580617,0.611729,-0.000455,0.599599,0.570909,-0.005029,0.569138,0.618649,-0.036525,0.649098,0.614039,-0.051177,0.698064,0.613263,-0.061794,0.735720,0.613793,-0.070098,0.566338,0.559817,-0.040695,0.621088,0.540497,-0.040624,0.601027,0.545774,-0.029693,0.576813,0.556206,-0.026810,0.554414,0.507976,-0.042563,0.602661,0.497470,-0.036679,0.586322,0.507409,-0.019735,0.565802,0.516362,-0.013886,0.537557,0.462712,-0.044237,0.579434,0.460675,-0.038456,0.565597,0.472645,-0.024327,0.548182,0.480620,-0.016764
1,0.440995,0.557691,0.000000,0.479697,0.629955,0.000067,0.531727,0.658774,-0.004470,0.576004,0.622970,-0.006301,0.595478,0.580598,-0.010375,0.563695,0.620244,-0.040391,0.645478,0.618371,-0.055229,0.695142,0.616952,-0.064881,0.732967,0.617551,-0.072333,0.562837,0.558812,-0.043137,0.619237,0.545144,-0.044187,0.598704,0.551622,-0.033570,0.573753,0.561610,-0.030250,0.552121,0.507410,-0.043769,0.598708,0.502913,-0.039050,0.580789,0.514049,-0.022577,0.560105,0.521761,-0.016427,0.536142,0.462108,-0.044646,0.575127,0.465266,-0.039647,0.559789,0.477436,-0.025841,0.542484,0.483456,-0.018135
1,0.432774,0.553733,0.000000,0.465310,0.628850,-0.003635,0.519062,0.664444,-0.009739,0.567807,0.635551,-0.012805,0.591156,0.591830,-0.018309,0.552499,0.621291,-0.040571,0.632139,0.619186,-0.054189,0.684137,0.615754,-0.062825,0.724700,0.612937,-0.070074,0.552470,0.556209,-0.043366,0.615405,0.541840,-0.050275,0.592839,0.549458,-0.044027,0.563661,0.559684,-0.041696,0.542266,0.501578,-0.043836,0.596956,0.493961,-0.046503,0.576750,0.506047,-0.032472,0.552178,0.514699,-0.025471,0.527110,0.455744,-0.044363,0.571801,0.458425,-0.045431,0.554153,0.470979,-0.033185,0.533825,0.478857,-0.025195
1,0.425447,0.558651,0.000000,0.459387,0.634019,-0.002025,0.513667,0.668444,-0.008294,0.563403,0.640671,-0.011441,0.588635,0.596945,-0.017185,0.545536,0.628521,-0.044493,0.629079,0.624229,-0.060400,0.683206,0.620145,-0.070845,0.725379,0.616661,-0.079333,0.545147,0.562239,-0.047818,0.611038,0.544076,-0.054860,0.588403,0.549603,-0.047555,0.559725,0.559367,-0.045252,0.535614,0.505059,-0.048544,0.594017,0.494450,-0.050030,0.573596,0.504976,-0.033616,0.548409,0.514118,-0.025993,0.521285,0.455995,-0.049315,0.568125,0.456822,-0.050014,0.550631,0.468513,-0.036884,0.530566,0.476976,-0.028605
2,0.432802,0.592085,0.000000,0.482764,0.653132,-0.001635,0.540640,0.659753,-0.011518,0.585027,0.615806,-0.021649,0.606142,0.567426,-0.035075,0.573531,0.635851,-0.041693,0.652682,0.634638,-0.060274,0.701159,0.639923,-0.072577,0.739280,0.646335,-0.080776,0.564744,0.578913,-0.045963,0.648127,0.530261,-0.062818,0.700362,0.500339,-0.069215,0.737819,0.477157,-0.074959,0.546923,0.527598,-0.046457,0.606963,0.493558,-0.055435,0.589392,0.513043,-0.044054,0.565596,0.530966,-0.034546,0.524638,0.485815,-0.046792,0.575730,0.468094,-0.049068,0.561719,0.483515,-0.034870,0.542895,0.499589,-0.022720
2,0.435045,0.595177,0.000000,0.482762,0.656134,-0.002793,0.539853,0.663635,-0.012370,0.581827,0.620586,-0.021882,0.600289,0.572775,-0.034663,0.572465,0.638737,-0.040817,0.651081,0.638641,-0.059724,0.699678,0.643826,-0.072047,0.737786,0.650066,-0.079955,0.564788,0.580530,-0.044597,0.649253,0.532751,-0.061552,0.701021,0.505817,-0.068155,0.737653,0.485141,-0.073534,0.547381,0.528723,-0.044874,0.607369,0.497015,-0.055909,0.590482,0.516799,-0.046145,0.567257,0.534292,-0.036677,0.525355,0.486780,-0.044869,0.575920,0.470880,-0.048841,0.562287,0.486979,-0.035455,0.543542,0.503013,-0.023323
2,0.432670,0.608851,0.000000,0.481377,0.670201,-0.000784,0.537391,0.680130,-0.009040,0.580686,0.643160,-0.017973,0.601872,0.600564,-0.029481,0.575117,0.655697,-0.036503,0.654632,0.654244,-0.055582,0.701587,0.660748,-0.068469,0.739038,0.667628,-0.076731,0.568627,0.597910,-0.041779,0.652740,0.560327,-0.057134,0.704852,0.540045,-0.064456,0.742196,0.522516,-0.070812,0.551942,0.545955,-0.043814,0.609438,0.516809,-0.052468,0.589112,0.538048,-0.042915,0.564674,0.556730,-0.034354,0.529785,0.504611,-0.045791,0.576463,0.490013,-0.048199,0.561377,0.506426,-0.035484,0.542203,0.521814,-0.024193
2,0.429559,0.601927,0.000000,0.483897,0.661246,0.004248,0.541456,0.666616,-0.003014,0.579261,0.625549,-0.011774,0.595878,0.578932,-0.023239,0.573156,0.641607,-0.034065,0.654625,0.637908,-0.052258,0.702354,0.642646,-0.064091,0.739433,0.647383,-0.071204,0.567239,0.584787,-0.041147,0.653380,0.545327,-0.053583,0.706211,0.523792,-0.057930,0.743446,0.504468,-0.062352,0.550879,0.534580,-0.044515,0.610666,0.505732,-0.047792,0.593066,0.527341,-0.034621,0.569461,0.544679,-0.024667,0.527959,0.494122,-0.047814,0.576731,0.477326,-0.044705,0.564563,0.493446,-0.028569,0.546227,0.508227,-0.015634
2,0.427750,0.601414,0.000000,0.482023,0.662176,0.005051,0.539006,0.669539,-0.001220,0.578062,0.628633,-0.009037,0.596149,0.582466,-0.019543,0.573339,0.641138,-0.031828,0.654518,0.634455,-0.047642,0.701595,0.636501,-0.057374,0.738112,0.638933,-0.063059,0.567508,0.582323,-0.038865,0.653863,0.544230,-0.049949,0.705205,0.523170,-0.053308,0.740830,0.504022,-0.056735,0.550660,0.532123,-0.042058,0.609170,0.506152,-0.045351,0.589577,0.528687,-0.033077,0.565416,0.546080,-0.023448,0.526833,0.492691,-0.044917,0.575005,0.478610,-0.041747,0.561634,0.495421,-0.025838,0.542787,0.510293,-0.012918
2,0.426415,0.602585,0.000000,0.481204,0.663228,0.007796,0.537721,0.673199,0.002553,0.577391,0.633295,-0.004485,0.596040,0.588435,-0.013800,0.571853,0.644106,-0.029670,0.653747,0.636858,-0.045774,0.701305,0.638739,-0.056270,0.737770,0.641059,-0.062540,0.565792,0.586304,-0.037418,0.654258,0.551155,-0.049000,0.706993,0.533259,-0.052643,0.742913,0.515946,-0.056200,0.549220,0.535804,-0.041013,0.609260,0.512307,-0.042073,0.591074,0.534500,-0.027265,0.566984,0.551122,-0.016207,0.525648,0.494852,-0.044305,0.576070,0.482141,-0.038282,0.563050,0.498362,-0.020180,0.543418,0.512681,-0.005913
2,0.431723,0.586225,0.000000,0.478078,0.651387,-0.005227,0.531240,0.668034,-0.015518,0.570798,0.623877,-0.025651,0.588886,0.576467,-0.038502,0.574106,0.631669,-0.038860,0.654073,0.628243,-0.057622,0.700244,0.629174,-0.070909,0.736339,0.631949,-0.079381,0.566705,0.573157,-0.042046,0.650767,0.543119,-0.056814,0.703419,0.526178,-0.063855,0.740974,0.510148,-0.069830,0.548794,0.522586,-0.042389,0.606366,0.503244,-0.050841,0.587459,0.525645,-0.041562,0.562357,0.542337,-0.033064,0.526036,0.480914,-0.043006,0.575311,0.472140,-0.044939,0.561586,0.488905,-0.031334,0.541489,0.503005,-0.019536
2,0.430663,0.577265,0.000000,0.477196,0.643197,-0.000426,0.532047,0.655793,-0.009425,0.572718,0.614647,-0.018594,0.591430,0.567644,-0.030267,0.566618,0.625958,-0.041737,0.649744,0.633179,-0.061812,0.697832,0.640059,-0.074109,0.735298,0.648648,-0.081422,0.563807,0.566197,-0.045576,0.653597,0.536302,-0.062224,0.707281,0.521231,-0.068108,0.744409,0.507761,-0.072768,0.549315,0.513241,-0.045336,0.609974,0.496438,-0.052268,0.590724,0.516721,-0.037904,0.565833,0.529264,-0.025762,0.528018,0.469184,-0.045070,0.579600,0.463083,-0.044181,0.565059,0.477654,-0.026715,0.544905,0.486984,-0.011998
2,0.432809,0.570669,0.000000,0.471518,0.643632,-0.001961,0.527721,0.660390,-0.009570,0.569542,0.616077,-0.016229,0.588797,0.568709,-0.025044,0.563214,0.626819,-0.042148,0.645927,0.641201,-0.060548,0.694261,0.649313,-0.071808,0.731415,0.657741,-0.077890,0.563229,0.561406,-0.043975,0.652907,0.546153,-0.054850,0.706777,0.539233,-0.058381,0.745675,0.530913,-0.061776,0.551138,0.508577,-0.041994,0.610883,0.505747,-0.046507,0.592173,0.527410,-0.035926,0.567492,0.538289,-0.026626,0.532308,0.465909,-0.039769,0.581216,0.472656,-0.038373,0.567244,0.487757,-0.023481,0.548274,0.496051,-0.010656
2,0.436470,0.558735,0.000001,0.471379,0.632314,-0.007971,0.526263,0.650260,-0.018392,0.565949,0.605717,-0.027011,0.583489,0.557000,-0.037999,0.561407,0.618284,-0.048162,0.643030,0.635298,-0.067900,0.690672,0.646340,-0.079793,0.727712,0.657494,-0.086427,0.562636,0.554086,-0.048710,0.652162,0.543587,-0.062317,0.705619,0.539678,-0.067076,0.742941,0.533792,-0.070902,0.551866,0.500540,-0.045970,0.608180,0.502578,-0.053985,0.589576,0.523824,-0.044632,0.565485,0.533908,-0.035634,0.534875,0.457121,-0.043407,0.580454,0.469830,-0.044358,0.566053,0.483794,-0.030035,0.547142,0.489342,-0.017697
2,0.435183,0.554225,0.000001,0.471757,0.629104,-0.005809,0.527741,0.647613,-0.015254,0.568384,0.605741,-0.022486,0.587051,0.557677,-0.031488,0.560938,0.613367,-0.050300,0.645192,0.633281,-0.068061,0.692654,0.645195,-0.077246,0.729194,0.655840,-0.081801,0.562332,0.547474,-0.049940,0.654352,0.538143,-0.062341,0.706734,0.536222,-0.064957,0.742516,0.531760,-0.067188,0.552536,0.495498,-0.045522,0.609783,0.503318,-0.050251,0.593518,0.525978,-0.039214,0.569997,0.535837,-0.029677,0.537255,0.454305,-0.041111,0.583841,0.471621,-0.038648,0.571788,0.487539,-0.023528,0.553620,0.494223,-0.011003
2,0.435596,0.556501,0.000001,0.472073,0.630552,-0.004224,0.527787,0.648227,-0.011816,0.568489,0.604555,-0.018002,0.587163,0.557077,-0.025503,0.562883,0.614726,-0.042062,0.646466,0.633149,-0.058422,0.693315,0.644041,-0.066623,0.728871,0.654410,-0.070203,0.564554,0.549251,-0.042119,0.653802,0.538789,-0.054226,0.706039,0.537397,-0.057528,0.742356,0.534280,-0.059472,0.554458,0.497764,-0.038444,0.608549,0.501937,-0.043427,0.590516,0.522534,-0.032987,0.567804,0.530826,-0.022940,0.538262,0.455990,-0.034745,0.582171,0.470388,-0.031782,0.568522,0.484249,-0.016410,0.550567,0.490042,-0.003132
2,0.439234,0.554927,0.000001,0.474137,0.628116,-0.007199,0.528287,0.646933,-0.015804,0.567630,0.605125,-0.022328,0.585065,0.557454,-0.030523,0.564471,0.613296,-0.044867,0.645064,0.633691,-0.061571,0.692420,0.645047,-0.070340,0.728507,0.655234,-0.074508,0.566866,0.548402,-0.044134,0.653709,0.540660,-0.055852,0.705612,0.538413,-0.059078,0.741107,0.534071,-0.061228,0.557040,0.497203,-0.040013,0.609074,0.506598,-0.046269,0.592613,0.526375,-0.037343,0.570337,0.533518,-0.028358,0.541368,0.455712,-0.035970,0.583754,0.474314,-0.034923,0.570769,0.487229,-0.020849,0.553099,0.490913,-0.008492
2,0.435048,0.558721,0.000001,0.472232,0.631327,-0.005182,0.526611,0.650868,-0.013640,0.566740,0.607939,-0.020511,0.585404,0.560886,-0.029237,0.563666,0.618950,-0.043299,0.646173,0.636107,-0.059615,0.693825,0.646140,-0.068505,0.730474,0.655906,-0.072923,0.566035,0.553558,-0.043616,0.655384,0.542656,-0.053851,0.707167,0.538848,-0.056419,0.742734,0.533980,-0.058545,0.555900,0.501626,-0.040476,0.609057,0.505255,-0.044852,0.591725,0.526388,-0.035845,0.568227,0.536364,-0.027471,0.539690,0.459179,-0.037345,0.582003,0.472311,-0.034993,0.568867,0.486590,-0.021145,0.551004,0.493508,-0.009394
2,0.439984,0.566483,0.000000,0.476614,0.640921,-0.005098,0.531470,0.660796,-0.013336,0.571253,0.618040,-0.019833,0.590538,0.572273,-0.027855,0.566912,0.626255,-0.044469,0.648912,0.643956,-0.060938,0.695230,0.654256,-0.070019,0.730670,0.664368,-0.074616,0.568086,0.561027,-0.044152,0.656622,0.551176,-0.053980,0.707500,0.549062,-0.055741,0.742719,0.545452,-0.057631,0.557421,0.510904,-0.040319,0.611723,0.516359,-0.043123,0.594815,0.538314,-0.032906,0.571431,0.547617,-0.024374,0.541076,0.470012,-0.036698,0.585417,0.485628,-0.033541,0.572554,0.499572,-0.019468,0.554082,0.505828,-0.007875
2,0.470983,0.490983,-0.000000,0.530155,0.462885,0.023415,0.570341,0.471769,0.029459,0.597105,0.508920,0.032816,0.603509,0.543126,0.036407,0.601948,0.489536,-0.004205,0.662326,0.504885,-0.012186,0.701985,0.508357,-0.016048,0.728116,0.513941,-0.016461,0.594328,0.534457,-0.012444,0.658737,0.575871,-0.019034,0.696088,0.597257,-0.020991,0.720470,0.612911,-0.021013,0.575759,0.576996,-0.015136,0.609864,0.601598,-0.007862,0.597777,0.586957,0.004875,0.583531,0.575520,0.014741,0.549990,0.606596,-0.016205,0.577903,0.619049,0.003414,0.566812,0.604090,0.024363,0.552430,0.593509,0.040415
2,0.473273,0.489686,-0.000000,0.532764,0.463144,0.022798,0.572175,0.472465,0.028357,0.598254,0.509502,0.031315,0.605763,0.542896,0.034726,0.604089,0.487156,-0.003495,0.664431,0.502822,-0.012733,0.704299,0.505054,-0.018239,0.731092,0.509017,-0.019692,0.595905,0.530720,-0.012127,0.659370,0.573581,-0.019397,0.696440,0.596418,-0.022415,0.722588,0.613279,-0.023046,0.577286,0.572812,-0.015473,0.607420,0.598231,-0.009169,0.596036,0.584031,0.003038,0.583230,0.572302,0.012858,0.551516,0.602564,-0.017288,0.577665,0.617668,0.000839,0.566472,0.603028,0.021562,0.552717,0.592458,0.037781
2,0.473087,0.487320,-0.000000,0.528267,0.455064,0.014770,0.570483,0.465236,0.016305,0.599903,0.502584,0.016070,0.607322,0.538291,0.015716,0.601565,0.475278,-0.013374,0.664057,0.488519,-0.025034,0.705133,0.491490,-0.031608,0.732661,0.495507,-0.033928,0.594105,0.517229,-0.020624,0.660464,0.559442,-0.028326,0.699310,0.582890,-0.030995,0.726564,0.599421,-0.031920,0.576543,0.559400,-0.023585,0.608903,0.587606,-0.021424,0.595061,0.573240,-0.011457,0.581206,0.560821,-0.002853,0.554018,0.591922,-0.025472,0.580728,0.607753,-0.013045,0.568104,0.593345,0.004841,0.553619,0.583664,0.019203
2,0.476346,0.489529,-0.000000,0.529198,0.460470,0.018029,0.568050,0.468345,0.020886,0.595555,0.501749,0.021430,0.602404,0.534752,0.021889,0.596345,0.478162,-0.010556,0.655200,0.496184,-0.020098,0.693745,0.502476,-0.024203,0.719101,0.508464,-0.024924,0.590950,0.519782,-0.019033,0.656856,0.561751,-0.028624,0.695396,0.583589,-0.032111,0.721687,0.597053,-0.032873,0.573854,0.561703,-0.022477,0.603533,0.591491,-0.020359,0.589308,0.580047,-0.009737,0.575847,0.568651,-0.000454,0.551451,0.594366,-0.024506,0.577665,0.612880,-0.011112,0.564605,0.600642,0.007522,0.551148,0.588891,0.022485
2,0.474334,0.487044,-0.000000,0.523954,0.451298,0.011051,0.563732,0.456762,0.011254,0.590471,0.492547,0.010317,0.596190,0.528564,0.009595,0.594342,0.472375,-0.015723,0.654502,0.483212,-0.027013,0.691384,0.488722,-0.032596,0.716645,0.496492,-0.034456,0.590794,0.516937,-0.021288,0.658270,0.552349,-0.031472,0.698342,0.571039,-0.034988,0.725921,0.583454,-0.036014,0.574832,0.559454,-0.022750,0.605070,0.587448,-0.023621,0.589087,0.574905,-0.014961,0.573666,0.563966,-0.006539,0.553415,0.592439,-0.023225,0.578501,0.609710,-0.013643,0.564556,0.595331,0.002315,0.550259,0.584517,0.015655
3,0.458594,0.461094,-0.000000,0.518095,0.436759,0.014430,0.566012,0.448978,0.018178,0.590784,0.488894,0.023200,0.594941,0.521971,0.025939,0.605013,0.454843,-0.016454,0.665828,0.462624,-0.014219,0.691820,0.463529,-0.008589,0.711116,0.468328,-0.006155,0.594653,0.509235,-0.022024,0.675691,0.521965,-0.032738,0.716008,0.521706,-0.038540,0.746870,0.525651,-0.042100,0.572824,0.553871,-0.021340,0.640955,0.579689,-0.035140,0.685130,0.584214,-0.044097,0.717644,0.588849,-0.048710,0.544360,0.586246,-0.015981,0.578905,0.587678,-0.016450,0.575875,0.565270,-0.008449,0.563468,0.549409,-0.002742
3,0.459516,0.454875,-0.000000,0.521142,0.430609,0.012445,0.570482,0.444490,0.016451,0.593368,0.483072,0.022291,0.595810,0.516132,0.025254,0.605327,0.448571,-0.021324,0.671281,0.454031,-0.022816,0.708311,0.452810,-0.020343,0.737629,0.454468,-0.019040,0.593835,0.502897,-0.025823,0.675579,0.516239,-0.032892,0.717057,0.514718,-0.035312,0.751159,0.517880,-0.037115,0.572673,0.548534,-0.024871,0.638114,0.574904,-0.036835,0.682378,0.580467,-0.045965,0.717213,0.585874,-0.051089,0.545034,0.581184,-0.019580,0.579031,0.587300,-0.018503,0.576333,0.564195,-0.009519,0.564238,0.544336,-0.003517
3,0.462690,0.459242,-0.000000,0.522171,0.428802,0.014651,0.569123,0.444291,0.020158,0.587612,0.483026,0.026535,0.588054,0.517644,0.030275,0.600096,0.454307,-0.015550,0.667813,0.460113,-0.019045,0.705492,0.456296,-0.018202,0.732294,0.454561,-0.016172,0.592444,0.503391,-0.021210,0.671757,0.521739,-0.024847,0.713803,0.524844,-0.023847,0.744217,0.530386,-0.022400,0.576929,0.545867,-0.022672,0.639210,0.571198,-0.033315,0.682194,0.579896,-0.042075,0.714243,0.588184,-0.046113,0.553237,0.577132,-0.019894,0.587346,0.583592,-0.016266,0.580019,0.561061,-0.005509,0.562215,0.541243,0.001999
3,0.462427,0.463663,-0.000000,0.519842,0.432354,0.013795,0.563774,0.447774,0.018609,0.582434,0.487138,0.025056,0.583353,0.520067,0.028607,0.600327,0.454482,-0.017193,0.666609,0.458298,-0.018840,0.702875,0.455733,-0.017362,0.730415,0.455917,-0.015981,0.591717,0.504652,-0.021831,0.673693,0.521086,-0.024363,0.714874,0.522895,-0.024523,0.746272,0.526945,-0.024850,0.574234,0.546792,-0.021761,0.638686,0.574390,-0.032431,0.683711,0.580803,-0.043165,0.717431,0.586171,-0.049312,0.549355,0.577815,-0.017054,0.583560,0.581333,-0.014846,0.577227,0.558441,-0.006230,0.560688,0.538984,-0.000754
3,0.466868,0.450832,-0.000000,0.526463,0.413754,0.015947,0.573418,0.422344,0.018992,0.605214,0.459660,0.020199,0.614747,0.493793,0.021520,0.608066,0.435031,-0.007694,0.671747,0.468641,-0.005055,0.693759,0.493956,0.004022,0.703072,0.512164,0.012093,0.600624,0.487066,-0.014116,0.664198,0.541731,-0.008296,0.677373,0.564132,0.001075,0.676969,0.573801,0.007903,0.582015,0.533242,-0.016817,0.621960,0.581265,-0.006748,0.614129,0.575553,0.002161,0.599283,0.560942,0.006797,0.556601,0.567223,-0.017930,0.578577,0.583044,-0.003433,0.570194,0.571624,0.008396,0.556467,0.556538,0.016480
3,0.457752,0.454061,-0.000000,0.525671,0.420273,0.020951,0.574115,0.430063,0.026399,0.602529,0.469660,0.029079,0.606804,0.505689,0.032012,0.611816,0.454429,-0.002677,0.657811,0.511552,0.009398,0.650131,0.529322,0.026767,0.636639,0.533414,0.038339,0.598291,0.504847,-0.010569,0.628297,0.554067,0.007859,0.609767,0.545444,0.022780,0.592712,0.530852,0.028292,0.575332,0.547467,-0.014108,0.597659,0.575970,0.006776,0.581157,0.562498,0.018271,0.565551,0.546894,0.018424,0.550775,0.579736,-0.015762,0.570090,0.592802,0.004113,0.556787,0.579324,0.016914,0.542831,0.563025,0.022207
3,0.467243,0.479184,0.000000,0.519466,0.414312,0.004346,0.570010,0.378928,-0.005746,0.624955,0.367464,-0.017669,0.657944,0.343410,-0.030503,0.628700,0.459901,-0.025663,0.707379,0.467673,-0.040234,0.756402,0.472583,-0.049079,0.792395,0.478665,-0.052367,0.621085,0.520568,-0.026765,0.693152,0.560848,-0.031215,0.733417,0.582755,-0.031657,0.758599,0.598012,-0.032776,0.598248,0.569598,-0.024312,0.632294,0.580584,-0.016729,0.616255,0.563751,-0.009446,0.593849,0.546262,-0.004924,0.570740,0.606901,-0.021875,0.598845,0.606946,-0.006503,0.585589,0.586450,0.007726,0.565179,0.572219,0.018383
3,0.468093,0.474854,0.000000,0.520535,0.410189,0.003926,0.570479,0.373391,-0.006258,0.624832,0.363068,-0.018258,0.658163,0.341624,-0.030904,0.630791,0.456224,-0.025765,0.711377,0.463657,-0.040624,0.760259,0.466776,-0.049027,0.796082,0.470960,-0.051599,0.622411,0.517493,-0.026479,0.697662,0.555562,-0.032001,0.739170,0.575925,-0.032596,0.765273,0.590053,-0.033477,0.598614,0.566467,-0.023674,0.634595,0.574993,-0.017411,0.618608,0.557218,-0.010267,0.596069,0.539578,-0.005209,0.570474,0.603371,-0.020788,0.601143,0.601324,-0.005002,0.588392,0.580279,0.009960,0.567710,0.565956,0.021243
3,0.461106,0.483096,0.000000,0.515731,0.418753,0.006571,0.566976,0.383322,-0.002528,0.620326,0.372305,-0.014377,0.653392,0.351143,-0.027483,0.629221,0.464946,-0.024383,0.709780,0.474564,-0.041503,0.759061,0.479405,-0.051974,0.795266,0.483834,-0.055590,0.619860,0.526571,-0.027728,0.696331,0.571800,-0.034296,0.739408,0.595583,-0.035339,0.767322,0.611371,-0.036222,0.595167,0.576366,-0.027648,0.633350,0.590554,-0.023308,0.616920,0.572973,-0.016052,0.594219,0.554397,-0.010223,0.566075,0.613574,-0.027350,0.599663,0.617874,-0.012776,0.586650,0.595912,0.003184,0.565114,0.580075,0.015600
3,0.462381,0.476107,0.000000,0.518426,0.409146,0.003028,0.570624,0.370219,-0.010554,0.626380,0.353564,-0.026568,0.661727,0.333489,-0.044044,0.630906,0.451468,-0.033988,0.715598,0.459341,-0.056002,0.768142,0.464609,-0.070107,0.806401,0.471320,-0.076551,0.621098,0.513882,-0.037716,0.700818,0.556665,-0.046407,0.745800,0.582225,-0.048647,0.775675,0.601534,-0.051464,0.597068,0.566341,-0.038242,0.640028,0.582492,-0.035595,0.622690,0.566257,-0.027896,0.598699,0.549813,-0.022673,0.568819,0.607688,-0.038975,0.606017,0.611988,-0.028420,0.591378,0.591815,-0.013686,0.568642,0.579106,-0.002058
3,0.448924,0.510010,0.000000,0.497618,0.441792,-0.004992,0.545585,0.400099,-0.021066,0.598601,0.384856,-0.038901,0.634666,0.370849,-0.057590,0.609892,0.473897,-0.037832,0.695785,0.471084,-0.064023,0.748965,0.469841,-0.080080,0.787096,0.470273,-0.086992,0.603834,0.536267,-0.040315,0.688617,0.571474,-0.055564,0.738660,0.590101,-0.061230,0.772872,0.603239,-0.064610,0.583044,0.590434,-0.040806,0.634262,0.601441,-0.048536,0.614950,0.581997,-0.043798,0.590871,0.565795,-0.037212,0.557103,0.634157,-0.041745,0.601351,0.638644,-0.038968,0.586352,0.618421,-0.025693,0.564175,0.605803,-0.013200
3,0.449225,0.531654,0.000000,0.492810,0.461378,-0.005882,0.539059,0.418827,-0.019391,0.590053,0.399096,-0.034425,0.624414,0.382007,-0.050308,0.600247,0.480492,-0.031970,0.681594,0.467644,-0.054459,0.730990,0.460393,-0.068801,0.767169,0.456202,-0.075135,0.599545,0.542036,-0.033488,0.682190,0.563556,-0.044566,0.730216,0.575381,-0.048963,0.763849,0.583897,-0.052293,0.583675,0.596558,-0.033700,0.634507,0.604105,-0.039866,0.615553,0.589259,-0.036634,0.591580,0.576172,-0.031840,0.562144,0.640289,-0.034410,0.605449,0.642061,-0.032309,0.590835,0.623377,-0.021139,0.568401,0.612512,-0.010639
3,0.451975,0.516186,-0.000000,0.496941,0.449984,0.011866,0.538070,0.407867,0.005023,0.585120,0.384593,-0.005340,0.617335,0.366879,-0.016686,0.598851,0.451637,-0.027469,0.678562,0.433917,-0.049722,0.729544,0.421729,-0.063598,0.764332,0.417152,-0.069610,0.600548,0.510034,-0.034998,0.688678,0.528982,-0.050253,0.739127,0.538314,-0.055029,0.772888,0.543100,-0.057739,0.587877,0.568266,-0.038110,0.642608,0.577832,-0.040389,0.622800,0.567426,-0.030399,0.598438,0.559006,-0.021326,0.566896,0.616217,-0.040460,0.612057,0.620342,-0.029557,0.597169,0.606369,-0.010541,0.574350,0.599774,0.005067
3,0.461494,0.506471,-0.000000,0.499308,0.441422,0.009123,0.540018,0.398599,0.001915,0.586973,0.371875,-0.008956,0.618279,0.351154,-0.020915,0.601928,0.433774,-0.025367,0.682833,0.413070,-0.047380,0.734109,0.402212,-0.061370,0.770448,0.397432,-0.067738,0.605604,0.489024,-0.032848,0.692743,0.508542,-0.045433,0.742786,0.519211,-0.049833,0.778223,0.524681,-0.052813,0.594646,0.546586,-0.037026,0.646347,0.561557,-0.040532,0.622710,0.553014,-0.032530,0.597757,0.545703,-0.024717,0.575970,0.597000,-0.040583,0.617998,0.605224,-0.033939,0.598743,0.591037,-0.017683,0.574681,0.585052,-0.003668
3,0.457847,0.507894,-0.000000,0.493759,0.442242,0.009358,0.536269,0.402587,0.002691,0.583306,0.379837,-0.007571,0.617254,0.369114,-0.018775,0.591375,0.429115,-0.027330,0.671378,0.407097,-0.053844,0.724309,0.393126,-0.070615,0.761705,0.385065,-0.077903,0.592908,0.479148,-0.035724,0.680114,0.502218,-0.050427,0.729154,0.516274,-0.054562,0.765195,0.523223,-0.056775,0.583074,0.534803,-0.041371,0.635977,0.555299,-0.048085,0.612366,0.550112,-0.039454,0.588415,0.543977,-0.030099,0.566609,0.585306,-0.046317,0.612640,0.597696,-0.041980,0.593851,0.586023,-0.024878,0.570124,0.581247,-0.009659
3,0.459633,0.508488,0.000000,0.496082,0.445104,0.004745,0.540747,0.407969,-0.005088,0.587459,0.384421,-0.017689,0.621607,0.375672,-0.031358,0.592802,0.435995,-0.033610,0.670555,0.414869,-0.062704,0.723065,0.400633,-0.081898,0.760454,0.391244,-0.090945,0.592469,0.486481,-0.041188,0.675397,0.517955,-0.054888,0.723155,0.536978,-0.059256,0.759563,0.547834,-0.062581,0.581055,0.541489,-0.046513,0.629643,0.567739,-0.052667,0.605049,0.562366,-0.043922,0.580857,0.554395,-0.035456,0.562998,0.591268,-0.051709,0.605303,0.607913,-0.049203,0.585662,0.597361,-0.032851,0.562576,0.591659,-0.018377
3,0.447386,0.524150,-0.000000,0.493746,0.461198,0.012407,0.542110,0.423831,0.006063,0.591366,0.400515,-0.003630,0.622981,0.382169,-0.014539,0.593100,0.461600,-0.031732,0.675449,0.445325,-0.058467,0.731177,0.434424,-0.075304,0.769778,0.428530,-0.082560,0.590130,0.515145,-0.040723,0.679216,0.551839,-0.056588,0.730258,0.575295,-0.060408,0.766591,0.590485,-0.062257,0.575399,0.571923,-0.045711,0.626146,0.597088,-0.050918,0.604892,0.589071,-0.040571,0.580865,0.579336,-0.030271,0.553558,0.620817,-0.049705,0.599198,0.638692,-0.042469,0.581701,0.622973,-0.022506,0.557792,0.613754,-0.005534
3,0.455176,0.527233,0.000000,0.497666,0.458805,0.008092,0.544661,0.422075,-0.000866,0.591805,0.400461,-0.012824,0.623474,0.382097,-0.025686,0.599933,0.458497,-0.033346,0.679828,0.439601,-0.062128,0.731910,0.428562,-0.079433,0.769028,0.420984,-0.086264,0.597076,0.509866,-0.042557,0.680975,0.548880,-0.058628,0.730818,0.573981,-0.062088,0.768573,0.589464,-0.063130,0.582200,0.564880,-0.048864,0.628330,0.593060,-0.055729,0.608777,0.589975,-0.045912,0.586980,0.581539,-0.035201,0.560347,0.613270,-0.054753,0.602962,0.634708,-0.048715,0.586781,0.622363,-0.029425,0.565157,0.613001,-0.012463
3,0.483524,0.517135,0.000000,0.521082,0.590823,-0.014338,0.570843,0.632896,-0.023154,0.620185,0.652737,-0.030810,0.652097,0.685291,-0.038920,0.628502,0.569112,-0.033529,0.705350,0.577370,-0.050488,0.750779,0.584215,-0.061057,0.786447,0.593358,-0.067143,0.628700,0.507950,-0.031406,0.701589,0.473326,-0.045371,0.748186,0.456639,-0.052597,0.782427,0.444354,-0.057217,0.613099,0.458028,-0.028234,0.639547,0.444787,-0.041334,0.616305,0.461546,-0.039042,0.592602,0.473282,-0.033436,0.591878,0.417367,-0.026050,0.606086,0.410563,-0.033249,0.588438,0.424710,-0.027523,0.571371,0.436288,-0.019595
3,0.476509,0.535452,0.000000,0.515253,0.606292,-0.007979,0.564183,0.648271,-0.013920,0.615185,0.668290,-0.019104,0.648113,0.699456,-0.024716,0.623279,0.587582,-0.029353,0.705079,0.599115,-0.043271,0.751144,0.607989,-0.051413,0.786586,0.618418,-0.055718,0.625458,0.527992,-0.028138,0.700689,0.494518,-0.038662,0.746421,0.476954,-0.042383,0.777675,0.463317,-0.045014,0.612932,0.478428,-0.025268,0.643199,0.456743,-0.031119,0.623948,0.473295,-0.024686,0.601087,0.485623,-0.018129,0.593610,0.436721,-0.023344,0.611559,0.423449,-0.023235,0.596171,0.435990,-0.014455,0.578886,0.447308,-0.005502
3,0.478497,0.528096,0.000000,0.516936,0.602567,-0.007928,0.565609,0.645913,-0.014580,0.616546,0.664846,-0.020066,0.649834,0.694978,-0.025883,0.622463,0.582168,-0.033630,0.703999,0.597145,-0.048225,0.751371,0.605986,-0.056549,0.787897,0.615687,-0.060910,0.624615,0.520195,-0.031813,0.700672,0.490839,-0.043684,0.748350,0.475748,-0.047978,0.781767,0.462952,-0.050848,0.612195,0.470336,-0.027562,0.644201,0.458089,-0.033343,0.625297,0.475962,-0.025337,0.602679,0.486137,-0.017394,0.592720,0.428647,-0.024120,0.614751,0.422470,-0.022914,0.600836,0.435734,-0.012018,0.583579,0.445741,-0.001351
3,0.468601,0.520870,0.000000,0.510970,0.595649,-0.004930,0.560958,0.642118,-0.011121,0.615039,0.663531,-0.017239,0.651187,0.695738,-0.023882,0.623333,0.578870,-0.029139,0.709130,0.592889,-0.044274,0.758530,0.604155,-0.053269,0.796398,0.616496,-0.057667,0.625147,0.516680,-0.029556,0.707158,0.485968,-0.041065,0.758904,0.469340,-0.045084,0.793566,0.455118,-0.047607,0.612306,0.464102,-0.027636,0.648053,0.442245,-0.032327,0.628155,0.458757,-0.022375,0.602940,0.470812,-0.013002,0.591756,0.419329,-0.026637,0.616848,0.406810,-0.023535,0.600866,0.418555,-0.010540,0.581313,0.429252,0.001736
3,0.461300,0.498458,0.000000,0.501684,0.588688,-0.011550,0.560008,0.645206,-0.017684,0.620324,0.672415,-0.021320,0.661451,0.707637,-0.025035,0.622226,0.571051,-0.038972,0.718608,0.584311,-0.052172,0.772774,0.596624,-0.058882,0.814981,0.609573,-0.062870,0.626076,0.500360,-0.034734,0.717900,0.465789,-0.047592,0.774610,0.452764,-0.053249,0.815768,0.442143,-0.057192,0.612068,0.441516,-0.027745,0.649458,0.426356,-0.036235,0.623245,0.447780,-0.031568,0.596682,0.463005,-0.025350,0.591850,0.393763,-0.021312,0.611869,0.392644,-0.024478,0.591204,0.407658,-0.017642,0.572744,0.421865,-0.009395
3,0.454571,0.513405,0.000000,0.495340,0.599535,-0.014541,0.552349,0.658269,-0.023834,0.614224,0.684305,-0.030892,0.654650,0.722117,-0.038275,0.621614,0.584999,-0.044427,0.721371,0.601913,-0.064969,0.778275,0.613257,-0.077396,0.821746,0.628057,-0.084577,0.624401,0.514054,-0.041299,0.723192,0.479215,-0.055822,0.782262,0.463107,-0.060992,0.823512,0.451318,-0.064685,0.609099,0.455690,-0.036403,0.653107,0.440246,-0.046958,0.626025,0.459606,-0.039780,0.597235,0.473347,-0.031469,0.586659,0.406852,-0.032796,0.614618,0.402937,-0.038505,0.593058,0.415320,-0.029839,0.572083,0.426766,-0.019567
3,0.451781,0.512350,0.000000,0.494373,0.597094,-0.013073,0.552736,0.653548,-0.022475,0.612399,0.681071,-0.029727,0.652837,0.717632,-0.037383,0.618812,0.583290,-0.047067,0.717575,0.601506,-0.068616,0.774810,0.614220,-0.081723,0.819207,0.629413,-0.089653,0.620756,0.513544,-0.044815,0.718033,0.479451,-0.062665,0.778493,0.463099,-0.069423,0.822189,0.450228,-0.074467,0.605990,0.454931,-0.040140,0.651512,0.440704,-0.052096,0.625738,0.461547,-0.043365,0.597438,0.475905,-0.034205,0.584599,0.405658,-0.036600,0.616356,0.402175,-0.042695,0.595792,0.415601,-0.032648,0.575045,0.427232,-0.021620
3,0.454549,0.510854,0.000000,0.496708,0.596904,-0.009928,0.553777,0.653068,-0.018253,0.613104,0.678765,-0.024406,0.653926,0.714268,-0.031106,0.619824,0.581338,-0.045751,0.719105,0.598494,-0.066052,0.775438,0.610811,-0.078473,0.818663,0.625473,-0.085657,0.621289,0.509603,-0.043706,0.721067,0.477393,-0.057856,0.778606,0.462423,-0.061191,0.819008,0.450332,-0.064015,0.606794,0.450517,-0.039002,0.654875,0.438507,-0.046690,0.630427,0.459446,-0.035229,0.601887,0.472657,-0.024832,0.585321,0.401758,-0.035273,0.620000,0.400513,-0.037392,0.601172,0.413588,-0.024989,0.580117,0.423631,-0.012661
4,0.458155,0.601265,0.000000,0.511408,0.682805,0.014894,0.566738,0.703604,0.019254,0.611349,0.684043,0.021944,0.637914,0.648610,0.021489,0.606620,0.678917,-0.017182,0.683129,0.709534,-0.031815,0.730575,0.730265,-0.039460,0.765879,0.750513,-0.044691,0.614431,0.622401,-0.030644,0.705954,0.629627,-0.048417,0.764119,0.635646,-0.061276,0.806120,0.644180,-0.069774,0.605971,0.567329,-0.040572,0.689778,0.558241,-0.058894,0.743250,0.551884,-0.075116,0.785371,0.549412,-0.084857,0.583575,0.513096,-0.046840,0.642712,0.477030,-0.065431,0.676979,0.448583,-0.075486,0.707228,0.430034,-0.080235
4,0.469399,0.594168,0.000000,0.519192,0.678342,0.017788,0.572380,0.703259,0.024885,0.619677,0.694288,0.031171,0.649836,0.666942,0.034828,0.607623,0.679624,-0.016910,0.682827,0.708917,-0.031150,0.730795,0.727833,-0.037803,0.764342,0.747038,-0.042281,0.612008,0.621890,-0.029552,0.701339,0.627063,-0.049744,0.759688,0.633171,-0.063491,0.799245,0.641844,-0.072189,0.601695,0.567371,-0.037850,0.685883,0.556711,-0.058190,0.741191,0.549494,-0.074873,0.783950,0.547106,-0.084494,0.580384,0.513073,-0.041871,0.634995,0.477699,-0.062218,0.667798,0.450198,-0.073746,0.696824,0.433481,-0.079275
4,0.464054,0.595308,0.000000,0.516627,0.681918,0.015576,0.569599,0.703533,0.020901,0.615400,0.686013,0.025179,0.641937,0.653220,0.026817,0.606685,0.675134,-0.017068,0.682760,0.704428,-0.032558,0.730352,0.724898,-0.040384,0.764437,0.745434,-0.045429,0.614370,0.617806,-0.029313,0.704540,0.626370,-0.048292,0.762258,0.632339,-0.060783,0.802549,0.639792,-0.068505,0.605893,0.562584,-0.037803,0.689468,0.553737,-0.056573,0.744153,0.546347,-0.071628,0.786190,0.543201,-0.080214,0.583696,0.507956,-0.042468,0.640547,0.473623,-0.061027,0.674484,0.445750,-0.070657,0.703683,0.428410,-0.074824
4,0.464737,0.599809,0.000000,0.517405,0.677909,0.011547,0.570114,0.697709,0.012364,0.612612,0.671625,0.011990,0.636848,0.632693,0.008123,0.608000,0.673723,-0.025056,0.682609,0.705853,-0.042736,0.729396,0.726989,-0.052372,0.764760,0.747382,-0.058691,0.613490,0.615850,-0.038451,0.704681,0.623380,-0.058885,0.763423,0.629195,-0.073648,0.806758,0.639671,-0.083488,0.603619,0.560704,-0.048152,0.687383,0.551058,-0.068569,0.740286,0.542054,-0.084855,0.782115,0.538849,-0.094465,0.581333,0.507138,-0.054356,0.643500,0.474396,-0.074362,0.678977,0.449740,-0.084178,0.710624,0.434829,-0.088662
4,0.492960,0.580283,0.000000,0.523073,0.664964,0.004620,0.568787,0.692747,0.001040,0.610853,0.680626,0.000077,0.640921,0.649787,-0.003718,0.607425,0.665744,-0.043002,0.678258,0.698527,-0.062706,0.728532,0.717628,-0.072823,0.766914,0.735657,-0.079103,0.608815,0.606427,-0.048391,0.700511,0.610181,-0.074639,0.762755,0.616337,-0.087443,0.804623,0.623466,-0.094780,0.600113,0.551152,-0.048435,0.683462,0.541742,-0.066572,0.732152,0.537403,-0.068828,0.764092,0.540313,-0.067243,0.583579,0.499759,-0.045817,0.645443,0.481178,-0.056667,0.679059,0.470195,-0.054163,0.704807,0.470569,-0.049308
4,0.478489,0.580062,0.000000,0.515979,0.666312,0.011084,0.564430,0.694211,0.011931,0.609928,0.681647,0.014322,0.640235,0.649519,0.014080,0.603963,0.671178,-0.036640,0.682103,0.699986,-0.053788,0.731158,0.720262,-0.061045,0.767062,0.739761,-0.065230,0.607032,0.610188,-0.043929,0.700848,0.614895,-0.070450,0.760575,0.623735,-0.082909,0.799896,0.632285,-0.089508,0.598637,0.553780,-0.045436,0.683646,0.538352,-0.064654,0.736399,0.529593,-0.069917,0.771952,0.527068,-0.070081,0.580730,0.499991,-0.043437,0.645307,0.479918,-0.056452,0.680616,0.466334,-0.057369,0.707907,0.462323,-0.054724
4,0.476505,0.586421,0.000000,0.516533,0.668765,0.010309,0.570034,0.692708,0.012177,0.617136,0.677704,0.014345,0.647638,0.645146,0.013418,0.605446,0.673776,-0.027531,0.682984,0.703734,-0.040186,0.731187,0.724262,-0.044512,0.767430,0.741076,-0.047096,0.608288,0.613496,-0.036607,0.701235,0.617495,-0.056100,0.759688,0.623606,-0.065919,0.799003,0.630767,-0.071376,0.600207,0.556470,-0.041342,0.685338,0.540819,-0.058089,0.738393,0.532516,-0.066243,0.777188,0.529734,-0.069151,0.582262,0.500945,-0.042848,0.649241,0.481638,-0.055812,0.686366,0.468013,-0.058891,0.716346,0.463451,-0.058292
4,0.482176,0.576707,0.000000,0.514481,0.663500,0.004668,0.560809,0.693693,0.002357,0.606045,0.680550,0.002237,0.636467,0.650302,-0.000447,0.604353,0.668196,-0.038395,0.679855,0.699110,-0.054933,0.729228,0.718814,-0.062786,0.765785,0.738184,-0.068001,0.608183,0.608646,-0.043603,0.700901,0.611282,-0.069642,0.761165,0.617076,-0.084427,0.801437,0.623513,-0.093170,0.599781,0.553317,-0.043333,0.680588,0.539739,-0.062766,0.729610,0.531152,-0.069200,0.761707,0.528928,-0.070304,0.581307,0.502733,-0.040174,0.640472,0.480314,-0.052931,0.672874,0.468271,-0.053447,0.697095,0.465113,-0.050637
4,0.504040,0.577700,0.000001,0.531556,0.660953,0.000866,0.574004,0.690857,-0.004577,0.616857,0.677186,-0.006761,0.646293,0.648454,-0.011483,0.610764,0.665778,-0.046545,0.682016,0.697637,-0.067482,0.731946,0.716003,-0.078504,0.768842,0.734187,-0.085618,0.609638,0.609691,-0.050904,0.701569,0.609498,-0.082601,0.764475,0.611065,-0.101062,0.806281,0.616045,-0.112050,0.599990,0.556317,-0.049451,0.678284,0.545093,-0.071913,0.726721,0.535751,-0.076174,0.757645,0.536168,-0.075092,0.584031,0.506520,-0.045407,0.641245,0.486823,-0.057747,0.670633,0.477101,-0.054547,0.693018,0.476692,-0.048993
4,0.519567,0.574493,0.000001,0.547057,0.649884,-0.007684,0.603358,0.681326,-0.022041,0.652093,0.677929,-0.031791,0.689964,0.661260,-0.045226,0.612238,0.661620,-0.071435,0.683914,0.698643,-0.101287,0.736131,0.721096,-0.120040,0.778202,0.740458,-0.132862,0.607253,0.606876,-0.076678,0.697794,0.614965,-0.110809,0.765681,0.618316,-0.131120,0.813094,0.624609,-0.145919,0.598800,0.552702,-0.076144,0.683060,0.549562,-0.098856,0.734182,0.546621,-0.101023,0.766228,0.553704,-0.101289,0.589558,0.504163,-0.073901,0.653436,0.494221,-0.088696,0.686008,0.491128,-0.084646,0.711575,0.496430,-0.079855
4,0.506765,0.570205,0.000001,0.537005,0.652790,-0.003284,0.593285,0.679418,-0.011772,0.643445,0.665997,-0.016733,0.677480,0.638940,-0.024716,0.612327,0.660255,-0.054090,0.684134,0.695762,-0.078711,0.736132,0.718115,-0.092905,0.776350,0.738281,-0.101734,0.611805,0.598613,-0.059085,0.705933,0.609896,-0.086419,0.773819,0.618125,-0.102941,0.821180,0.630069,-0.113895,0.604313,0.541815,-0.059294,0.691413,0.540323,-0.079427,0.743143,0.536941,-0.085270,0.777526,0.542025,-0.086563,0.591499,0.490446,-0.057427,0.658477,0.479777,-0.070726,0.694385,0.472370,-0.070012,0.721604,0.474942,-0.066767
4,0.502627,0.575039,0.000001,0.535574,0.660987,-0.000906,0.589828,0.687253,-0.009506,0.639304,0.675879,-0.014750,0.673391,0.651121,-0.022870,0.614719,0.664642,-0.056212,0.685467,0.696457,-0.082865,0.736820,0.717300,-0.097768,0.776323,0.737608,-0.107292,0.612712,0.604788,-0.062511,0.706649,0.609556,-0.096510,0.774720,0.615621,-0.115835,0.821725,0.625683,-0.128094,0.602700,0.548062,-0.063192,0.686423,0.539770,-0.087956,0.734848,0.533744,-0.093032,0.765523,0.537740,-0.092785,0.586232,0.495906,-0.061411,0.651107,0.479529,-0.077399,0.683704,0.470822,-0.076062,0.709186,0.471933,-0.071739
4,0.472989,0.501950,-0.000000,0.531462,0.446791,0.010985,0.578567,0.439916,0.014532,0.615152,0.462124,0.018021,0.635054,0.485892,0.019225,0.620936,0.464634,-0.023297,0.692372,0.449010,-0.034323,0.735967,0.436144,-0.037563,0.768668,0.428802,-0.039021,0.615562,0.521807,-0.031234,0.702520,0.529633,-0.043047,0.752261,0.533566,-0.046412,0.789674,0.533716,-0.049443,0.602098,0.569192,-0.036186,0.673860,0.599232,-0.051493,0.716394,0.611402,-0.061069,0.749695,0.614680,-0.066238,0.582060,0.606940,-0.038024,0.629804,0.648320,-0.048720,0.655859,0.671275,-0.052609,0.679042,0.682475,-0.054794
4,0.469608,0.504670,-0.000000,0.531500,0.456668,0.010481,0.580221,0.454536,0.012688,0.615319,0.485663,0.014588,0.632819,0.514654,0.015144,0.619168,0.469963,-0.023203,0.692156,0.455308,-0.034560,0.736495,0.444149,-0.037465,0.769976,0.439450,-0.038495,0.614314,0.526111,-0.031295,0.701474,0.534687,-0.044945,0.752284,0.539792,-0.047718,0.790023,0.541478,-0.049356,0.600744,0.574344,-0.036473,0.671937,0.603374,-0.051809,0.714303,0.615527,-0.058704,0.746310,0.619582,-0.061268,0.580216,0.613993,-0.038929,0.627672,0.654894,-0.046580,0.654598,0.675559,-0.047069,0.677412,0.685500,-0.046561
4,0.470162,0.506188,-0.000000,0.531014,0.456832,0.010680,0.580562,0.454401,0.013402,0.617769,0.483982,0.015858,0.637117,0.510724,0.016877,0.618391,0.468769,-0.023283,0.691952,0.452887,-0.034284,0.737533,0.441715,-0.036630,0.771829,0.436851,-0.037273,0.613152,0.525027,-0.031219,0.699576,0.534529,-0.045057,0.750471,0.540216,-0.047455,0.787821,0.542000,-0.048664,0.599819,0.572958,-0.036219,0.671297,0.604349,-0.051947,0.713281,0.617865,-0.058650,0.744670,0.622264,-0.060809,0.580428,0.611444,-0.038381,0.628773,0.653712,-0.046276,0.655247,0.675178,-0.046775,0.677286,0.685585,-0.046095
4,0.476082,0.506696,-0.000000,0.536826,0.452444,0.010176,0.586415,0.449142,0.012903,0.623218,0.478128,0.015837,0.641252,0.506218,0.017515,0.622261,0.468029,-0.023376,0.695817,0.450288,-0.034707,0.740464,0.438911,-0.037046,0.773293,0.433883,-0.037540,0.616218,0.525517,-0.031339,0.703392,0.532494,-0.046064,0.754340,0.537120,-0.049511,0.792194,0.539549,-0.050978,0.603014,0.573484,-0.036422,0.676645,0.598595,-0.052317,0.719965,0.611011,-0.059974,0.752626,0.617195,-0.062605,0.583529,0.610933,-0.038611,0.634350,0.646960,-0.047508,0.663022,0.666630,-0.049046,0.686715,0.678601,-0.048744
4,0.478840,0.510479,-0.000000,0.537712,0.453735,0.007936,0.590057,0.450570,0.010002,0.628836,0.477255,0.012197,0.651347,0.503628,0.011898,0.624687,0.470474,-0.026800,0.699735,0.457323,-0.043220,0.749159,0.447050,-0.049998,0.786633,0.443146,-0.053515,0.618581,0.527165,-0.035918,0.707253,0.533900,-0.054359,0.763151,0.540041,-0.064274,0.806106,0.546568,-0.070835,0.606240,0.573760,-0.042398,0.686316,0.594449,-0.064189,0.735420,0.606700,-0.080739,0.773265,0.614548,-0.089651,0.589826,0.610301,-0.045619,0.647011,0.639328,-0.063705,0.680935,0.656511,-0.073417,0.710727,0.667807,-0.078746
4,0.477005,0.512105,-0.000000,0.537112,0.461633,0.010997,0.591285,0.453252,0.014715,0.635163,0.471191,0.018978,0.663998,0.487559,0.020425,0.629317,0.465423,-0.029405,0.706096,0.449559,-0.042407,0.753275,0.438589,-0.045713,0.789555,0.436565,-0.047769,0.623474,0.522146,-0.037926,0.709994,0.526029,-0.057709,0.761989,0.531664,-0.065952,0.802245,0.539276,-0.071445,0.608826,0.568701,-0.042758,0.685459,0.595502,-0.067220,0.732816,0.609986,-0.083557,0.770369,0.619598,-0.092014,0.589177,0.606904,-0.043284,0.643883,0.642276,-0.067144,0.678451,0.661409,-0.079578,0.709951,0.673215,-0.086100
4,0.484226,0.501776,-0.000000,0.542591,0.446209,0.012654,0.595710,0.442779,0.018047,0.636877,0.467818,0.023473,0.659015,0.495594,0.025877,0.628862,0.460887,-0.022793,0.700900,0.450235,-0.033031,0.746775,0.440924,-0.034671,0.781956,0.438033,-0.035903,0.622393,0.518350,-0.032808,0.713249,0.525615,-0.048686,0.766651,0.531373,-0.056580,0.809525,0.536692,-0.062160,0.609299,0.565953,-0.039317,0.689701,0.589703,-0.060621,0.739128,0.602790,-0.077272,0.778434,0.610161,-0.086597,0.591742,0.603801,-0.041620,0.647882,0.634285,-0.060834,0.681099,0.655622,-0.071891,0.711593,0.669049,-0.078631
4,0.483265,0.503831,-0.000000,0.541881,0.444034,0.014641,0.596381,0.437055,0.020777,0.639898,0.458916,0.026982,0.663648,0.485302,0.029631,0.633741,0.458213,-0.022937,0.702748,0.446924,-0.029276,0.744864,0.437491,-0.027699,0.778206,0.435882,-0.027895,0.626757,0.517345,-0.032899,0.714756,0.519953,-0.046994,0.766326,0.523788,-0.054251,0.809486,0.528721,-0.060634,0.611714,0.566695,-0.038653,0.689427,0.592671,-0.060661,0.738714,0.605382,-0.078721,0.778075,0.610940,-0.089494,0.592870,0.606093,-0.039501,0.648122,0.636411,-0.061644,0.682162,0.657145,-0.075326,0.713945,0.668863,-0.084188
5,0.476983,0.485885,-0.000000,0.530812,0.407425,-0.000439,0.588534,0.371602,-0.010145,0.642798,0.354134,-0.020210,0.683977,0.330914,-0.033792,0.645759,0.458109,-0.037429,0.732884,0.453790,-0.050447,0.782794,0.452443,-0.054508,0.821101,0.455336,-0.057487,0.641037,0.522813,-0.044766,0.743332,0.540370,-0.064783,0.800687,0.550943,-0.074212,0.844917,0.557287,-0.080111,0.623896,0.573393,-0.048871,0.712663,0.603927,-0.068847,0.766637,0.624240,-0.081978,0.809259,0.634578,-0.088807,0.598494,0.613782,-0.050679,0.663130,0.658316,-0.064123,0.700593,0.685699,-0.068853,0.734411,0.701967,-0.070886
5,0.473599,0.505762,0.000000,0.524400,0.419078,-0.009940,0.580944,0.374562,-0.025835,0.637756,0.357916,-0.040374,0.682978,0.338602,-0.056807,0.644193,0.473584,-0.047277,0.736394,0.463614,-0.067324,0.788967,0.459894,-0.076178,0.828832,0.460727,-0.080737,0.637807,0.541235,-0.050967,0.741437,0.557913,-0.073592,0.799702,0.567662,-0.082765,0.841701,0.577153,-0.087916,0.619355,0.591864,-0.053099,0.711490,0.617938,-0.074491,0.766881,0.633737,-0.087070,0.809026,0.643851,-0.093097,0.593208,0.631040,-0.053984,0.659281,0.676848,-0.067466,0.698109,0.700595,-0.072188,0.731896,0.716204,-0.073770
5,0.472322,0.526227,0.000000,0.513350,0.440238,-0.020059,0.567869,0.389890,-0.039996,0.624064,0.370935,-0.056571,0.666611,0.345783,-0.074227,0.635609,0.485085,-0.056928,0.727113,0.459803,-0.080299,0.780193,0.447771,-0.091617,0.820938,0.441629,-0.097646,0.633525,0.553737,-0.057189,0.734747,0.562763,-0.081669,0.795809,0.569818,-0.093060,0.841163,0.577492,-0.099758,0.618187,0.606082,-0.056502,0.706233,0.623449,-0.078297,0.761444,0.636571,-0.090472,0.803226,0.644926,-0.096530,0.596579,0.646973,-0.055725,0.661441,0.681908,-0.069614,0.698686,0.702001,-0.073763,0.729598,0.716359,-0.074914
5,0.485545,0.512079,0.000000,0.517893,0.422325,-0.024619,0.566406,0.365183,-0.047539,0.617759,0.341849,-0.066379,0.659672,0.318444,-0.086286,0.640976,0.453495,-0.064992,0.730077,0.416710,-0.094338,0.782985,0.397027,-0.110417,0.825264,0.383659,-0.119339,0.643205,0.524144,-0.065317,0.744381,0.519919,-0.092038,0.808507,0.519445,-0.106092,0.859026,0.521957,-0.115303,0.632693,0.580233,-0.065436,0.720976,0.585055,-0.089497,0.777784,0.589524,-0.104020,0.822291,0.592199,-0.112373,0.615859,0.623616,-0.065961,0.679443,0.654339,-0.084078,0.718240,0.671040,-0.091231,0.752110,0.681254,-0.094530
5,0.481406,0.524998,0.000000,0.511190,0.430197,-0.019597,0.558337,0.368484,-0.040515,0.610374,0.338873,-0.057586,0.651194,0.307811,-0.075593,0.637028,0.447705,-0.062028,0.726230,0.410382,-0.087358,0.777270,0.389686,-0.098954,0.817112,0.375285,-0.104780,0.641387,0.520230,-0.062893,0.744610,0.509652,-0.088820,0.806812,0.503840,-0.100595,0.854425,0.501300,-0.107434,0.633487,0.579452,-0.062612,0.725474,0.577172,-0.086339,0.783267,0.577665,-0.099259,0.827033,0.576732,-0.105549,0.618329,0.626725,-0.061864,0.687509,0.653388,-0.077461,0.727909,0.667422,-0.082506,0.761582,0.674239,-0.084034
5,0.472744,0.529557,0.000000,0.509392,0.436459,-0.016587,0.562698,0.382555,-0.033366,0.619844,0.359746,-0.046647,0.664834,0.339361,-0.060354,0.640867,0.471991,-0.053014,0.735590,0.448863,-0.076050,0.789682,0.438014,-0.086517,0.831723,0.433885,-0.091878,0.641960,0.544867,-0.054579,0.746667,0.551891,-0.075578,0.807096,0.558015,-0.084309,0.852260,0.565740,-0.089492,0.627725,0.604494,-0.055692,0.720784,0.620673,-0.076246,0.776542,0.630680,-0.088551,0.817992,0.637840,-0.095143,0.605313,0.651077,-0.056463,0.668416,0.693514,-0.072512,0.707084,0.716931,-0.080125,0.740618,0.732799,-0.083633
5,0.473379,0.514516,0.000000,0.514093,0.422330,-0.013747,0.568759,0.365441,-0.031099,0.626189,0.341362,-0.045620,0.671131,0.318517,-0.060842,0.643358,0.456107,-0.054913,0.738579,0.434081,-0.076329,0.792575,0.421649,-0.084723,0.833934,0.415437,-0.088743,0.643185,0.529762,-0.057386,0.748764,0.531686,-0.079972,0.810767,0.535454,-0.088976,0.856337,0.541850,-0.094299,0.629307,0.588849,-0.058375,0.723842,0.599645,-0.079237,0.781536,0.608864,-0.090549,0.824081,0.614597,-0.096154,0.607514,0.635753,-0.058544,0.675373,0.673256,-0.071871,0.716241,0.693695,-0.076903,0.750353,0.706491,-0.078827
5,0.471130,0.511394,0.000000,0.511423,0.416725,-0.011792,0.568300,0.363227,-0.026840,0.628361,0.343814,-0.038844,0.673993,0.319340,-0.051730,0.645856,0.455576,-0.053153,0.740876,0.429067,-0.074409,0.794943,0.415625,-0.083035,0.836531,0.408372,-0.087159,0.644342,0.529910,-0.055505,0.750571,0.533744,-0.077925,0.812521,0.537902,-0.086427,0.858617,0.543636,-0.091269,0.629259,0.589547,-0.056257,0.724228,0.602896,-0.077215,0.783211,0.612717,-0.088682,0.827374,0.618293,-0.094268,0.607257,0.635901,-0.055943,0.674521,0.675772,-0.069518,0.715853,0.696156,-0.074840,0.750844,0.708039,-0.076939
5,0.471086,0.508553,0.000000,0.512346,0.412553,-0.009633,0.570721,0.358469,-0.022337,0.630472,0.341699,-0.033183,0.674892,0.319705,-0.045071,0.648439,0.449444,-0.043964,0.742472,0.424547,-0.062097,0.796787,0.412728,-0.069921,0.838084,0.406753,-0.074068,0.648205,0.523662,-0.047726,0.752322,0.527368,-0.065372,0.813249,0.532110,-0.073219,0.857696,0.538629,-0.078781,0.633125,0.583564,-0.050363,0.729138,0.596731,-0.068393,0.787168,0.605255,-0.080745,0.830263,0.609378,-0.087935,0.609708,0.632760,-0.052064,0.677192,0.673203,-0.064249,0.717889,0.693352,-0.070354,0.752661,0.705145,-0.073726
5,0.466828,0.506730,0.000000,0.509089,0.411920,-0.011131,0.567980,0.356454,-0.025675,0.628732,0.335024,-0.037711,0.674619,0.309573,-0.050752,0.645172,0.447322,-0.051259,0.742637,0.420220,-0.071616,0.797848,0.407832,-0.079788,0.840254,0.401372,-0.083932,0.644763,0.523667,-0.054456,0.752426,0.524055,-0.075417,0.815070,0.527403,-0.084046,0.861955,0.532628,-0.089628,0.630903,0.585146,-0.056129,0.728436,0.595402,-0.076486,0.787704,0.603800,-0.088677,0.832432,0.607854,-0.095343,0.609988,0.633123,-0.056738,0.678293,0.670582,-0.070639,0.719637,0.690710,-0.076792,0.755089,0.702654,-0.079841
5,0.468392,0.505470,0.000000,0.510509,0.408934,-0.010315,0.568252,0.353464,-0.024848,0.629339,0.331112,-0.036596,0.675767,0.305389,-0.049241,0.645379,0.444294,-0.053663,0.743031,0.418037,-0.074366,0.798121,0.404731,-0.081966,0.840796,0.397775,-0.085365,0.645003,0.520877,-0.056186,0.753147,0.521622,-0.078737,0.816029,0.524299,-0.086648,0.863419,0.528995,-0.091043,0.630899,0.581886,-0.056710,0.728854,0.593343,-0.078314,0.788000,0.601074,-0.089486,0.832596,0.604496,-0.094484,0.609714,0.628704,-0.055850,0.678932,0.667568,-0.069103,0.720247,0.688222,-0.073876,0.754942,0.701045,-0.075534
5,0.466291,0.504842,0.000000,0.511286,0.406953,-0.013987,0.571654,0.353256,-0.030549,0.634448,0.332597,-0.043926,0.683137,0.305199,-0.058589,0.645779,0.444543,-0.060393,0.746189,0.425399,-0.083865,0.805675,0.415194,-0.092716,0.852107,0.410248,-0.096948,0.643670,0.522390,-0.063261,0.755250,0.528834,-0.090224,0.823942,0.535016,-0.101573,0.876738,0.543812,-0.108156,0.629818,0.583701,-0.064239,0.731539,0.598628,-0.090734,0.796772,0.608429,-0.106604,0.846583,0.614396,-0.114405,0.610012,0.630144,-0.063835,0.682979,0.671903,-0.081303,0.725135,0.697797,-0.089463,0.760596,0.716847,-0.093508
5,0.469509,0.496527,0.000000,0.513266,0.398300,-0.009793,0.571661,0.342717,-0.025891,0.634528,0.324399,-0.038845,0.683799,0.300623,-0.053330,0.647642,0.436662,-0.062291,0.749845,0.415481,-0.087603,0.810467,0.403725,-0.097667,0.858313,0.397555,-0.102176,0.644075,0.515116,-0.066204,0.759099,0.526893,-0.095128,0.828557,0.535375,-0.106873,0.882707,0.545670,-0.112932,0.628823,0.577676,-0.067219,0.732155,0.595740,-0.093788,0.796663,0.610477,-0.107532,0.846139,0.622290,-0.113203,0.608347,0.624645,-0.066252,0.684406,0.664636,-0.082199,0.726620,0.689713,-0.086872,0.761459,0.710618,-0.087751
5,0.489720,0.529131,0.000000,0.519941,0.619354,-0.009065,0.566611,0.672767,-0.015048,0.617765,0.704745,-0.019103,0.652349,0.738712,-0.025101,0.635290,0.603920,-0.032279,0.711677,0.635518,-0.044961,0.757428,0.656415,-0.052104,0.794863,0.671193,-0.058107,0.643303,0.545773,-0.036130,0.730298,0.551827,-0.051393,0.784439,0.555307,-0.063395,0.825217,0.558733,-0.073211,0.636324,0.492578,-0.038497,0.715435,0.486440,-0.054392,0.766349,0.484264,-0.066532,0.805108,0.483258,-0.075100,0.616686,0.446562,-0.040161,0.679132,0.430844,-0.057328,0.717259,0.420811,-0.066395,0.751252,0.415254,-0.071308
5,0.490817,0.538230,0.000000,0.519087,0.625003,-0.010857,0.563587,0.677877,-0.018950,0.615342,0.708770,-0.024517,0.651567,0.743882,-0.031529,0.633759,0.614495,-0.034996,0.713705,0.644766,-0.048399,0.759155,0.664612,-0.055411,0.796095,0.679955,-0.060830,0.641964,0.555858,-0.037466,0.730193,0.562977,-0.052636,0.785608,0.567284,-0.063212,0.827371,0.570693,-0.071624,0.635641,0.501376,-0.038731,0.715516,0.495143,-0.053706,0.766105,0.492559,-0.065150,0.804699,0.491308,-0.073221,0.617721,0.454035,-0.039413,0.680510,0.438160,-0.054861,0.718631,0.430213,-0.063498,0.751962,0.426943,-0.068270
5,0.488034,0.532837,0.000000,0.518992,0.619810,-0.008039,0.564281,0.672191,-0.014899,0.616570,0.703649,-0.020130,0.651958,0.738204,-0.027023,0.633024,0.605438,-0.032927,0.713084,0.635561,-0.046479,0.759180,0.656449,-0.053559,0.796233,0.672563,-0.059033,0.641111,0.546335,-0.037297,0.730764,0.552571,-0.053294,0.785358,0.556988,-0.064105,0.826019,0.560371,-0.072580,0.634826,0.493019,-0.040102,0.715768,0.484606,-0.055341,0.766960,0.482556,-0.065249,0.805480,0.481850,-0.072180,0.616550,0.447211,-0.042297,0.680981,0.428820,-0.057660,0.719204,0.418374,-0.064758,0.751818,0.413024,-0.068234
5,0.487271,0.525666,0.000000,0.517294,0.614280,-0.008164,0.564341,0.668921,-0.013075,0.616107,0.700449,-0.016146,0.653153,0.731333,-0.021001,0.635641,0.600510,-0.031242,0.715180,0.631308,-0.043387,0.760844,0.651592,-0.049856,0.797794,0.667462,-0.055158,0.643135,0.542677,-0.034926,0.731631,0.546585,-0.050481,0.785465,0.551458,-0.062096,0.826222,0.557220,-0.071473,0.635824,0.489484,-0.037029,0.717139,0.479123,-0.052700,0.768232,0.477871,-0.063933,0.807058,0.478100,-0.071784,0.616132,0.442685,-0.038437,0.679368,0.422379,-0.053858,0.717438,0.412354,-0.061511,0.750870,0.407522,-0.065584
5,0.485000,0.529697,0.000000,0.516775,0.618364,-0.008970,0.562416,0.670331,-0.016183,0.615475,0.702246,-0.021465,0.652140,0.736712,-0.028068,0.633923,0.604379,-0.031380,0.714175,0.636807,-0.043908,0.760167,0.656661,-0.050791,0.797248,0.671778,-0.056190,0.642605,0.544369,-0.034570,0.732060,0.552246,-0.049520,0.786695,0.556701,-0.060077,0.827477,0.559745,-0.068346,0.636440,0.490417,-0.036307,0.717210,0.483524,-0.049992,0.768663,0.482988,-0.059577,0.807580,0.483274,-0.066509,0.618091,0.444854,-0.037573,0.681249,0.427746,-0.051288,0.719812,0.419189,-0.057818,0.752606,0.415003,-0.061001
5,0.488617,0.525786,0.000000,0.519659,0.616522,-0.007138,0.564361,0.671168,-0.013161,0.616223,0.703131,-0.017509,0.652613,0.735965,-0.023741,0.634647,0.603479,-0.032309,0.715262,0.633006,-0.045144,0.761410,0.652455,-0.051712,0.798274,0.667102,-0.056829,0.642192,0.543499,-0.036495,0.732255,0.549269,-0.052159,0.787010,0.552905,-0.063006,0.827914,0.556675,-0.071675,0.635416,0.489116,-0.038966,0.716522,0.481035,-0.054299,0.767981,0.478546,-0.064685,0.806753,0.477763,-0.071927,0.616870,0.442124,-0.040604,0.681585,0.424112,-0.056192,0.720121,0.413711,-0.063675,0.753354,0.408307,-0.067407
5,0.489279,0.527104,0.000000,0.519434,0.617570,-0.008099,0.565513,0.670173,-0.014242,0.618627,0.700380,-0.018514,0.654437,0.734059,-0.024486,0.634957,0.600971,-0.031070,0.714329,0.630616,-0.043299,0.760383,0.650985,-0.049665,0.797388,0.665913,-0.054788,0.643080,0.541097,-0.034535,0.732756,0.548014,-0.048596,0.787391,0.552809,-0.058733,0.828103,0.556930,-0.066854,0.636453,0.487304,-0.036548,0.717792,0.480120,-0.051030,0.768535,0.478428,-0.061799,0.806794,0.478169,-0.069311,0.617807,0.441372,-0.037792,0.681069,0.424549,-0.053149,0.718842,0.414863,-0.061136,0.751512,0.410108,-0.065198
